entity_id,prompt,response,task,source,word_count
centaur_001,PENCIL,SCENARIO: PENCIL,AUT,centaur,2
centaur_001,Develop as many design ideas as you can to help people with mobility impairments navigate stairs.,SCENARIO: help people with mobility impairments navigate stairs.,Design,centaur,8
centaur_001,Develop as many design ideas as you can to assist people with memory impairments remember important tasks.,SCENARIO: assist people with memory impairments remember important tasks.,Design,centaur,9
centaur_001,pen-paper-story,SCENARIO: pen-paper-story,Story,centaur,2
centaur_001,You are introduced to a robot that can learn and think like humans. What scientific questions could you ask about this?,SCENARIO: You are introduced to a robot that can learn and think like humans. What scientific questions could you ask about this?,SCTT-ResearchQuestion,centaur,22
centaur_001,BRICK,SCENARIO: BRICK,AUT,centaur,2
centaur_001,You notice that the water in one lake is warmer than the water in another lake even though they both get the same amount of sunlight. What hypotheses do you have about why that is?,SCENARIO: You notice that the water in one lake is warmer than the water in another lake even though they both get the same amount of sunlight. What hypotheses do you have about why that is?,SCTT-Hypothesis,centaur,36
centaur_001,You look outside one night and see stars disappearing one by one from the sky. What hypotheses do you have about why that is?,SCENARIO: You look outside one night and see stars disappearing one by one from the sky. What hypotheses do you have about why that is?,SCTT-Hypothesis,centaur,25
centaur_001,You travel on a spaceship to a new planet outside of our galaxy. What scientific questions could you ask about this planet?,SCENARIO: You travel on a spaceship to a new planet outside of our galaxy. What scientific questions could you ask about this planet?,SCTT-ResearchQuestion,centaur,23
centaur_001,Develop as many design ideas as you can to increase the use of renewable energy sources.,SCENARIO: increase the use of renewable energy sources.,Design,centaur,8
centaur_001,BUCKET,SCENARIO: BUCKET,AUT,centaur,2
centaur_001,mirror-face-reflection,SCENARIO: mirror-face-reflection,Story,centaur,2
centaur_001,key-door-lock,SCENARIO: key-door-lock,Story,centaur,2
centaur_001,bridge-river-cross,SCENARIO: bridge-river-cross,Story,centaur,2
centaur_001,Develop as many design ideas as you can to reduce traffic congestion in mega cities.,SCENARIO: reduce traffic congestion in mega cities.,Design,centaur,7
centaur_001,KNIFE,SCENARIO: KNIFE,AUT,centaur,2
centaur_002,You travel on a spaceship to a new planet outside of our galaxy. What scientific questions could you ask about this planet?,How many stars would be visible at night? Does this planet contain any life?,SCTT-ResearchQuestion,centaur,14
centaur_002,You are introduced to a robot that can learn and think like humans. What scientific questions could you ask about this?,Can it feel emotions like humans do?,SCTT-ResearchQuestion,centaur,7
centaur_002,Develop as many design ideas as you can to assist people with memory impairments remember important tasks.,A mobile app.,Design,centaur,3
centaur_002,bridge-river-cross,You cross over the river using a bridge.,Story,centaur,8
centaur_002,PENCIL,To measure distances.,AUT,centaur,3
centaur_002,pen-paper-story,The pen writes on paper to tell its story.,Story,centaur,9
centaur_002,Develop as many design ideas as you can to increase the use of renewable energy sources.,Make solar panels more affordable.,Design,centaur,5
centaur_002,mirror-face-reflection,In the mirror you see your face reflected back.,Story,centaur,9
centaur_002,You look outside one night and see stars disappearing one by one from the sky. What hypotheses do you have about why that is?,It's caused by pollution.,SCTT-Hypothesis,centaur,4
centaur_002,Develop as many design ideas as you can to reduce traffic congestion in mega cities.,Build a metro system.,Design,centaur,4
centaur_002,BUCKET,To collect rainwater.,AUT,centaur,3
centaur_002,Develop as many design ideas as you can to help people with mobility impairments navigate stairs.,An escalator,Design,centaur,2
centaur_002,BRICK,A brick oven.,AUT,centaur,3
centaur_002,KNIFE,As a weapon.,AUT,centaur,3
centaur_002,key-door-lock,I unlock my door using a key.,Story,centaur,7
centaur_002,You notice that the water in one lake is warmer than the water in another lake even though they both get the same amount of sunlight. What hypotheses do you have about why that is?,Different types of algae live in each lake.,SCTT-Hypothesis,centaur,8
centaur_003,You look outside one night and see stars disappearing one by one from the sky. What hypotheses do you have about why that is?,,SCTT-Hypothesis,centaur,0
centaur_003,BUCKET,,AUT,centaur,0
centaur_003,bridge-river-cross,,Story,centaur,0
centaur_003,Develop as many design ideas as you can to assist people with memory impairments remember important tasks.,,Design,centaur,0
centaur_003,BRICK,,AUT,centaur,0
centaur_003,key-door-lock,,Story,centaur,0
centaur_003,Develop as many design ideas as you can to reduce traffic congestion in mega cities.,,Design,centaur,0
centaur_003,mirror-face-reflection,,Story,centaur,0
centaur_003,You notice that the water in one lake is warmer than the water in another lake even though they both get the same amount of sunlight. What hypotheses do you have about why that is?,,SCTT-Hypothesis,centaur,0
centaur_003,Develop as many design ideas as you can to help people with mobility impairments navigate stairs.,,Design,centaur,0
centaur_003,PENCIL,,AUT,centaur,0
centaur_003,KNIFE,,AUT,centaur,0
centaur_003,Develop as many design ideas as you can to increase the use of renewable energy sources.,,Design,centaur,0
centaur_003,You travel on a spaceship to a new planet outside of our galaxy. What scientific questions could you ask about this planet?,,SCTT-ResearchQuestion,centaur,0
centaur_003,pen-paper-story,,Story,centaur,0
centaur_003,You are introduced to a robot that can learn and think like humans. What scientific questions could you ask about this?,,SCTT-ResearchQuestion,centaur,0
centaur_004,Develop as many design ideas as you can to reduce traffic congestion in mega cities.,introduce traffic lights where there aren't any,Design,centaur,7
centaur_004,BRICK,build a wall around your house.,AUT,centaur,6
centaur_004,You travel on a spaceship to a new planet outside of our galaxy. What scientific questions could you ask about this planet?,How far away is it? Does life exist here?,SCTT-ResearchQuestion,centaur,9
centaur_004,key-door-lock,I lost my keys so i used my lock to unlock my door,Story,centaur,13
centaur_004,You look outside one night and see stars disappearing one by one from the sky. What hypotheses do you have about why that is?,The stars are actually alive and need space to breathe,SCTT-Hypothesis,centaur,10
centaur_004,Develop as many design ideas as you can to assist people with memory impairments remember important tasks.,set alarms on their phone every hour,Design,centaur,7
centaur_004,BUCKET,Use it as a seat,AUT,centaur,5
centaur_004,PENCIL,Use it as a weapon,AUT,centaur,5
centaur_004,You notice that the water in one lake is warmer than the water in another lake even though they both get the same amount of sunlight. What hypotheses do you have about why that is?,One lake has more trees surrounding it which provide shade,SCTT-Hypothesis,centaur,10
centaur_004,KNIFE,cut food into tiny pieces,AUT,centaur,5
centaur_004,You are introduced to a robot that can learn and think like humans. What scientific questions could you ask about this?,Can he/she experience emotion?,SCTT-ResearchQuestion,centaur,4
centaur_004,mirror-face-reflection,I looked at myself in the mirror and thought how old i was getting,Story,centaur,14
centaur_004,Develop as many design ideas as you can to increase the use of renewable energy sources.,create a solar powered car,Design,centaur,5
centaur_004,pen-paper-story,I wrote a book with my pen on paper,Story,centaur,9
centaur_004,bridge-river-cross,I crossed the bridge over the river to go home,Story,centaur,10
centaur_004,Develop as many design ideas as you can to help people with mobility impairments navigate stairs.,put elevators at each level of stairs,Design,centaur,7
centaur_005,Develop as many design ideas as you can to reduce traffic congestion in mega cities.,The government should allow self-driving cars to operate.,Design,centaur,8
centaur_005,mirror-face-reflection,"I stared at my reflection, and I realized how much I've changed over the years.",Story,centaur,15
centaur_005,You look outside one night and see stars disappearing one by one from the sky. What hypotheses do you have about why that is?,Maybe there's something wrong with your eyes.,SCTT-Hypothesis,centaur,7
centaur_005,BRICK,Use it as a base to create a unique table.,AUT,centaur,10
centaur_005,BUCKET,Make a bucket into a hat!,AUT,centaur,6
centaur_005,Develop as many design ideas as you can to help people with mobility impairments navigate stairs.,Create a stairway that has a ramp built-in.,Design,centaur,8
centaur_005,KNIFE,Use it as a tool to clean dirty shoes.,AUT,centaur,9
centaur_005,Develop as many design ideas as you can to assist people with memory impairments remember important tasks.,Program a smart home device (Alexa) to remind them of their tasks every day.,Design,centaur,14
centaur_005,bridge-river-cross,I crossed a bridge over a river to reach the other side.,Story,centaur,12
centaur_005,You notice that the water in one lake is warmer than the water in another lake even though they both get the same amount of sunlight. What hypotheses do you have about why that is?,"Maybe the first lake gets more rain, so its water level is higher.",SCTT-Hypothesis,centaur,13
centaur_005,key-door-lock,I used a key to open a door because it was locked.,Story,centaur,12
centaur_005,You travel on a spaceship to a new planet outside of our galaxy. What scientific questions could you ask about this planet?,How does life survive on such a harsh planet?,SCTT-ResearchQuestion,centaur,9
centaur_005,pen-paper-story,A person wrote a story on paper with a pen.,Story,centaur,10
centaur_005,PENCIL,Use it as a marker for a whiteboard.,AUT,centaur,8
centaur_005,You are introduced to a robot that can learn and think like humans. What scientific questions could you ask about this?,Can robots think like humans?,SCTT-ResearchQuestion,centaur,5
centaur_005,Develop as many design ideas as you can to increase the use of renewable energy sources.,Build more solar panel fields to generate power.,Design,centaur,8
centaur_006,pen-paper-story,"A person writes a note, writes their name at the bottom, then folds it up into a paper airplane. They throw it through the air towards someone else who catches it. They open it up and read the message, smiling.",Story,centaur,40
centaur_006,You notice that the water in one lake is warmer than the water in another lake even though they both get the same amount of sunlight. What hypotheses do you have about why that is?,"The first lake's water might be evaporating faster due to high winds or humidity levels, leaving less water overall compared to the other lake.",SCTT-Hypothesis,centaur,24
centaur_006,PENCIL,Use as a tool to wind long hair around to create a bun.,AUT,centaur,13
centaur_006,key-door-lock,"Someone lost their house keys, so they go to the door and unlock it. Then they lock the door behind them when they leave.",Story,centaur,24
centaur_006,Develop as many design ideas as you can to increase the use of renewable energy sources.,Offer tax breaks to businesses that switch over to clean energy sources such as solar power.,Design,centaur,16
centaur_006,Develop as many design ideas as you can to reduce traffic congestion in mega cities.,Build more bike paths and walking trails so that people can walk or ride bikes instead of driving cars.,Design,centaur,19
centaur_006,You are introduced to a robot that can learn and think like humans. What scientific questions could you ask about this?,How much information does the robot store? Does it make decisions independently?,SCTT-ResearchQuestion,centaur,12
centaur_006,Develop as many design ideas as you can to assist people with memory impairments remember important tasks.,Create a mobile app that sends reminders and alerts at certain times each day.,Design,centaur,14
centaur_006,KNIFE,A knife can be used to cut wood into pieces that will fit into a campfire.,AUT,centaur,16
centaur_006,Develop as many design ideas as you can to help people with mobility impairments navigate stairs.,Add railings along stairs so that people can hold onto something while going up or down the stairs.,Design,centaur,18
centaur_006,You travel on a spaceship to a new planet outside of our galaxy. What scientific questions could you ask about this planet?,What types of species live on the planet? Is there an atmosphere similar to Earth?,SCTT-ResearchQuestion,centaur,15
centaur_006,mirror-face-reflection,"A woman looks at her reflection in the bathroom mirror. She smiles, but her face in the mirror turns angry.",Story,centaur,20
centaur_006,bridge-river-cross,"Two friends want to cross a river to reach the other side, but it is too wide to jump across. So they build a bridge over the river to cross it.",Story,centaur,31
centaur_006,BUCKET,An empty bucket can be filled with plants to serve as a planter.,AUT,centaur,13
centaur_006,BRICK,Bricks can be stacked on top of each other to form a pathway through a garden.,AUT,centaur,16
centaur_006,You look outside one night and see stars disappearing one by one from the sky. What hypotheses do you have about why that is?,Perhaps the light pollution in the city is getting worse so people can't see the stars as well anymore.,SCTT-Hypothesis,centaur,19
centaur_007,Develop as many design ideas as you can to reduce traffic congestion in mega cities.,Use solar powered cars,Design,centaur,4
centaur_007,KNIFE,As a weapon to defend yourself,AUT,centaur,6
centaur_007,Develop as many design ideas as you can to increase the use of renewable energy sources.,Use more hydroelectricity,Design,centaur,3
centaur_007,bridge-river-cross,Two men met at a bridge over a river. They greeted each other and crossed the bridge together.,Story,centaur,18
centaur_007,PENCIL,To fix something broken,AUT,centaur,4
centaur_007,key-door-lock,A man got home and couldn't find his keys so he went back out to search for them but when he returned the door was locked so he had to stay outside all night.,Story,centaur,34
centaur_007,BRICK,To build a wall,AUT,centaur,4
centaur_007,BUCKET,To catch rainwater,AUT,centaur,3
centaur_007,You notice that the water in one lake is warmer than the water in another lake even though they both get the same amount of sunlight. What hypotheses do you have about why that is?,The first lake has blacker rocks which absorb more heat.,SCTT-Hypothesis,centaur,10
centaur_007,You look outside one night and see stars disappearing one by one from the sky. What hypotheses do you have about why that is?,Something large is blocking my view of the stars causing me not to see them.,SCTT-Hypothesis,centaur,15
centaur_007,mirror-face-reflection,A person looked into a mirror and saw their own face reflected back at them.,Story,centaur,15
centaur_007,pen-paper-story,Someone sat down and wrote a story about their life.,Story,centaur,10
centaur_007,You travel on a spaceship to a new planet outside of our galaxy. What scientific questions could you ask about this planet?,Is there gravity?,SCTT-ResearchQuestion,centaur,3
centaur_007,Develop as many design ideas as you can to help people with mobility impairments navigate stairs.,Build elevators or escalators,Design,centaur,4
centaur_007,Develop as many design ideas as you can to assist people with memory impairments remember important tasks.,Use post-it notes,Design,centaur,3
centaur_007,You are introduced to a robot that can learn and think like humans. What scientific questions could you ask about this?,Does it feel pain?,SCTT-ResearchQuestion,centaur,4
centaur_008,bridge-river-cross,The person is crossing the river with a bridge. It looks scary but she crosses it.,Story,centaur,16
centaur_008,pen-paper-story,John writes a book about his life. He tells his story through his eyes.,Story,centaur,14
centaur_008,You travel on a spaceship to a new planet outside of our galaxy. What scientific questions could you ask about this planet?,How long does it take to reach the planet?,SCTT-ResearchQuestion,centaur,9
centaur_008,Develop as many design ideas as you can to reduce traffic congestion in mega cities.,Create tunnels underground for cars.,Design,centaur,5
centaur_008,KNIFE,Use as a weapon,AUT,centaur,4
centaur_008,PENCIL,Use to clean nails,AUT,centaur,4
centaur_008,key-door-lock,He locks the door with a key so no one gets into his room.,Story,centaur,14
centaur_008,You are introduced to a robot that can learn and think like humans. What scientific questions could you ask about this?,How smart can it get?,SCTT-ResearchQuestion,centaur,5
centaur_008,You notice that the water in one lake is warmer than the water in another lake even though they both get the same amount of sunlight. What hypotheses do you have about why that is?,One has more rocks or plants in it than the other.,SCTT-Hypothesis,centaur,11
centaur_008,mirror-face-reflection,She sees her reflection on the mirror and thinks how beautiful she is.,Story,centaur,13
centaur_008,BRICK,Use as a table leg.,AUT,centaur,5
centaur_008,BUCKET,Put plants inside it and make it a garden.,AUT,centaur,9
centaur_008,Develop as many design ideas as you can to help people with mobility impairments navigate stairs.,Build escalators to climb up the stairs.,Design,centaur,7
centaur_008,You look outside one night and see stars disappearing one by one from the sky. What hypotheses do you have about why that is?,There's a big storm that's causing the stars to disappear.,SCTT-Hypothesis,centaur,10
centaur_008,Develop as many design ideas as you can to increase the use of renewable energy sources.,Make electric cars so there is less pollution.,Design,centaur,8
centaur_008,Develop as many design ideas as you can to assist people with memory impairments remember important tasks.,Have alarms remind them of things they need to do.,Design,centaur,10
centaur_009,PENCIL,A pencil can be used as a drum stick.,AUT,centaur,9
centaur_009,You are introduced to a robot that can learn and think like humans. What scientific questions could you ask about this?,How does it process information and what does it need to function properly?,SCTT-ResearchQuestion,centaur,13
centaur_009,You travel on a spaceship to a new planet outside of our galaxy. What scientific questions could you ask about this planet?,Is there life on this planet? What is the atmosphere like?,SCTT-ResearchQuestion,centaur,11
centaur_009,pen-paper-story,The person picked up their paper and pen to begin writing their story.,Story,centaur,13
centaur_009,BRICK,Bricks can be used to build structures such as houses.,AUT,centaur,10
centaur_009,You look outside one night and see stars disappearing one by one from the sky. What hypotheses do you have about why that is?,Some alien species may be taking them away.,SCTT-Hypothesis,centaur,8
centaur_009,BUCKET,Buckets can be used to hold water.,AUT,centaur,7
centaur_009,You notice that the water in one lake is warmer than the water in another lake even though they both get the same amount of sunlight. What hypotheses do you have about why that is?,Maybe there are more plants living in the warmer lake and thus they generate more heat.,SCTT-Hypothesis,centaur,16
centaur_009,key-door-lock,He tried to unlock his door but he forgot his keys.,Story,centaur,11
centaur_009,KNIFE,Knives can be used to cut food into pieces.,AUT,centaur,9
centaur_009,Develop as many design ideas as you can to increase the use of renewable energy sources.,Use solar panels on rooftops to collect energy.,Design,centaur,8
centaur_009,bridge-river-cross,The person crossed the river using the bridge.,Story,centaur,8
centaur_009,Develop as many design ideas as you can to assist people with memory impairments remember important tasks.,Use reminder apps on smart phones or set alarms to go off at certain times.,Design,centaur,15
centaur_009,Develop as many design ideas as you can to reduce traffic congestion in mega cities.,Encourage ride sharing programs to decrease the number of cars on the road.,Design,centaur,13
centaur_009,Develop as many design ideas as you can to help people with mobility impairments navigate stairs.,Install ramps along the side of staircases to allow wheelchairs to easily access the top floor.,Design,centaur,16
centaur_009,mirror-face-reflection,The person looked at themselves in the mirror.,Story,centaur,8
centaur_010,Develop as many design ideas as you can to assist people with memory impairments remember important tasks.,A smart phone app that reminds them at regular intervals.,Design,centaur,10
centaur_010,KNIFE,Use it as a saw.,AUT,centaur,5
centaur_010,You look outside one night and see stars disappearing one by one from the sky. What hypotheses do you have about why that is?,The light pollution from my city is blocking out the view of the sky.,SCTT-Hypothesis,centaur,14
centaur_010,bridge-river-cross,I cross the river through a long bridge.,Story,centaur,8
centaur_010,key-door-lock,I insert the key into the lock on the door so I can go inside my house.,Story,centaur,17
centaur_010,Develop as many design ideas as you can to help people with mobility impairments navigate stairs.,A stair lift that goes up the flight of stairs and allows them to ride up easily.,Design,centaur,17
centaur_010,You travel on a spaceship to a new planet outside of our galaxy. What scientific questions could you ask about this planet?,Does it have its own atmosphere? If not how does the ship provide us oxygen?,SCTT-ResearchQuestion,centaur,15
centaur_010,You are introduced to a robot that can learn and think like humans. What scientific questions could you ask about this?,How long did it take to develop the technology to make the robot think like humans?,SCTT-ResearchQuestion,centaur,16
centaur_010,Develop as many design ideas as you can to reduce traffic congestion in mega cities.,Build more roads to allow cars to move more quickly.,Design,centaur,10
centaur_010,You notice that the water in one lake is warmer than the water in another lake even though they both get the same amount of sunlight. What hypotheses do you have about why that is?,One lake is shallower and therefore absorbs heat faster.,SCTT-Hypothesis,centaur,9
centaur_010,BUCKET,Carry fruit in it.,AUT,centaur,4
centaur_010,pen-paper-story,I write down the story with my pencil and paper.,Story,centaur,10
centaur_010,BRICK,Break it apart and use it as pebbles.,AUT,centaur,8
centaur_010,Develop as many design ideas as you can to increase the use of renewable energy sources.,Build more wind turbines and solar panels.,Design,centaur,7
centaur_010,PENCIL,Play darts with it.,AUT,centaur,4
centaur_010,mirror-face-reflection,,Story,centaur,0
centaur_011,BUCKET,BUCKET,AUT,centaur,1
centaur_011,bridge-river-cross,bridge-river-cross,Story,centaur,1
centaur_011,pen-paper-story,pen-paper-story,Story,centaur,1
centaur_011,You look outside one night and see stars disappearing one by one from the sky. What hypotheses do you have about why that is?,You look outside one night and see stars disappearing one by one from the sky.,SCTT-Hypothesis,centaur,15
centaur_011,You notice that the water in one lake is warmer than the water in another lake even though they both get the same amount of sunlight. What hypotheses do you have about why that is?,You notice that the water in one lake is warmer than the water in another lake even though they both get the same amount of sunlight.,SCTT-Hypothesis,centaur,26
centaur_011,KNIFE,KNIFE,AUT,centaur,1
centaur_011,PENCIL,PENCIL,AUT,centaur,1
centaur_011,BRICK,BRICK,AUT,centaur,1
centaur_011,You travel on a spaceship to a new planet outside of our galaxy. What scientific questions could you ask about this planet?,You travel on a spaceship to a new planet outside of our galaxy.,SCTT-ResearchQuestion,centaur,13
centaur_011,Develop as many design ideas as you can to assist people with memory impairments remember important tasks.,assist people with memory impairments remember important tasks.,Design,centaur,8
centaur_011,Develop as many design ideas as you can to increase the use of renewable energy sources.,increase the use of renewable energy sources.,Design,centaur,7
centaur_011,Develop as many design ideas as you can to reduce traffic congestion in mega cities.,reduce traffic congestion in mega cities.,Design,centaur,6
centaur_011,key-door-lock,key-door-lock,Story,centaur,1
centaur_011,You are introduced to a robot that can learn and think like humans. What scientific questions could you ask about this?,You are introduced to a robot that can learn and think like humans.,SCTT-ResearchQuestion,centaur,13
centaur_011,Develop as many design ideas as you can to help people with mobility impairments navigate stairs.,help people with mobility impairments navigate stairs.,Design,centaur,7
centaur_011,mirror-face-reflection,mirror-face-reflection,Story,centaur,1
centaur_012,You travel on a spaceship to a new planet outside of our galaxy. What scientific questions could you ask about this planet?,Is the atmosphere hospitable to life?,SCTT-ResearchQuestion,centaur,6
centaur_012,PENCIL,A pencil can be used as a rod or tool to poke things.,AUT,centaur,13
centaur_012,Develop as many design ideas as you can to reduce traffic congestion in mega cities.,"Create more public transportation options, such as trains.",Design,centaur,8
centaur_012,You look outside one night and see stars disappearing one by one from the sky. What hypotheses do you have about why that is?,The earth is being pulled into a black hole.,SCTT-Hypothesis,centaur,9
centaur_012,KNIFE,Use it to pick up heavy objects.,AUT,centaur,7
centaur_012,Develop as many design ideas as you can to increase the use of renewable energy sources.,Install solar panels on all houses.,Design,centaur,6
centaur_012,You notice that the water in one lake is warmer than the water in another lake even though they both get the same amount of sunlight. What hypotheses do you have about why that is?,One lake has a source of heat underneath its surface.,SCTT-Hypothesis,centaur,10
centaur_012,BUCKET,"Use it to lift weights, or as a weight.",AUT,centaur,9
centaur_012,pen-paper-story,He wrote his story on paper using a pen.,Story,centaur,9
centaur_012,mirror-face-reflection,"She looked at her reflection in the mirror, looking back at herself.",Story,centaur,12
centaur_012,Develop as many design ideas as you can to help people with mobility impairments navigate stairs.,Put a chairlift beside the staircase.,Design,centaur,6
centaur_012,BRICK,Use bricks to create stepping stones.,AUT,centaur,6
centaur_012,Develop as many design ideas as you can to assist people with memory impairments remember important tasks.,Use a voice assistant device to set reminders.,Design,centaur,8
centaur_012,key-door-lock,They locked their door before going out.,Story,centaur,7
centaur_012,You are introduced to a robot that can learn and think like humans. What scientific questions could you ask about this?,How does it feel? Does it have emotions?,SCTT-ResearchQuestion,centaur,8
centaur_012,bridge-river-cross,We crossed over the river on the wooden bridge.,Story,centaur,9
centaur_013,Develop as many design ideas as you can to increase the use of renewable energy sources.,,Design,centaur,0
centaur_013,You notice that the water in one lake is warmer than the water in another lake even though they both get the same amount of sunlight. What hypotheses do you have about why that is?,,SCTT-Hypothesis,centaur,0
centaur_013,BUCKET,,AUT,centaur,0
centaur_013,Develop as many design ideas as you can to assist people with memory impairments remember important tasks.,,Design,centaur,0
centaur_013,You look outside one night and see stars disappearing one by one from the sky. What hypotheses do you have about why that is?,,SCTT-Hypothesis,centaur,0
centaur_013,bridge-river-cross,,Story,centaur,0
centaur_013,mirror-face-reflection,,Story,centaur,0
centaur_013,PENCIL,,AUT,centaur,0
centaur_013,BRICK,,AUT,centaur,0
centaur_013,You are introduced to a robot that can learn and think like humans. What scientific questions could you ask about this?,,SCTT-ResearchQuestion,centaur,0
centaur_013,Develop as many design ideas as you can to reduce traffic congestion in mega cities.,,Design,centaur,0
centaur_013,You travel on a spaceship to a new planet outside of our galaxy. What scientific questions could you ask about this planet?,,SCTT-ResearchQuestion,centaur,0
centaur_013,pen-paper-story,,Story,centaur,0
centaur_013,Develop as many design ideas as you can to help people with mobility impairments navigate stairs.,,Design,centaur,0
centaur_013,KNIFE,,AUT,centaur,0
centaur_013,key-door-lock,,Story,centaur,0
centaur_014,BUCKET,A bucket could serve as a seat when sitting around a campfire.,AUT,centaur,12
centaur_014,Develop as many design ideas as you can to help people with mobility impairments navigate stairs.,An escalator or elevator system designed for staircases.,Design,centaur,8
centaur_014,key-door-lock,The door was locked so I pulled out my keys and unlocked it.,Story,centaur,13
centaur_014,KNIFE,Knives could be used as letter openers when opening mail.,AUT,centaur,10
centaur_014,Develop as many design ideas as you can to assist people with memory impairments remember important tasks.,Create a mobile app that sends notifications throughout the day to remind them.,Design,centaur,13
centaur_014,You travel on a spaceship to a new planet outside of our galaxy. What scientific questions could you ask about this planet?,How is the gravity similar/different to Earth's? What organisms live there? Does the planet rotate on its axis?,SCTT-ResearchQuestion,centaur,18
centaur_014,PENCIL,A pencil could be used to scratch your back if needed.,AUT,centaur,11
centaur_014,mirror-face-reflection,She looked at herself in the mirror and saw her reflection looking right back at her.,Story,centaur,16
centaur_014,bridge-river-cross,People walk over the bridge across the river to the other side.,Story,centaur,12
centaur_014,BRICK,Bricks could serve as a makeshift stool or chair.,AUT,centaur,9
centaur_014,You notice that the water in one lake is warmer than the water in another lake even though they both get the same amount of sunlight. What hypotheses do you have about why that is?,It could be because the first lake has a darker surface and absorbs more heat.,SCTT-Hypothesis,centaur,15
centaur_014,You look outside one night and see stars disappearing one by one from the sky. What hypotheses do you have about why that is?,Maybe something is blocking the light from reaching us so we can't see the stars anymore.,SCTT-Hypothesis,centaur,16
centaur_014,You are introduced to a robot that can learn and think like humans. What scientific questions could you ask about this?,Is it possible for the robot to be programmed to feel emotions? Are all robots the same or different?,SCTT-ResearchQuestion,centaur,19
centaur_014,pen-paper-story,He wrote his story down on paper with a black inked pen.,Story,centaur,12
centaur_014,Develop as many design ideas as you can to increase the use of renewable energy sources.,There needs to be more investments made into research regarding clean energy.,Design,centaur,12
centaur_014,Develop as many design ideas as you can to reduce traffic congestion in mega cities.,Increase public transportation options and implement fines for driving during peak hours.,Design,centaur,12
centaur_015,PENCIL,SCENARIO: PENCIL,AUT,centaur,2
centaur_015,mirror-face-reflection,SCENARIO: mirror-face-reflection,Story,centaur,2
centaur_015,Develop as many design ideas as you can to reduce traffic congestion in mega cities.,SCENARIO: reduce traffic congestion in mega cities.,Design,centaur,7
centaur_015,You travel on a spaceship to a new planet outside of our galaxy. What scientific questions could you ask about this planet?,SCENARIO: You travel on a spaceship to a new planet outside of our galaxy. What scientific questions could you ask about this planet?,SCTT-ResearchQuestion,centaur,23
centaur_015,You are introduced to a robot that can learn and think like humans. What scientific questions could you ask about this?,SCENARIO: You are introduced to a robot that can learn and think like humans. What scientific questions could you ask about this?,SCTT-ResearchQuestion,centaur,22
centaur_015,key-door-lock,SCENARIO: key-door-lock,Story,centaur,2
centaur_015,BUCKET,SCENARIO: BUCKET,AUT,centaur,2
centaur_015,bridge-river-cross,SCENARIO: bridge-river-cross,Story,centaur,2
centaur_015,You notice that the water in one lake is warmer than the water in another lake even though they both get the same amount of sunlight. What hypotheses do you have about why that is?,SCENARIO: You notice that the water in one lake is warmer than the water in another lake even though they both get the same amount of sunlight. What hypotheses do you have about why that is?,SCTT-Hypothesis,centaur,36
centaur_015,Develop as many design ideas as you can to assist people with memory impairments remember important tasks.,SCENARIO: assist people with memory impairments remember important tasks.,Design,centaur,9
centaur_015,Develop as many design ideas as you can to increase the use of renewable energy sources.,SCENARIO: increase the use of renewable energy sources.,Design,centaur,8
centaur_015,Develop as many design ideas as you can to help people with mobility impairments navigate stairs.,SCENARIO: help people with mobility impairments navigate stairs.,Design,centaur,8
centaur_015,BRICK,SCENARIO: BRICK,AUT,centaur,2
centaur_015,You look outside one night and see stars disappearing one by one from the sky. What hypotheses do you have about why that is?,SCENARIO: You look outside one night and see stars disappearing one by one from the sky. What hypotheses do you have about why that is?,SCTT-Hypothesis,centaur,25
centaur_015,KNIFE,SCENARIO: KNIFE,AUT,centaur,2
centaur_015,pen-paper-story,SCENARIO: pen-paper-story,Story,centaur,2
centaur_016,You travel on a spaceship to a new planet outside of our galaxy. What scientific questions could you ask about this planet?,How did life originate on this planet?,SCTT-ResearchQuestion,centaur,7
centaur_016,You notice that the water in one lake is warmer than the water in another lake even though they both get the same amount of sunlight. What hypotheses do you have about why that is?,The first lake has more fish and algae which absorb heat.,SCTT-Hypothesis,centaur,11
centaur_016,pen-paper-story,As the pen writes on paper it creates a story.,Story,centaur,10
centaur_016,KNIFE,A knife can be used as a screwdriver.,AUT,centaur,8
centaur_016,Develop as many design ideas as you can to help people with mobility impairments navigate stairs.,Build ramps with handles up and down staircases.,Design,centaur,8
centaur_016,bridge-river-cross,People cross bridges over rivers.,Story,centaur,5
centaur_016,Develop as many design ideas as you can to assist people with memory impairments remember important tasks.,Use timers and calendars to remind patients of their daily tasks.,Design,centaur,11
centaur_016,BUCKET,Buckets can hold anything including humans.,AUT,centaur,6
centaur_016,PENCIL,Pencils can be used for cooking stir-fry dishes.,AUT,centaur,8
centaur_016,You look outside one night and see stars disappearing one by one from the sky. What hypotheses do you have about why that is?,An alien race is stealing the stars for their own planet.,SCTT-Hypothesis,centaur,11
centaur_016,You are introduced to a robot that can learn and think like humans. What scientific questions could you ask about this?,What kind of materials were used to build the robot?,SCTT-ResearchQuestion,centaur,10
centaur_016,Develop as many design ideas as you can to increase the use of renewable energy sources.,Make solar powered cars that don't require gas.,Design,centaur,8
centaur_016,Develop as many design ideas as you can to reduce traffic congestion in mega cities.,Use public transportation such as buses and subways to decrease road traffic.,Design,centaur,12
centaur_016,key-door-lock,To unlock doors you need keys.,Story,centaur,6
centaur_016,BRICK,Bricks can be used to create art sculptures.,AUT,centaur,8
centaur_016,mirror-face-reflection,When looking into a mirror your face is reflected.,Story,centaur,9
centaur_017,PENCIL,,AUT,centaur,0
centaur_017,You travel on a spaceship to a new planet outside of our galaxy. What scientific questions could you ask about this planet?,,SCTT-ResearchQuestion,centaur,0
centaur_017,KNIFE,,AUT,centaur,0
centaur_017,mirror-face-reflection,,Story,centaur,0
centaur_017,You notice that the water in one lake is warmer than the water in another lake even though they both get the same amount of sunlight. What hypotheses do you have about why that is?,,SCTT-Hypothesis,centaur,0
centaur_017,Develop as many design ideas as you can to assist people with memory impairments remember important tasks.,,Design,centaur,0
centaur_017,Develop as many design ideas as you can to help people with mobility impairments navigate stairs.,,Design,centaur,0
centaur_017,Develop as many design ideas as you can to increase the use of renewable energy sources.,,Design,centaur,0
centaur_017,pen-paper-story,,Story,centaur,0
centaur_017,bridge-river-cross,,Story,centaur,0
centaur_017,key-door-lock,,Story,centaur,0
centaur_017,Develop as many design ideas as you can to reduce traffic congestion in mega cities.,,Design,centaur,0
centaur_017,You are introduced to a robot that can learn and think like humans. What scientific questions could you ask about this?,,SCTT-ResearchQuestion,centaur,0
centaur_017,BUCKET,,AUT,centaur,0
centaur_017,You look outside one night and see stars disappearing one by one from the sky. What hypotheses do you have about why that is?,,SCTT-Hypothesis,centaur,0
centaur_017,BRICK,,AUT,centaur,0
centaur_018,Develop as many design ideas as you can to reduce traffic congestion in mega cities.,,Design,centaur,0
centaur_018,key-door-lock,,Story,centaur,0
centaur_018,Develop as many design ideas as you can to help people with mobility impairments navigate stairs.,,Design,centaur,0
centaur_018,You look outside one night and see stars disappearing one by one from the sky. What hypotheses do you have about why that is?,,SCTT-Hypothesis,centaur,0
centaur_018,Develop as many design ideas as you can to assist people with memory impairments remember important tasks.,,Design,centaur,0
centaur_018,PENCIL,,AUT,centaur,0
centaur_018,Develop as many design ideas as you can to increase the use of renewable energy sources.,,Design,centaur,0
centaur_018,BUCKET,,AUT,centaur,0
centaur_018,mirror-face-reflection,,Story,centaur,0
centaur_018,KNIFE,,AUT,centaur,0
centaur_018,You are introduced to a robot that can learn and think like humans. What scientific questions could you ask about this?,,SCTT-ResearchQuestion,centaur,0
centaur_018,You travel on a spaceship to a new planet outside of our galaxy. What scientific questions could you ask about this planet?,,SCTT-ResearchQuestion,centaur,0
centaur_018,You notice that the water in one lake is warmer than the water in another lake even though they both get the same amount of sunlight. What hypotheses do you have about why that is?,,SCTT-Hypothesis,centaur,0
centaur_018,bridge-river-cross,,Story,centaur,0
centaur_018,BRICK,,AUT,centaur,0
centaur_018,pen-paper-story,,Story,centaur,0
centaur_019,BUCKET,Using a bucket as a time capsule; fill it up with sand and bury objects inside over years.,AUT,centaur,18
centaur_019,bridge-river-cross,We walked across the river to cross the bridge together.,Story,centaur,10
centaur_019,You look outside one night and see stars disappearing one by one from the sky. What hypotheses do you have about why that is?,The stars may not actually be going away but simply being blocked out.,SCTT-Hypothesis,centaur,13
centaur_019,BRICK,To make a path through grass or to kill weeds.,AUT,centaur,10
centaur_019,PENCIL,As a pointer to point at things.,AUT,centaur,7
centaur_019,You notice that the water in one lake is warmer than the water in another lake even though they both get the same amount of sunlight. What hypotheses do you have about why that is?,One lake has more sediment or plants that absorb heat faster.,SCTT-Hypothesis,centaur,11
centaur_019,You travel on a spaceship to a new planet outside of our galaxy. What scientific questions could you ask about this planet?,How did life form here? Is there gravity?,SCTT-ResearchQuestion,centaur,8
centaur_019,Develop as many design ideas as you can to reduce traffic congestion in mega cities.,Design vehicles that float above ground so they don't need roads.,Design,centaur,11
centaur_019,You are introduced to a robot that can learn and think like humans. What scientific questions could you ask about this?,Can the robot think like a human? Is it self-aware?,SCTT-ResearchQuestion,centaur,10
centaur_019,Develop as many design ideas as you can to assist people with memory impairments remember important tasks.,A smartwatch with reminders.,Design,centaur,4
centaur_019,Develop as many design ideas as you can to increase the use of renewable energy sources.,Use windmills to power homes and streetlights.,Design,centaur,7
centaur_019,pen-paper-story,I used my pen and paper to write my story.,Story,centaur,10
centaur_019,key-door-lock,I unlock the door with my key to enter home.,Story,centaur,10
centaur_019,Develop as many design ideas as you can to help people with mobility impairments navigate stairs.,An escalator,Design,centaur,2
centaur_019,mirror-face-reflection,I looked into the mirror and saw my face reflected back.,Story,centaur,11
centaur_019,KNIFE,To cut up plastic bags for recycling purposes.,AUT,centaur,8
centaur_020,BUCKET,Use it as a trashcan,AUT,centaur,5
centaur_020,Develop as many design ideas as you can to reduce traffic congestion in mega cities.,Create more bike lanes and expand public transit systems,Design,centaur,9
centaur_020,Develop as many design ideas as you can to assist people with memory impairments remember important tasks.,Develop a mobile app that sends reminders to users.,Design,centaur,9
centaur_020,key-door-lock,"I saw my house keys lying on the floor next to the front door, so I picked them up and put them back into my pocket.",Story,centaur,26
centaur_020,BRICK,Use bricks to build a table,AUT,centaur,6
centaur_020,You are introduced to a robot that can learn and think like humans. What scientific questions could you ask about this?,How does the brain of the robot compare to human brains?,SCTT-ResearchQuestion,centaur,11
centaur_020,mirror-face-reflection,"As I looked at my reflection in the mirror, I began to wonder how I had become who I am today.",Story,centaur,21
centaur_020,You look outside one night and see stars disappearing one by one from the sky. What hypotheses do you have about why that is?,Perhaps some type of space dust is slowly covering the stars until we can no longer see them.,SCTT-Hypothesis,centaur,18
centaur_020,bridge-river-cross,"The river was wide but not too deep, so we decided to cross over the bridge instead of swimming through.",Story,centaur,20
centaur_020,KNIFE,A knife can be used as a weapon,AUT,centaur,8
centaur_020,pen-paper-story,"When I sat down to write, I realized that I had lost my favorite pen and paper. So I got up and went looking for them.",Story,centaur,26
centaur_020,Develop as many design ideas as you can to increase the use of renewable energy sources.,Encourage businesses to install solar panels and wind turbines,Design,centaur,9
centaur_020,You notice that the water in one lake is warmer than the water in another lake even though they both get the same amount of sunlight. What hypotheses do you have about why that is?,One lake may have darker rocks along its shores which would absorb heat better than the other lake.,SCTT-Hypothesis,centaur,18
centaur_020,PENCIL,Use a pencil to make a hole in a piece of wood,AUT,centaur,12
centaur_020,You travel on a spaceship to a new planet outside of our galaxy. What scientific questions could you ask about this planet?,"Are there any living organisms on this planet? If so, what types of organisms are there?",SCTT-ResearchQuestion,centaur,16
centaur_020,Develop as many design ideas as you can to help people with mobility impairments navigate stairs.,Build ramps alongside stairs,Design,centaur,4
centaur_021,PENCIL,Pencil,AUT,centaur,1
centaur_021,key-door-lock,key-door-lock,Story,centaur,1
centaur_021,KNIFE,KNIFE,AUT,centaur,1
centaur_021,Develop as many design ideas as you can to assist people with memory impairments remember important tasks.,assist people with memory impairments remember important tasks.,Design,centaur,8
centaur_021,pen-paper-story,pen-paper-story,Story,centaur,1
centaur_021,Develop as many design ideas as you can to reduce traffic congestion in mega cities.,reduce traffic congestion in mega cities.,Design,centaur,6
centaur_021,You look outside one night and see stars disappearing one by one from the sky. What hypotheses do you have about why that is?,You look outside one night and see stars disappearing one by one from the sky. What hypotheses do you have about why that is?,SCTT-Hypothesis,centaur,24
centaur_021,Develop as many design ideas as you can to help people with mobility impairments navigate stairs.,help people with mobility impairments navigate stairs.,Design,centaur,7
centaur_021,You are introduced to a robot that can learn and think like humans. What scientific questions could you ask about this?,You are introduced to a robot that can learn and think like humans. What scientific questions could you ask about this?,SCTT-ResearchQuestion,centaur,21
centaur_021,bridge-river-cross,bridge-river-cross,Story,centaur,1
centaur_021,You notice that the water in one lake is warmer than the water in another lake even though they both get the same amount of sunlight. What hypotheses do you have about why that is?,You notice that the water in one lake is warmer than the water in another lake even though they both get the same amount of sunlight. What hypotheses do you have about why that is?,SCTT-Hypothesis,centaur,35
centaur_021,Develop as many design ideas as you can to increase the use of renewable energy sources.,increase the use of renewable energy sources.,Design,centaur,7
centaur_021,BRICK,BRICK,AUT,centaur,1
centaur_021,mirror-face-reflection,mirror-face-reflection,Story,centaur,1
centaur_021,BUCKET,BUCKET,AUT,centaur,1
centaur_021,You travel on a spaceship to a new planet outside of our galaxy. What scientific questions could you ask about this planet?,You travel on a spaceship to a new planet outside of our galaxy. What scientific questions could you ask about this planet?,SCTT-ResearchQuestion,centaur,22
centaur_022,Develop as many design ideas as you can to assist people with memory impairments remember important tasks.,,Design,centaur,0
centaur_022,PENCIL,,AUT,centaur,0
centaur_022,You are introduced to a robot that can learn and think like humans. What scientific questions could you ask about this?,,SCTT-ResearchQuestion,centaur,0
centaur_022,Develop as many design ideas as you can to help people with mobility impairments navigate stairs.,,Design,centaur,0
centaur_022,bridge-river-cross,,Story,centaur,0
centaur_022,You travel on a spaceship to a new planet outside of our galaxy. What scientific questions could you ask about this planet?,,SCTT-ResearchQuestion,centaur,0
centaur_022,BRICK,,AUT,centaur,0
centaur_022,Develop as many design ideas as you can to reduce traffic congestion in mega cities.,,Design,centaur,0
centaur_022,Develop as many design ideas as you can to increase the use of renewable energy sources.,,Design,centaur,0
centaur_022,KNIFE,,AUT,centaur,0
centaur_022,You look outside one night and see stars disappearing one by one from the sky. What hypotheses do you have about why that is?,,SCTT-Hypothesis,centaur,0
centaur_022,key-door-lock,,Story,centaur,0
centaur_022,mirror-face-reflection,,Story,centaur,0
centaur_022,pen-paper-story,,Story,centaur,0
centaur_022,You notice that the water in one lake is warmer than the water in another lake even though they both get the same amount of sunlight. What hypotheses do you have about why that is?,,SCTT-Hypothesis,centaur,0
centaur_022,BUCKET,,AUT,centaur,0
centaur_023,Develop as many design ideas as you can to reduce traffic congestion in mega cities.,vehicles powered by electric charge rather than gas,Design,centaur,8
centaur_023,Develop as many design ideas as you can to assist people with memory impairments remember important tasks.,create a reminder application for smart phones,Design,centaur,7
centaur_023,You travel on a spaceship to a new planet outside of our galaxy. What scientific questions could you ask about this planet?,does it contain any forms of life?,SCTT-ResearchQuestion,centaur,7
centaur_023,KNIFE,cut vegetables,AUT,centaur,2
centaur_023,key-door-lock,I found the correct key to unlock my door so that I could enter.,Story,centaur,14
centaur_023,You look outside one night and see stars disappearing one by one from the sky. What hypotheses do you have about why that is?,aliens might be stealing them to power their own technology.,SCTT-Hypothesis,centaur,10
centaur_023,BUCKET,catch rain water,AUT,centaur,3
centaur_023,mirror-face-reflection,I looked at myself in the mirror and saw a reflection of my face.,Story,centaur,14
centaur_023,bridge-river-cross,I crossed the river via a bridge.,Story,centaur,7
centaur_023,Develop as many design ideas as you can to increase the use of renewable energy sources.,build solar panels into buildings as well as solar farms,Design,centaur,10
centaur_023,BRICK,make a castle out of bricks,AUT,centaur,6
centaur_023,Develop as many design ideas as you can to help people with mobility impairments navigate stairs.,install stairlifts,Design,centaur,2
centaur_023,You are introduced to a robot that can learn and think like humans. What scientific questions could you ask about this?,how did we achieve such technological advancements?,SCTT-ResearchQuestion,centaur,7
centaur_023,You notice that the water in one lake is warmer than the water in another lake even though they both get the same amount of sunlight. What hypotheses do you have about why that is?,"the water in the first lake is shallower than the water in the second lake, allowing more light to reach the bottom.",SCTT-Hypothesis,centaur,22
centaur_023,PENCIL,draw pictures,AUT,centaur,2
centaur_023,pen-paper-story,I used my pen to write a story on paper.,Story,centaur,10
centaur_024,pen-paper-story,,Story,centaur,0
centaur_024,Develop as many design ideas as you can to help people with mobility impairments navigate stairs.,,Design,centaur,0
centaur_024,KNIFE,,AUT,centaur,0
centaur_024,You travel on a spaceship to a new planet outside of our galaxy. What scientific questions could you ask about this planet?,,SCTT-ResearchQuestion,centaur,0
centaur_024,BRICK,,AUT,centaur,0
centaur_024,Develop as many design ideas as you can to reduce traffic congestion in mega cities.,,Design,centaur,0
centaur_024,Develop as many design ideas as you can to assist people with memory impairments remember important tasks.,,Design,centaur,0
centaur_024,You are introduced to a robot that can learn and think like humans. What scientific questions could you ask about this?,,SCTT-ResearchQuestion,centaur,0
centaur_024,key-door-lock,,Story,centaur,0
centaur_024,mirror-face-reflection,,Story,centaur,0
centaur_024,You look outside one night and see stars disappearing one by one from the sky. What hypotheses do you have about why that is?,,SCTT-Hypothesis,centaur,0
centaur_024,You notice that the water in one lake is warmer than the water in another lake even though they both get the same amount of sunlight. What hypotheses do you have about why that is?,,SCTT-Hypothesis,centaur,0
centaur_024,Develop as many design ideas as you can to increase the use of renewable energy sources.,,Design,centaur,0
centaur_024,bridge-river-cross,,Story,centaur,0
centaur_024,PENCIL,,AUT,centaur,0
centaur_024,BUCKET,,AUT,centaur,0
centaur_025,You travel on a spaceship to a new planet outside of our galaxy. What scientific questions could you ask about this planet?,How does life on this planet compare to Earth?,SCTT-ResearchQuestion,centaur,9
centaur_025,Develop as many design ideas as you can to help people with mobility impairments navigate stairs.,A set of stairs with arm rails to hold onto while walking up/down them.,Design,centaur,14
centaur_025,pen-paper-story,He picked up his pen and began writing his story.,Story,centaur,10
centaur_025,bridge-river-cross,She looked at the river and realized she had no way to cross it.,Story,centaur,14
centaur_025,You look outside one night and see stars disappearing one by one from the sky. What hypotheses do you have about why that is?,I hypothesize that an alien force field is blocking us from seeing the stars.,SCTT-Hypothesis,centaur,14
centaur_025,You are introduced to a robot that can learn and think like humans. What scientific questions could you ask about this?,Can robots feel emotions such as happiness or sadness?,SCTT-ResearchQuestion,centaur,9
centaur_025,BUCKET,Use the bucket as a trashcan to collect garbage.,AUT,centaur,9
centaur_025,PENCIL,Pencils could be used to clean your ears.,AUT,centaur,8
centaur_025,Develop as many design ideas as you can to assist people with memory impairments remember important tasks.,Have alarms go off to remind them when it's time to complete certain tasks.,Design,centaur,14
centaur_025,mirror-face-reflection,"Looking into the mirror, she saw her face staring back at her.",Story,centaur,12
centaur_025,BRICK,Bricks could be used to create a fireplace.,AUT,centaur,8
centaur_025,KNIFE,Knives could be used to chop wood.,AUT,centaur,7
centaur_025,You notice that the water in one lake is warmer than the water in another lake even though they both get the same amount of sunlight. What hypotheses do you have about why that is?,Perhaps one lake is closer to a heat source such as a volcano.,SCTT-Hypothesis,centaur,13
centaur_025,key-door-lock,The key was inserted into the door lock and turned until it clicked open.,Story,centaur,14
centaur_025,Develop as many design ideas as you can to increase the use of renewable energy sources.,Place solar panels on top of houses to generate power.,Design,centaur,10
centaur_025,Develop as many design ideas as you can to reduce traffic congestion in mega cities.,Create more public transportation options so people don't drive their own cars.,Design,centaur,12
centaur_026,pen-paper-story,He wrote his story with paper and a pen.,Story,centaur,9
centaur_026,bridge-river-cross,She crossed the river over the bridge.,Story,centaur,7
centaur_026,You are introduced to a robot that can learn and think like humans. What scientific questions could you ask about this?,How does it learn? Is it self-aware? Does it feel pain?,SCTT-ResearchQuestion,centaur,11
centaur_026,You look outside one night and see stars disappearing one by one from the sky. What hypotheses do you have about why that is?,The stars are being consumed by something else in space. There's a dust cloud obstructing my view.,SCTT-Hypothesis,centaur,17
centaur_026,You notice that the water in one lake is warmer than the water in another lake even though they both get the same amount of sunlight. What hypotheses do you have about why that is?,One lake has more sediment in it which causes it to absorb more heat from the sun.,SCTT-Hypothesis,centaur,17
centaur_026,Develop as many design ideas as you can to increase the use of renewable energy sources.,Create solar panels that can be placed in windows of houses so that homeowners can generate their own electricity.,Design,centaur,19
centaur_026,KNIFE,Cut vegetables without making a mess all over your counter.,AUT,centaur,10
centaur_026,mirror-face-reflection,"I saw myself in the reflection of the mirror, but there was someone else behind me looking back at me.",Story,centaur,20
centaur_026,BUCKET,A bucket can be used as a step stool if you need to reach high shelves.,AUT,centaur,16
centaur_026,Develop as many design ideas as you can to reduce traffic congestion in mega cities.,Use a ride sharing service like Uber to transport multiple passengers in one car.,Design,centaur,14
centaur_026,key-door-lock,She unlocked her door with her key and walked inside.,Story,centaur,10
centaur_026,Develop as many design ideas as you can to assist people with memory impairments remember important tasks.,Have an app on their phone that reminds them when they have to complete certain tasks throughout the day.,Design,centaur,19
centaur_026,Develop as many design ideas as you can to help people with mobility impairments navigate stairs.,A lift chair where users sit in a chair that moves up and down a rail attached to the wall.,Design,centaur,20
centaur_026,BRICK,A brick could be used as a paper weight.,AUT,centaur,9
centaur_026,PENCIL,A pencil can be used to scratch your back.,AUT,centaur,9
centaur_026,You travel on a spaceship to a new planet outside of our galaxy. What scientific questions could you ask about this planet?,What does the atmosphere consist of? Can humans survive here?,SCTT-ResearchQuestion,centaur,10
centaur_027,Develop as many design ideas as you can to help people with mobility impairments navigate stairs.,,Design,centaur,0
centaur_027,Develop as many design ideas as you can to assist people with memory impairments remember important tasks.,,Design,centaur,0
centaur_027,BRICK,,AUT,centaur,0
centaur_027,PENCIL,,AUT,centaur,0
centaur_027,You look outside one night and see stars disappearing one by one from the sky. What hypotheses do you have about why that is?,,SCTT-Hypothesis,centaur,0
centaur_027,You are introduced to a robot that can learn and think like humans. What scientific questions could you ask about this?,,SCTT-ResearchQuestion,centaur,0
centaur_027,Develop as many design ideas as you can to reduce traffic congestion in mega cities.,,Design,centaur,0
centaur_027,key-door-lock,,Story,centaur,0
centaur_027,Develop as many design ideas as you can to increase the use of renewable energy sources.,,Design,centaur,0
centaur_027,KNIFE,,AUT,centaur,0
centaur_027,mirror-face-reflection,,Story,centaur,0
centaur_027,BUCKET,,AUT,centaur,0
centaur_027,bridge-river-cross,,Story,centaur,0
centaur_027,You travel on a spaceship to a new planet outside of our galaxy. What scientific questions could you ask about this planet?,,SCTT-ResearchQuestion,centaur,0
centaur_027,You notice that the water in one lake is warmer than the water in another lake even though they both get the same amount of sunlight. What hypotheses do you have about why that is?,,SCTT-Hypothesis,centaur,0
centaur_027,pen-paper-story,,Story,centaur,0
centaur_028,You look outside one night and see stars disappearing one by one from the sky. What hypotheses do you have about why that is?,,SCTT-Hypothesis,centaur,0
centaur_028,You travel on a spaceship to a new planet outside of our galaxy. What scientific questions could you ask about this planet?,,SCTT-ResearchQuestion,centaur,0
centaur_028,PENCIL,,AUT,centaur,0
centaur_028,You are introduced to a robot that can learn and think like humans. What scientific questions could you ask about this?,,SCTT-ResearchQuestion,centaur,0
centaur_028,You notice that the water in one lake is warmer than the water in another lake even though they both get the same amount of sunlight. What hypotheses do you have about why that is?,,SCTT-Hypothesis,centaur,0
centaur_028,BRICK,,AUT,centaur,0
centaur_028,pen-paper-story,,Story,centaur,0
centaur_028,Develop as many design ideas as you can to reduce traffic congestion in mega cities.,,Design,centaur,0
centaur_028,Develop as many design ideas as you can to increase the use of renewable energy sources.,,Design,centaur,0
centaur_028,mirror-face-reflection,,Story,centaur,0
centaur_028,KNIFE,,AUT,centaur,0
centaur_028,Develop as many design ideas as you can to assist people with memory impairments remember important tasks.,,Design,centaur,0
centaur_028,BUCKET,,AUT,centaur,0
centaur_028,key-door-lock,,Story,centaur,0
centaur_028,Develop as many design ideas as you can to help people with mobility impairments navigate stairs.,,Design,centaur,0
centaur_028,bridge-river-cross,,Story,centaur,0
centaur_029,Develop as many design ideas as you can to increase the use of renewable energy sources.,solar panel rooftops,Design,centaur,3
centaur_029,pen-paper-story,The boy took his pen out and wrote a story for fun.,Story,centaur,12
centaur_029,Develop as many design ideas as you can to help people with mobility impairments navigate stairs.,stair lift,Design,centaur,2
centaur_029,KNIFE,cut nails,AUT,centaur,2
centaur_029,You travel on a spaceship to a new planet outside of our galaxy. What scientific questions could you ask about this planet?,what kinds of plants grow there?,SCTT-ResearchQuestion,centaur,6
centaur_029,mirror-face-reflection,The man looks into the mirror and sees himself.,Story,centaur,9
centaur_029,bridge-river-cross,The girl crosses the bridge over the river.,Story,centaur,8
centaur_029,PENCIL,write on paper,AUT,centaur,3
centaur_029,You are introduced to a robot that can learn and think like humans. What scientific questions could you ask about this?,Can it program itself to become more intelligent?,SCTT-ResearchQuestion,centaur,8
centaur_029,BRICK,build wall,AUT,centaur,2
centaur_029,key-door-lock,He unlocks the door with his key.,Story,centaur,7
centaur_029,Develop as many design ideas as you can to reduce traffic congestion in mega cities.,fast train system,Design,centaur,3
centaur_029,BUCKET,hold water,AUT,centaur,2
centaur_029,Develop as many design ideas as you can to assist people with memory impairments remember important tasks.,reminder app,Design,centaur,2
centaur_029,You look outside one night and see stars disappearing one by one from the sky. What hypotheses do you have about why that is?,Aliens abducted them for some reason.,SCTT-Hypothesis,centaur,6
centaur_029,You notice that the water in one lake is warmer than the water in another lake even though they both get the same amount of sunlight. What hypotheses do you have about why that is?,One lake has a current flowing through it.,SCTT-Hypothesis,centaur,8
centaur_030,key-door-lock,The lock was rusty so the key would not work in it.,Story,centaur,12
centaur_030,Develop as many design ideas as you can to assist people with memory impairments remember important tasks.,A wristwatch that has alarm functionality,Design,centaur,6
centaur_030,You notice that the water in one lake is warmer than the water in another lake even though they both get the same amount of sunlight. What hypotheses do you have about why that is?,The sun reflects off of something into the lake.,SCTT-Hypothesis,centaur,9
centaur_030,You are introduced to a robot that can learn and think like humans. What scientific questions could you ask about this?,How does the robot's thinking compare to humans?,SCTT-ResearchQuestion,centaur,8
centaur_030,BUCKET,Use bucket as a stool,AUT,centaur,5
centaur_030,BRICK,use brick as a paperweight,AUT,centaur,5
centaur_030,PENCIL,sharpen pencil into a spear,AUT,centaur,5
centaur_030,pen-paper-story,Pen and paper tell a story,Story,centaur,6
centaur_030,mirror-face-reflection,Face sees itself in reflection,Story,centaur,5
centaur_030,You travel on a spaceship to a new planet outside of our galaxy. What scientific questions could you ask about this planet?,How similar are we to aliens?,SCTT-ResearchQuestion,centaur,6
centaur_030,bridge-river-cross,River needs crossing bridge,Story,centaur,4
centaur_030,You look outside one night and see stars disappearing one by one from the sky. What hypotheses do you have about why that is?,Aliens stealing stars,SCTT-Hypothesis,centaur,3
centaur_030,Develop as many design ideas as you can to reduce traffic congestion in mega cities.,Carpool lanes,Design,centaur,2
centaur_030,Develop as many design ideas as you can to help people with mobility impairments navigate stairs.,Stairs with automatic sliding chair,Design,centaur,5
centaur_030,KNIFE,Open bottle,AUT,centaur,2
centaur_030,Develop as many design ideas as you can to increase the use of renewable energy sources.,Solar panels,Design,centaur,2
centaur_031,BUCKET,You can fill it up with water and throw it at someone as a prank!,AUT,centaur,15
centaur_031,You travel on a spaceship to a new planet outside of our galaxy. What scientific questions could you ask about this planet?,Is there air to breathe?,SCTT-ResearchQuestion,centaur,5
centaur_031,You look outside one night and see stars disappearing one by one from the sky. What hypotheses do you have about why that is?,An alien race that lives on our moon is invading us because we found them!,SCTT-Hypothesis,centaur,15
centaur_031,BRICK,You can build a house out of bricks.,AUT,centaur,8
centaur_031,PENCIL,You can write down your thoughts and ideas with a pencil.,AUT,centaur,11
centaur_031,Develop as many design ideas as you can to reduce traffic congestion in mega cities.,Create a subway system so that less cars are on the road.,Design,centaur,12
centaur_031,key-door-lock,The keys fit into the lock which opens the door.,Story,centaur,10
centaur_031,bridge-river-cross,There's a river with a bridge that crosses over it.,Story,centaur,10
centaur_031,Develop as many design ideas as you can to assist people with memory impairments remember important tasks.,They can wear a smart watch with reminders programmed in to remind them of what needs to be done.,Design,centaur,19
centaur_031,You are introduced to a robot that can learn and think like humans. What scientific questions could you ask about this?,How does it work? Can it make decisions?,SCTT-ResearchQuestion,centaur,8
centaur_031,mirror-face-reflection,"When I look in my mirror, I see my reflection.",Story,centaur,10
centaur_031,pen-paper-story,"With a pen and paper, I wrote a story.",Story,centaur,9
centaur_031,Develop as many design ideas as you can to increase the use of renewable energy sources.,Use solar panels and wind turbines to power houses.,Design,centaur,9
centaur_031,Develop as many design ideas as you can to help people with mobility impairments navigate stairs.,Build a ramp instead of stairs.,Design,centaur,6
centaur_031,KNIFE,A knife can cut open packages.,AUT,centaur,6
centaur_031,You notice that the water in one lake is warmer than the water in another lake even though they both get the same amount of sunlight. What hypotheses do you have about why that is?,One has fish swimming around in it.,SCTT-Hypothesis,centaur,7
centaur_032,Develop as many design ideas as you can to reduce traffic congestion in mega cities.,public transportation system,Design,centaur,3
centaur_032,You are introduced to a robot that can learn and think like humans. What scientific questions could you ask about this?,how does it store information? What does it need to function?,SCTT-ResearchQuestion,centaur,11
centaur_032,You travel on a spaceship to a new planet outside of our galaxy. What scientific questions could you ask about this planet?,what kind of elements does it consist of?,SCTT-ResearchQuestion,centaur,8
centaur_032,You look outside one night and see stars disappearing one by one from the sky. What hypotheses do you have about why that is?,solar flares,SCTT-Hypothesis,centaur,2
centaur_032,KNIFE,cut paper into shapes,AUT,centaur,4
centaur_032,You notice that the water in one lake is warmer than the water in another lake even though they both get the same amount of sunlight. What hypotheses do you have about why that is?,it's deeper,SCTT-Hypothesis,centaur,2
centaur_032,Develop as many design ideas as you can to increase the use of renewable energy sources.,incentivize industry to switch,Design,centaur,4
centaur_032,pen-paper-story,"The pen writes a story about a paper plane. It flies through the air and lands in the middle of a forest. After reading, the author realizes he must continue writing so it makes it out alive.",Story,centaur,37
centaur_032,mirror-face-reflection,"A girl looks at her reflection. She sees herself looking back. She smiles, then walks away but the face stays there. She runs back and looks again and it follows her gaze.",Story,centaur,32
centaur_032,Develop as many design ideas as you can to assist people with memory impairments remember important tasks.,set reminders or alarms,Design,centaur,4
centaur_032,BRICK,build houses,AUT,centaur,2
centaur_032,BUCKET,make a boat,AUT,centaur,3
centaur_032,Develop as many design ideas as you can to help people with mobility impairments navigate stairs.,wheelchair elevator,Design,centaur,2
centaur_032,key-door-lock,"Someone tries to unlock their door with a key, but it doesn't work. They try every key until one works. Now they're locked inside.",Story,centaur,24
centaur_032,bridge-river-cross,"There is a river separating two towns. One day, someone decides to build a bridge connecting them together. People from each town begin meeting each other and become friends.",Story,centaur,29
centaur_032,PENCIL,draw,AUT,centaur,1
centaur_033,Develop as many design ideas as you can to increase the use of renewable energy sources.,make it more affordable,Design,centaur,4
centaur_033,BUCKET,hold water,AUT,centaur,2
centaur_033,You notice that the water in one lake is warmer than the water in another lake even though they both get the same amount of sunlight. What hypotheses do you have about why that is?,one lake has darker rocks at the bottom so it absorbs more heat from the sun,SCTT-Hypothesis,centaur,16
centaur_033,mirror-face-reflection,I looked into the mirror but saw my reflection as someone else,Story,centaur,12
centaur_033,key-door-lock,The door was locked but I had the key,Story,centaur,9
centaur_033,Develop as many design ideas as you can to reduce traffic congestion in mega cities.,make cars electric and create a solar powered charging station for them,Design,centaur,12
centaur_033,bridge-river-cross,we crossed the bridge over the river,Story,centaur,7
centaur_033,You travel on a spaceship to a new planet outside of our galaxy. What scientific questions could you ask about this planet?,how did this planet come into existence,SCTT-ResearchQuestion,centaur,7
centaur_033,Develop as many design ideas as you can to assist people with memory impairments remember important tasks.,set up a daily routine,Design,centaur,5
centaur_033,You are introduced to a robot that can learn and think like humans. What scientific questions could you ask about this?,how does it function,SCTT-ResearchQuestion,centaur,4
centaur_033,PENCIL,make a temporary tattoo,AUT,centaur,4
centaur_033,pen-paper-story,I used the pen to write on paper to tell a story,Story,centaur,12
centaur_033,BRICK,place them upright to form a wall,AUT,centaur,7
centaur_033,Develop as many design ideas as you can to help people with mobility impairments navigate stairs.,build a ramp,Design,centaur,3
centaur_033,You look outside one night and see stars disappearing one by one from the sky. What hypotheses do you have about why that is?,there is a black hole sucking up all the stars,SCTT-Hypothesis,centaur,10
centaur_033,KNIFE,cut string,AUT,centaur,2
centaur_034,You notice that the water in one lake is warmer than the water in another lake even though they both get the same amount of sunlight. What hypotheses do you have about why that is?,,SCTT-Hypothesis,centaur,0
centaur_034,Develop as many design ideas as you can to assist people with memory impairments remember important tasks.,,Design,centaur,0
centaur_034,BRICK,,AUT,centaur,0
centaur_034,You look outside one night and see stars disappearing one by one from the sky. What hypotheses do you have about why that is?,,SCTT-Hypothesis,centaur,0
centaur_034,Develop as many design ideas as you can to increase the use of renewable energy sources.,,Design,centaur,0
centaur_034,PENCIL,,AUT,centaur,0
centaur_034,KNIFE,,AUT,centaur,0
centaur_034,key-door-lock,,Story,centaur,0
centaur_034,BUCKET,,AUT,centaur,0
centaur_034,mirror-face-reflection,,Story,centaur,0
centaur_034,bridge-river-cross,,Story,centaur,0
centaur_034,Develop as many design ideas as you can to help people with mobility impairments navigate stairs.,,Design,centaur,0
centaur_034,You are introduced to a robot that can learn and think like humans. What scientific questions could you ask about this?,,SCTT-ResearchQuestion,centaur,0
centaur_034,You travel on a spaceship to a new planet outside of our galaxy. What scientific questions could you ask about this planet?,,SCTT-ResearchQuestion,centaur,0
centaur_034,Develop as many design ideas as you can to reduce traffic congestion in mega cities.,,Design,centaur,0
centaur_034,pen-paper-story,,Story,centaur,0
centaur_035,key-door-lock,"A man used his key to unlock his front door, but the lock was stuck. He jiggled it back and forth until he finally got it open. The man went inside his house to relax after a long day at work.",Story,centaur,41
centaur_035,You are introduced to a robot that can learn and think like humans. What scientific questions could you ask about this?,How did scientists make such an advanced form of artificial intelligence?,SCTT-ResearchQuestion,centaur,11
centaur_035,pen-paper-story,Once upon a time there was a little girl who loved to write stories. She would sit at her desk with paper and pens writing and writing all day long.,Story,centaur,30
centaur_035,You notice that the water in one lake is warmer than the water in another lake even though they both get the same amount of sunlight. What hypotheses do you have about why that is?,Maybe the wind patterns were different so that the windspeed was faster over one lake causing more evaporation and thus less heat retention.,SCTT-Hypothesis,centaur,23
centaur_035,mirror-face-reflection,I looked in my mirror and saw myself looking back. It was as if there were two of me standing side by side.,Story,centaur,23
centaur_035,You look outside one night and see stars disappearing one by one from the sky. What hypotheses do you have about why that is?,Perhaps some sort of dust cloud swept across the sky blocking out the stars' light.,SCTT-Hypothesis,centaur,15
centaur_035,Develop as many design ideas as you can to assist people with memory impairments remember important tasks.,A smart watch application that reminds users what they need to do each day.,Design,centaur,14
centaur_035,Develop as many design ideas as you can to help people with mobility impairments navigate stairs.,Stairlifts!,Design,centaur,1
centaur_035,KNIFE,Cut up fruit into slices for snacks.,AUT,centaur,7
centaur_035,You travel on a spaceship to a new planet outside of our galaxy. What scientific questions could you ask about this planet?,Is there air? Are there living organisms? Is there gravity?,SCTT-ResearchQuestion,centaur,10
centaur_035,BUCKET,Use it as a trashcan to collect recyclable materials for money.,AUT,centaur,11
centaur_035,Develop as many design ideas as you can to increase the use of renewable energy sources.,Increase public knowledge about how much energy solar panels generate compared to coal plants.,Design,centaur,14
centaur_035,BRICK,Build an igloo out of them.,AUT,centaur,6
centaur_035,Develop as many design ideas as you can to reduce traffic congestion in mega cities.,Create a system where cars drive on magnetic rails instead of roads.,Design,centaur,12
centaur_035,PENCIL,Make toothpicks.,AUT,centaur,2
centaur_035,bridge-river-cross,There was once a river that ran through a town. The townspeople built a bridge across the river so that they could cross safely.,Story,centaur,24
centaur_036,PENCIL,SCENARIO: PENCIL,AUT,centaur,2
centaur_036,You notice that the water in one lake is warmer than the water in another lake even though they both get the same amount of sunlight. What hypotheses do you have about why that is?,SCENARIO: You notice that the water in one lake is warmer than the water in another lake even though they both get the same amount of sunlight. What hypotheses do you have about why that is?,SCTT-Hypothesis,centaur,36
centaur_036,KNIFE,SCENARIO: KNIFE,AUT,centaur,2
centaur_036,BUCKET,SCENARIO: BUCKET,AUT,centaur,2
centaur_036,key-door-lock,SCENARIO: key-door-lock,Story,centaur,2
centaur_036,You are introduced to a robot that can learn and think like humans. What scientific questions could you ask about this?,SCENARIO: You are introduced to a robot that can learn and think like humans. What scientific questions could you ask about this?,SCTT-ResearchQuestion,centaur,22
centaur_036,mirror-face-reflection,SCENARIO: mirror-face-reflection,Story,centaur,2
centaur_036,Develop as many design ideas as you can to help people with mobility impairments navigate stairs.,SCENARIO: help people with mobility impairments navigate stairs.,Design,centaur,8
centaur_036,Develop as many design ideas as you can to reduce traffic congestion in mega cities.,SCENARIO: reduce traffic congestion in mega cities.,Design,centaur,7
centaur_036,Develop as many design ideas as you can to increase the use of renewable energy sources.,SCENARIO: increase the use of renewable energy sources.,Design,centaur,8
centaur_036,bridge-river-cross,SCENARIO: bridge-river-cross,Story,centaur,2
centaur_036,You travel on a spaceship to a new planet outside of our galaxy. What scientific questions could you ask about this planet?,SCENARIO: You travel on a spaceship to a new planet outside of our galaxy. What scientific questions could you ask about this planet?,SCTT-ResearchQuestion,centaur,23
centaur_036,BRICK,SCENARIO: BRICK,AUT,centaur,2
centaur_036,You look outside one night and see stars disappearing one by one from the sky. What hypotheses do you have about why that is?,SCENARIO: You look outside one night and see stars disappearing one by one from the sky. What hypotheses do you have about why that is?,SCTT-Hypothesis,centaur,25
centaur_036,Develop as many design ideas as you can to assist people with memory impairments remember important tasks.,SCENARIO: assist people with memory impairments remember important tasks.,Design,centaur,9
centaur_036,pen-paper-story,SCENARIO: pen-paper-story,Story,centaur,2
centaur_037,You look outside one night and see stars disappearing one by one from the sky. What hypotheses do you have about why that is?,It's because there was a solar eclipse.,SCTT-Hypothesis,centaur,7
centaur_037,Develop as many design ideas as you can to increase the use of renewable energy sources.,Create more wind turbines around the world.,Design,centaur,7
centaur_037,Develop as many design ideas as you can to reduce traffic congestion in mega cities.,Build more public transport systems.,Design,centaur,5
centaur_037,You notice that the water in one lake is warmer than the water in another lake even though they both get the same amount of sunlight. What hypotheses do you have about why that is?,There is a difference between the temperature of the lakes themselves.,SCTT-Hypothesis,centaur,11
centaur_037,You travel on a spaceship to a new planet outside of our galaxy. What scientific questions could you ask about this planet?,How long has it been since the planet had inhabitants?,SCTT-ResearchQuestion,centaur,10
centaur_037,BRICK,Use bricks as weights.,AUT,centaur,4
centaur_037,You are introduced to a robot that can learn and think like humans. What scientific questions could you ask about this?,Does the robot dream?,SCTT-ResearchQuestion,centaur,4
centaur_037,mirror-face-reflection,The girl looked into the mirror and saw her reflection looking back at her.,Story,centaur,14
centaur_037,bridge-river-cross,I crossed over the river using the bridge.,Story,centaur,8
centaur_037,PENCIL,A pencil can be used as a drumstick.,AUT,centaur,8
centaur_037,Develop as many design ideas as you can to assist people with memory impairments remember important tasks.,Have them carry a notebook everywhere so they can write down what they need to do.,Design,centaur,16
centaur_037,KNIFE,Cut a tree branch off.,AUT,centaur,5
centaur_037,pen-paper-story,He wrote a story using his pen and paper.,Story,centaur,9
centaur_037,BUCKET,Fill it up with water and throw it on a fire.,AUT,centaur,11
centaur_037,key-door-lock,She locked the door with the key.,Story,centaur,7
centaur_037,Develop as many design ideas as you can to help people with mobility impairments navigate stairs.,Build escalators instead of steps.,Design,centaur,5
centaur_038,PENCIL,,AUT,centaur,0
centaur_038,Develop as many design ideas as you can to increase the use of renewable energy sources.,,Design,centaur,0
centaur_038,pen-paper-story,,Story,centaur,0
centaur_038,mirror-face-reflection,,Story,centaur,0
centaur_038,You notice that the water in one lake is warmer than the water in another lake even though they both get the same amount of sunlight. What hypotheses do you have about why that is?,,SCTT-Hypothesis,centaur,0
centaur_038,BUCKET,,AUT,centaur,0
centaur_038,BRICK,,AUT,centaur,0
centaur_038,key-door-lock,,Story,centaur,0
centaur_038,KNIFE,,AUT,centaur,0
centaur_038,You travel on a spaceship to a new planet outside of our galaxy. What scientific questions could you ask about this planet?,,SCTT-ResearchQuestion,centaur,0
centaur_038,Develop as many design ideas as you can to help people with mobility impairments navigate stairs.,,Design,centaur,0
centaur_038,You are introduced to a robot that can learn and think like humans. What scientific questions could you ask about this?,,SCTT-ResearchQuestion,centaur,0
centaur_038,Develop as many design ideas as you can to assist people with memory impairments remember important tasks.,,Design,centaur,0
centaur_038,Develop as many design ideas as you can to reduce traffic congestion in mega cities.,,Design,centaur,0
centaur_038,You look outside one night and see stars disappearing one by one from the sky. What hypotheses do you have about why that is?,,SCTT-Hypothesis,centaur,0
centaur_038,bridge-river-cross,,Story,centaur,0
centaur_039,bridge-river-cross,A woman needed to cross a river but she couldn't swim so she walked across the bridge.,Story,centaur,17
centaur_039,You are introduced to a robot that can learn and think like humans. What scientific questions could you ask about this?,Will it be capable of solving complex problems?,SCTT-ResearchQuestion,centaur,8
centaur_039,BRICK,Use bricks as weights,AUT,centaur,4
centaur_039,pen-paper-story,The author sat down at her desk with her pen and paper and wrote a story.,Story,centaur,16
centaur_039,You look outside one night and see stars disappearing one by one from the sky. What hypotheses do you have about why that is?,The stars were being sucked into a black hole,SCTT-Hypothesis,centaur,9
centaur_039,Develop as many design ideas as you can to assist people with memory impairments remember important tasks.,Have them write their tasks on a sticky note and place it somewhere where they will regularly see it throughout the day,Design,centaur,22
centaur_039,Develop as many design ideas as you can to increase the use of renewable energy sources.,Use solar panels to power things that would otherwise run off electricity,Design,centaur,12
centaur_039,Develop as many design ideas as you can to reduce traffic congestion in mega cities.,Make public transportation more accessible so less people drive cars,Design,centaur,10
centaur_039,KNIFE,Use it as a sword,AUT,centaur,5
centaur_039,mirror-face-reflection,The girl looked into the mirror and saw herself looking back at her.,Story,centaur,13
centaur_039,Develop as many design ideas as you can to help people with mobility impairments navigate stairs.,Put an escalator instead of normal stairs,Design,centaur,7
centaur_039,You travel on a spaceship to a new planet outside of our galaxy. What scientific questions could you ask about this planet?,Is there life on this planet?,SCTT-ResearchQuestion,centaur,6
centaur_039,key-door-lock,She wanted to unlock the door but she lost the key,Story,centaur,11
centaur_039,BUCKET,Use it as a stool,AUT,centaur,5
centaur_039,PENCIL,Use it to defend yourself,AUT,centaur,5
centaur_039,You notice that the water in one lake is warmer than the water in another lake even though they both get the same amount of sunlight. What hypotheses do you have about why that is?,One lake might be shallower than the other,SCTT-Hypothesis,centaur,8
centaur_040,Develop as many design ideas as you can to assist people with memory impairments remember important tasks.,"reminder app, voice activated",Design,centaur,4
centaur_040,Develop as many design ideas as you can to reduce traffic congestion in mega cities.,wider roads,Design,centaur,2
centaur_040,You travel on a spaceship to a new planet outside of our galaxy. What scientific questions could you ask about this planet?,what is the atmosphere?,SCTT-ResearchQuestion,centaur,4
centaur_040,You notice that the water in one lake is warmer than the water in another lake even though they both get the same amount of sunlight. What hypotheses do you have about why that is?,depth of water,SCTT-Hypothesis,centaur,3
centaur_040,pen-paper-story,"A man writes a story, but only uses paper and a pen. It's all he has.",Story,centaur,16
centaur_040,You are introduced to a robot that can learn and think like humans. What scientific questions could you ask about this?,how does it work?,SCTT-ResearchQuestion,centaur,4
centaur_040,BRICK,a door stop,AUT,centaur,3
centaur_040,mirror-face-reflection,The face looked back at her through the reflection in the mirror.,Story,centaur,12
centaur_040,BUCKET,foot rest,AUT,centaur,2
centaur_040,PENCIL,drumstick,AUT,centaur,1
centaur_040,Develop as many design ideas as you can to increase the use of renewable energy sources.,solar power plants,Design,centaur,3
centaur_040,bridge-river-cross,People cross over the river on the bridge.,Story,centaur,8
centaur_040,KNIFE,ruler,AUT,centaur,1
centaur_040,key-door-lock,A person opens the door to their house and locks it again.,Story,centaur,12
centaur_040,You look outside one night and see stars disappearing one by one from the sky. What hypotheses do you have about why that is?,aliens,SCTT-Hypothesis,centaur,1
centaur_040,Develop as many design ideas as you can to help people with mobility impairments navigate stairs.,ramp,Design,centaur,1
centaur_041,key-door-lock,He finally found his keys under the bed and opened the door.,Story,centaur,12
centaur_041,Develop as many design ideas as you can to help people with mobility impairments navigate stairs.,Build ramps next to stairs.,Design,centaur,5
centaur_041,You notice that the water in one lake is warmer than the water in another lake even though they both get the same amount of sunlight. What hypotheses do you have about why that is?,The first lake has more sediment at the bottom which absorbs heat better than the second lake.,SCTT-Hypothesis,centaur,17
centaur_041,Develop as many design ideas as you can to reduce traffic congestion in mega cities.,Implement bus rapid transit systems.,Design,centaur,5
centaur_041,mirror-face-reflection,She looked into the mirror and saw her reflection as she did every morning before work.,Story,centaur,16
centaur_041,bridge-river-cross,They crossed the bridge over the river.,Story,centaur,7
centaur_041,KNIFE,Use it to pry things open.,AUT,centaur,6
centaur_041,BUCKET,Carry ice to keep drinks cold while hiking.,AUT,centaur,8
centaur_041,You travel on a spaceship to a new planet outside of our galaxy. What scientific questions could you ask about this planet?,"Is there life on this planet? If so, what does it look like?",SCTT-ResearchQuestion,centaur,13
centaur_041,pen-paper-story,He wrote his story using the pen and paper he had purchased earlier.,Story,centaur,13
centaur_041,You look outside one night and see stars disappearing one by one from the sky. What hypotheses do you have about why that is?,A black hole may be consuming them.,SCTT-Hypothesis,centaur,7
centaur_041,You are introduced to a robot that can learn and think like humans. What scientific questions could you ask about this?,How was it created?,SCTT-ResearchQuestion,centaur,4
centaur_041,Develop as many design ideas as you can to assist people with memory impairments remember important tasks.,Create a phone application where they can set reminders and alarms.,Design,centaur,11
centaur_041,PENCIL,Make a small box out of pencils to hold change.,AUT,centaur,10
centaur_041,Develop as many design ideas as you can to increase the use of renewable energy sources.,Build wind turbines in windy areas to generate electricity.,Design,centaur,9
centaur_041,BRICK,Use bricks to build a fire pit.,AUT,centaur,7
centaur_042,You look outside one night and see stars disappearing one by one from the sky. What hypotheses do you have about why that is?,The starlight was being blocked by something in space.,SCTT-Hypothesis,centaur,9
centaur_042,KNIFE,It can be used as a weapon.,AUT,centaur,7
centaur_042,BUCKET,It can store water.,AUT,centaur,4
centaur_042,PENCIL,A pencil can be used to draw.,AUT,centaur,7
centaur_042,mirror-face-reflection,When I looked into the mirror I saw my face looking back at me.,Story,centaur,14
centaur_042,You are introduced to a robot that can learn and think like humans. What scientific questions could you ask about this?,How does it learn?,SCTT-ResearchQuestion,centaur,4
centaur_042,key-door-lock,"I put the key in the door and turned it, but it wouldn't turn.",Story,centaur,14
centaur_042,pen-paper-story,I picked up the pen and paper and started writing my story.,Story,centaur,12
centaur_042,bridge-river-cross,I walked over the bridge across the river and reached the other side.,Story,centaur,13
centaur_042,You notice that the water in one lake is warmer than the water in another lake even though they both get the same amount of sunlight. What hypotheses do you have about why that is?,There might be more algae or bacteria in one body of water than another.,SCTT-Hypothesis,centaur,14
centaur_042,Develop as many design ideas as you can to increase the use of renewable energy sources.,Build solar panels.,Design,centaur,3
centaur_042,Develop as many design ideas as you can to help people with mobility impairments navigate stairs.,Install a ramp next to the stairs.,Design,centaur,7
centaur_042,BRICK,Use them to build a house.,AUT,centaur,6
centaur_042,Develop as many design ideas as you can to assist people with memory impairments remember important tasks.,Use sticky notes to write reminders.,Design,centaur,6
centaur_042,Develop as many design ideas as you can to reduce traffic congestion in mega cities.,Make cars smaller so more fit on the roads.,Design,centaur,9
centaur_042,You travel on a spaceship to a new planet outside of our galaxy. What scientific questions could you ask about this planet?,How did life evolve here?,SCTT-ResearchQuestion,centaur,5
centaur_043,PENCIL,SCENARIO: PENCIL,AUT,centaur,2
centaur_043,You notice that the water in one lake is warmer than the water in another lake even though they both get the same amount of sunlight. What hypotheses do you have about why that is?,SCENARIO: You notice that the water in one lake is warmer than the water in another lake even though they both get the same amount of sunlight. What hypotheses do you have about why that is?,SCTT-Hypothesis,centaur,36
centaur_043,BRICK,SCENARIO: BRICK,AUT,centaur,2
centaur_043,bridge-river-cross,SCENARIO: bridge-river-cross,Story,centaur,2
centaur_043,Develop as many design ideas as you can to reduce traffic congestion in mega cities.,SCENARIO: reduce traffic congestion in mega cities.,Design,centaur,7
centaur_043,Develop as many design ideas as you can to help people with mobility impairments navigate stairs.,SCENARIO: help people with mobility impairments navigate stairs.,Design,centaur,8
centaur_043,BUCKET,SCENARIO: BUCKET,AUT,centaur,2
centaur_043,Develop as many design ideas as you can to assist people with memory impairments remember important tasks.,SCENARIO: assist people with memory impairments remember important tasks.,Design,centaur,9
centaur_043,pen-paper-story,SCENARIO: pen-paper-story,Story,centaur,2
centaur_043,key-door-lock,SCENARIO: key-door-lock,Story,centaur,2
centaur_043,mirror-face-reflection,SCENARIO: mirror-face-reflection,Story,centaur,2
centaur_043,You travel on a spaceship to a new planet outside of our galaxy. What scientific questions could you ask about this planet?,SCENARIO: You travel on a spaceship to a new planet outside of our galaxy. What scientific questions could you ask about this planet?,SCTT-ResearchQuestion,centaur,23
centaur_043,You are introduced to a robot that can learn and think like humans. What scientific questions could you ask about this?,SCENARIO: You are introduced to a robot that can learn and think like humans. What scientific questions could you ask about this?,SCTT-ResearchQuestion,centaur,22
centaur_043,You look outside one night and see stars disappearing one by one from the sky. What hypotheses do you have about why that is?,SCENARIO: You look outside one night and see stars disappearing one by one from the sky. What hypotheses do you have about why that is?,SCTT-Hypothesis,centaur,25
centaur_043,Develop as many design ideas as you can to increase the use of renewable energy sources.,SCENARIO: increase the use of renewable energy sources.,Design,centaur,8
centaur_043,KNIFE,SCENARIO: KNIFE,AUT,centaur,2
centaur_044,Develop as many design ideas as you can to reduce traffic congestion in mega cities.,,Design,centaur,0
centaur_044,pen-paper-story,,Story,centaur,0
centaur_044,BUCKET,,AUT,centaur,0
centaur_044,BRICK,,AUT,centaur,0
centaur_044,PENCIL,,AUT,centaur,0
centaur_044,You are introduced to a robot that can learn and think like humans. What scientific questions could you ask about this?,,SCTT-ResearchQuestion,centaur,0
centaur_044,bridge-river-cross,,Story,centaur,0
centaur_044,Develop as many design ideas as you can to assist people with memory impairments remember important tasks.,,Design,centaur,0
centaur_044,Develop as many design ideas as you can to increase the use of renewable energy sources.,,Design,centaur,0
centaur_044,You notice that the water in one lake is warmer than the water in another lake even though they both get the same amount of sunlight. What hypotheses do you have about why that is?,,SCTT-Hypothesis,centaur,0
centaur_044,Develop as many design ideas as you can to help people with mobility impairments navigate stairs.,,Design,centaur,0
centaur_044,You travel on a spaceship to a new planet outside of our galaxy. What scientific questions could you ask about this planet?,,SCTT-ResearchQuestion,centaur,0
centaur_044,You look outside one night and see stars disappearing one by one from the sky. What hypotheses do you have about why that is?,,SCTT-Hypothesis,centaur,0
centaur_044,KNIFE,,AUT,centaur,0
centaur_044,mirror-face-reflection,,Story,centaur,0
centaur_044,key-door-lock,,Story,centaur,0
centaur_045,BUCKET,"Bucket: A rain catcher, a bucket of paint, a giant hat, a place to keep things, a stool, a mini boat.",AUT,centaur,21
centaur_045,KNIFE,"Knife: To chop vegetables, to stab someone (bad), a self-defense weapon, to cut bread, to scare someone, to eat food with it.",AUT,centaur,22
centaur_045,key-door-lock,The door won't open because the key broke off inside the lock. The person has to wait for maintenance to fix it.,Story,centaur,22
centaur_045,Develop as many design ideas as you can to reduce traffic congestion in mega cities.,Build more roads and bridges. Make public transportation easier to access. Build more houses outside of the city so less people need to commute.,Design,centaur,24
centaur_045,You are introduced to a robot that can learn and think like humans. What scientific questions could you ask about this?,Does the robot feel emotions? Is there any danger of the robot becoming too powerful?,SCTT-ResearchQuestion,centaur,15
centaur_045,bridge-river-cross,A man crosses the river using a bridge. He sees a fish swimming underneath him. He feels sad that he can't play with it.,Story,centaur,24
centaur_045,Develop as many design ideas as you can to assist people with memory impairments remember important tasks.,Write everything down in a calendar or planner. Use a phone app that reminds you when something needs to be done.,Design,centaur,21
centaur_045,Develop as many design ideas as you can to help people with mobility impairments navigate stairs.,Add a ramp to every staircase. Make sure all buildings have elevators. Add handrails to staircases.,Design,centaur,16
centaur_045,Develop as many design ideas as you can to increase the use of renewable energy sources.,Use solar panels in every house. Use electric cars instead of gas powered cars. Have solar power farms.,Design,centaur,18
centaur_045,BRICK,"Brick: A building material, a paper weight, a decoration, a weapon, a door stopper, a tool holder, a bookend.",AUT,centaur,19
centaur_045,You notice that the water in one lake is warmer than the water in another lake even though they both get the same amount of sunlight. What hypotheses do you have about why that is?,One lake gets more wind so it cools down faster. One lake has a darker color so it absorbs more heat. One lake is deeper.,SCTT-Hypothesis,centaur,25
centaur_045,mirror-face-reflection,A woman looks at herself in the mirror. She likes her hair but doesn't like her clothes. So she changes into something else.,Story,centaur,23
centaur_045,You look outside one night and see stars disappearing one by one from the sky. What hypotheses do you have about why that is?,It's raining really hard so it makes the sky cloudy. There's a massive storm approaching. It's nighttime so I'm not seeing anything clearly.,SCTT-Hypothesis,centaur,23
centaur_045,PENCIL,"Pencil: To write with, to draw with, a measuring stick, to throw at someone, as a decoration, to poke holes with, to stir drinks with.",AUT,centaur,25
centaur_045,pen-paper-story,A boy writes a story in his notebook. He wants to make a comic book. So he draws pictures to go along with the story.,Story,centaur,25
centaur_045,You travel on a spaceship to a new planet outside of our galaxy. What scientific questions could you ask about this planet?,Is there oxygen on this planet? Can humans survive on this planet? Do other life forms exist here?,SCTT-ResearchQuestion,centaur,18
centaur_046,KNIFE,A knife can be used as a light reflector or a mirror.,AUT,centaur,12
centaur_046,You are introduced to a robot that can learn and think like humans. What scientific questions could you ask about this?,How would you differentiate between a human and a robot?,SCTT-ResearchQuestion,centaur,10
centaur_046,pen-paper-story,Once upon a time there was a pen that wrote a paper. The paper told a story about a girl who became friends with a pencil.,Story,centaur,26
centaur_046,You notice that the water in one lake is warmer than the water in another lake even though they both get the same amount of sunlight. What hypotheses do you have about why that is?,Perhaps the water in that lake has higher levels of salt.,SCTT-Hypothesis,centaur,11
centaur_046,Develop as many design ideas as you can to reduce traffic congestion in mega cities.,Reduce the number of cars on the road by improving public transportation.,Design,centaur,12
centaur_046,BRICK,Bricks can be used as paperweights or doorstops.,AUT,centaur,8
centaur_046,Develop as many design ideas as you can to help people with mobility impairments navigate stairs.,Design wheelchairs that can go up stairs or ramps.,Design,centaur,9
centaur_046,Develop as many design ideas as you can to increase the use of renewable energy sources.,Educate people about the importance of renewable resources and their benefits.,Design,centaur,11
centaur_046,BUCKET,A bucket can serve as a storage unit for tools or personal items.,AUT,centaur,13
centaur_046,bridge-river-cross,I walked across the bridge to cross over the river.,Story,centaur,10
centaur_046,mirror-face-reflection,"When I looked into the mirror, my reflection looked back at me.",Story,centaur,12
centaur_046,Develop as many design ideas as you can to assist people with memory impairments remember important tasks.,Have alarms set on phones to remind them to take medication or perform certain tasks.,Design,centaur,15
centaur_046,You travel on a spaceship to a new planet outside of our galaxy. What scientific questions could you ask about this planet?,Is the atmosphere breathable? Do any organisms live there?,SCTT-ResearchQuestion,centaur,9
centaur_046,key-door-lock,I inserted the key into the lock so that I could open the door.,Story,centaur,14
centaur_046,You look outside one night and see stars disappearing one by one from the sky. What hypotheses do you have about why that is?,Perhaps a solar flare or other space phenomenon blocked the light emitted from the stars.,SCTT-Hypothesis,centaur,15
centaur_046,PENCIL,A pencil can also be used as a ruler or to create art.,AUT,centaur,13
centaur_047,Develop as many design ideas as you can to increase the use of renewable energy sources.,,Design,centaur,0
centaur_047,You travel on a spaceship to a new planet outside of our galaxy. What scientific questions could you ask about this planet?,,SCTT-ResearchQuestion,centaur,0
centaur_047,PENCIL,,AUT,centaur,0
centaur_047,KNIFE,,AUT,centaur,0
centaur_047,BRICK,,AUT,centaur,0
centaur_047,Develop as many design ideas as you can to reduce traffic congestion in mega cities.,,Design,centaur,0
centaur_047,mirror-face-reflection,,Story,centaur,0
centaur_047,BUCKET,,AUT,centaur,0
centaur_047,pen-paper-story,,Story,centaur,0
centaur_047,Develop as many design ideas as you can to assist people with memory impairments remember important tasks.,,Design,centaur,0
centaur_047,key-door-lock,,Story,centaur,0
centaur_047,You notice that the water in one lake is warmer than the water in another lake even though they both get the same amount of sunlight. What hypotheses do you have about why that is?,,SCTT-Hypothesis,centaur,0
centaur_047,Develop as many design ideas as you can to help people with mobility impairments navigate stairs.,,Design,centaur,0
centaur_047,You are introduced to a robot that can learn and think like humans. What scientific questions could you ask about this?,,SCTT-ResearchQuestion,centaur,0
centaur_047,bridge-river-cross,,Story,centaur,0
centaur_047,You look outside one night and see stars disappearing one by one from the sky. What hypotheses do you have about why that is?,,SCTT-Hypothesis,centaur,0
centaur_048,You look outside one night and see stars disappearing one by one from the sky. What hypotheses do you have about why that is?,"The stars are not being absorbed by black holes, but instead are dying because they cannot produce enough heat anymore due to fuel shortage.",SCTT-Hypothesis,centaur,24
centaur_048,Develop as many design ideas as you can to reduce traffic congestion in mega cities.,Require everyone to drive electric cars.,Design,centaur,6
centaur_048,BRICK,A wall where you can write notes on it.,AUT,centaur,9
centaur_048,KNIFE,Cut out paper.,AUT,centaur,3
centaur_048,Develop as many design ideas as you can to increase the use of renewable energy sources.,Use solar panels on rooftops.,Design,centaur,5
centaur_048,key-door-lock,The man locks his door and drops the key on the floor. He then takes his keys back out of his pocket.,Story,centaur,22
centaur_048,bridge-river-cross,I cross the river over a wooden bridge.,Story,centaur,8
centaur_048,pen-paper-story,I write my paper for school with a pen.,Story,centaur,9
centaur_048,PENCIL,Poke your friend's hand as a joke.,AUT,centaur,7
centaur_048,You notice that the water in one lake is warmer than the water in another lake even though they both get the same amount of sunlight. What hypotheses do you have about why that is?,The first lake has less wind than the second lake so its temperature does not decrease as much.,SCTT-Hypothesis,centaur,18
centaur_048,Develop as many design ideas as you can to assist people with memory impairments remember important tasks.,Remind them through technology such as phone apps or computer software.,Design,centaur,11
centaur_048,mirror-face-reflection,I stare at myself in the mirror. I am happy with how I look.,Story,centaur,14
centaur_048,Develop as many design ideas as you can to help people with mobility impairments navigate stairs.,Install stairlifts in homes.,Design,centaur,4
centaur_048,You are introduced to a robot that can learn and think like humans. What scientific questions could you ask about this?,How long would it take for the robot to fully mimic human behavior?,SCTT-ResearchQuestion,centaur,13
centaur_048,BUCKET,Wear it on your head as a hat.,AUT,centaur,8
centaur_048,You travel on a spaceship to a new planet outside of our galaxy. What scientific questions could you ask about this planet?,Is there any life on the planet?,SCTT-ResearchQuestion,centaur,7
centaur_049,You look outside one night and see stars disappearing one by one from the sky. What hypotheses do you have about why that is?,,SCTT-Hypothesis,centaur,0
centaur_049,You notice that the water in one lake is warmer than the water in another lake even though they both get the same amount of sunlight. What hypotheses do you have about why that is?,,SCTT-Hypothesis,centaur,0
centaur_049,You travel on a spaceship to a new planet outside of our galaxy. What scientific questions could you ask about this planet?,,SCTT-ResearchQuestion,centaur,0
centaur_049,You are introduced to a robot that can learn and think like humans. What scientific questions could you ask about this?,,SCTT-ResearchQuestion,centaur,0
centaur_049,pen-paper-story,,Story,centaur,0
centaur_049,BRICK,,AUT,centaur,0
centaur_049,Develop as many design ideas as you can to assist people with memory impairments remember important tasks.,,Design,centaur,0
centaur_049,KNIFE,,AUT,centaur,0
centaur_049,Develop as many design ideas as you can to reduce traffic congestion in mega cities.,,Design,centaur,0
centaur_049,BUCKET,,AUT,centaur,0
centaur_049,PENCIL,,AUT,centaur,0
centaur_049,mirror-face-reflection,,Story,centaur,0
centaur_049,bridge-river-cross,,Story,centaur,0
centaur_049,key-door-lock,,Story,centaur,0
centaur_049,Develop as many design ideas as you can to increase the use of renewable energy sources.,,Design,centaur,0
centaur_049,Develop as many design ideas as you can to help people with mobility impairments navigate stairs.,,Design,centaur,0
centaur_050,BUCKET,You can tie it up at the end of a rope so you can swing from tree branch to tree branch.,AUT,centaur,21
centaur_050,mirror-face-reflection,I looked into the mirror to see my own face staring back at me. It was always there but today something was different. My reflection was looking away. When I turned around no one was behind me.,Story,centaur,37
centaur_050,key-door-lock,The door would not open when I tried to unlock it. There must be a malfunction with either the key or the lock itself.,Story,centaur,24
centaur_050,pen-paper-story,I wrote my story on paper with a pen. It wasn't long before the ink ran dry because the story had been so long.,Story,centaur,24
centaur_050,You look outside one night and see stars disappearing one by one from the sky. What hypotheses do you have about why that is?,Perhaps the Earth's orbit has moved us closer to the sun which causes light pollution that blocks out starlight.,SCTT-Hypothesis,centaur,19
centaur_050,You are introduced to a robot that can learn and think like humans. What scientific questions could you ask about this?,Does this robot have consciousness? Is it sentient?,SCTT-ResearchQuestion,centaur,8
centaur_050,Develop as many design ideas as you can to increase the use of renewable energy sources.,"We should develop technology that allows us to harness natural energy sources such as wind, solar power, hydroelectricity, etc.",Design,centaur,19
centaur_050,Develop as many design ideas as you can to help people with mobility impairments navigate stairs.,A ramp can allow individuals who cannot walk to move their wheelchair up the stairs.,Design,centaur,15
centaur_050,You notice that the water in one lake is warmer than the water in another lake even though they both get the same amount of sunlight. What hypotheses do you have about why that is?,One lake is saltwater while the other is freshwater causing them to warm at different rates despite getting the same amount of sunlight.,SCTT-Hypothesis,centaur,23
centaur_050,Develop as many design ideas as you can to assist people with memory impairments remember important tasks.,An alarm system that can remind people of what they need to do throughout the day.,Design,centaur,16
centaur_050,bridge-river-cross,I crossed the bridge over the river. I stopped to take some pictures of the scenery. The view was beautiful!,Story,centaur,20
centaur_050,Develop as many design ideas as you can to reduce traffic congestion in mega cities.,Cars can drive down streets underground to avoid congesting main roads.,Design,centaur,11
centaur_050,You travel on a spaceship to a new planet outside of our galaxy. What scientific questions could you ask about this planet?,How does life exist outside of our galaxy? Are we alone here?,SCTT-ResearchQuestion,centaur,12
centaur_050,BRICK,Bricks can be used to make structures or walls. They can also be used to build homes.,AUT,centaur,17
centaur_050,PENCIL,Pencils can be used to write notes or draw pictures. Some pencils contain lead and others contain graphite.,AUT,centaur,18
centaur_050,KNIFE,Knives can be used to cut food. They can also be used to protect yourself if necessary.,AUT,centaur,17
centaur_051,Develop as many design ideas as you can to assist people with memory impairments remember important tasks.,Using technology to remind them when and what to do,Design,centaur,10
centaur_051,BUCKET,Protecting head during construction work.,AUT,centaur,5
centaur_051,BRICK,Making furniture out of bricks,AUT,centaur,5
centaur_051,Develop as many design ideas as you can to reduce traffic congestion in mega cities.,Implement public transportation systems to reduce the number of cars on the road.,Design,centaur,13
centaur_051,bridge-river-cross,I walked across the river with the help of the bridge.,Story,centaur,11
centaur_051,pen-paper-story,The pen wrote the story down on paper.,Story,centaur,8
centaur_051,You are introduced to a robot that can learn and think like humans. What scientific questions could you ask about this?,How does its brain function compare to a human?,SCTT-ResearchQuestion,centaur,9
centaur_051,You notice that the water in one lake is warmer than the water in another lake even though they both get the same amount of sunlight. What hypotheses do you have about why that is?,It might be because there are more rocks below the surface of one lake compared to the other which makes it easier to trap heat.,SCTT-Hypothesis,centaur,25
centaur_051,mirror-face-reflection,"When I looked at my reflection in the mirror, I saw myself looking back.",Story,centaur,14
centaur_051,PENCIL,Using pencil to draw a picture,AUT,centaur,6
centaur_051,You travel on a spaceship to a new planet outside of our galaxy. What scientific questions could you ask about this planet?,Does gravity act differently here compared to earth?,SCTT-ResearchQuestion,centaur,8
centaur_051,key-door-lock,He turned the key to open the door but found out it was locked.,Story,centaur,14
centaur_051,Develop as many design ideas as you can to increase the use of renewable energy sources.,Use solar power instead of coal power.,Design,centaur,7
centaur_051,You look outside one night and see stars disappearing one by one from the sky. What hypotheses do you have about why that is?,There is a dense cloud covering the entire sky so we cannot see the stars anymore.,SCTT-Hypothesis,centaur,16
centaur_051,KNIFE,Using knife as a weapon,AUT,centaur,5
centaur_051,Develop as many design ideas as you can to help people with mobility impairments navigate stairs.,Build ramps alongside stairs to allow those who require it access.,Design,centaur,11
centaur_052,You notice that the water in one lake is warmer than the water in another lake even though they both get the same amount of sunlight. What hypotheses do you have about why that is?,The first lake has a higher surface area so it has more opportunity to absorb heat.,SCTT-Hypothesis,centaur,16
centaur_052,You are introduced to a robot that can learn and think like humans. What scientific questions could you ask about this?,How long does it take the robot to learn how to perform human tasks?,SCTT-ResearchQuestion,centaur,14
centaur_052,KNIFE,Use a knife as a screwdriver,AUT,centaur,6
centaur_052,Develop as many design ideas as you can to help people with mobility impairments navigate stairs.,Install ramps next to the steps to accommodate wheelchairs,Design,centaur,9
centaur_052,bridge-river-cross,A bridge was built across a river so that people did not need to cross it.,Story,centaur,16
centaur_052,Develop as many design ideas as you can to increase the use of renewable energy sources.,Incentivize solar panels by offering tax breaks,Design,centaur,7
centaur_052,Develop as many design ideas as you can to assist people with memory impairments remember important tasks.,Use a personal assistant app to remind them to do things regularly.,Design,centaur,12
centaur_052,mirror-face-reflection,Someone looked into a mirror and saw their face reflected back at them.,Story,centaur,13
centaur_052,key-door-lock,You used your keys to unlock your door and lock it shut when you leave.,Story,centaur,15
centaur_052,pen-paper-story,You wrote a story down on paper with a pen.,Story,centaur,10
centaur_052,PENCIL,Use a pencil as a small hammer,AUT,centaur,7
centaur_052,Develop as many design ideas as you can to reduce traffic congestion in mega cities.,Construct high speed railways to make traveling easier without cars.,Design,centaur,10
centaur_052,You travel on a spaceship to a new planet outside of our galaxy. What scientific questions could you ask about this planet?,Is there life on this planet? Can we communicate with it?,SCTT-ResearchQuestion,centaur,11
centaur_052,BRICK,Make bricks out of something other than clay.,AUT,centaur,8
centaur_052,You look outside one night and see stars disappearing one by one from the sky. What hypotheses do you have about why that is?,There might be a giant invisible hand that is picking up all of the stars.,SCTT-Hypothesis,centaur,15
centaur_052,BUCKET,Use a bucket as a seat,AUT,centaur,6
centaur_053,KNIFE,"""Could serve as a knife holder""",AUT,centaur,6
centaur_053,pen-paper-story,"""The pen writes on paper. The story comes alive.""",Story,centaur,9
centaur_053,Develop as many design ideas as you can to reduce traffic congestion in mega cities.,"""Create more roads/highways so cars don't have to go through the same streets.""",Design,centaur,13
centaur_053,mirror-face-reflection,"""You walk up to a mirror, but your face isn't reflected back.""",Story,centaur,12
centaur_053,Develop as many design ideas as you can to increase the use of renewable energy sources.,"""Use solar power on everything possible (cars, homes, etc.)""",Design,centaur,9
centaur_053,Develop as many design ideas as you can to assist people with memory impairments remember important tasks.,"""Create a medication that helps people retain information better.""",Design,centaur,9
centaur_053,key-door-lock,"""A lock holds the door shut so no one can enter without a key.""",Story,centaur,14
centaur_053,You notice that the water in one lake is warmer than the water in another lake even though they both get the same amount of sunlight. What hypotheses do you have about why that is?,"""One lake has a layer of algae covering it which traps heat inside the lake.""",SCTT-Hypothesis,centaur,15
centaur_053,BUCKET,"""Could hold rainwater during storms to later re-use.""",AUT,centaur,8
centaur_053,You look outside one night and see stars disappearing one by one from the sky. What hypotheses do you have about why that is?,"""There's some sort of gas leak that is blocking starlight from reaching earth.""",SCTT-Hypothesis,centaur,13
centaur_053,You are introduced to a robot that can learn and think like humans. What scientific questions could you ask about this?,"""How does the robot store memories? Is there a physical component or just code?""",SCTT-ResearchQuestion,centaur,14
centaur_053,Develop as many design ideas as you can to help people with mobility impairments navigate stairs.,"""Install a wheelchair ramp next to the stairway.""",Design,centaur,8
centaur_053,bridge-river-cross,"""You cross a bridge over a river to reach the other side.""",Story,centaur,12
centaur_053,You travel on a spaceship to a new planet outside of our galaxy. What scientific questions could you ask about this planet?,"""What is the atmosphere of the planet like?""",SCTT-ResearchQuestion,centaur,8
centaur_053,PENCIL,"""To make art by drawing with graphite pencils on canvas.""",AUT,centaur,10
centaur_053,BRICK,"""To build a firepit in the backyard.""",AUT,centaur,7
centaur_054,Develop as many design ideas as you can to help people with mobility impairments navigate stairs.,A stair lift chair that can take people up the steps.,Design,centaur,11
centaur_054,PENCIL,Use it as a sword.,AUT,centaur,5
centaur_054,mirror-face-reflection,A person looked into their reflection at a mirror and saw someone else looking back at them.,Story,centaur,17
centaur_054,Develop as many design ideas as you can to increase the use of renewable energy sources.,Install solar panels on top of buildings.,Design,centaur,7
centaur_054,pen-paper-story,The pen wrote on paper to tell a story.,Story,centaur,9
centaur_054,BRICK,Turn it into a clay mold for art purposes.,AUT,centaur,9
centaur_054,Develop as many design ideas as you can to assist people with memory impairments remember important tasks.,Have a phone application send notifications at specific times throughout the day.,Design,centaur,12
centaur_054,You look outside one night and see stars disappearing one by one from the sky. What hypotheses do you have about why that is?,Perhaps there was some kind of magnetic force field that was causing this phenomenon.,SCTT-Hypothesis,centaur,14
centaur_054,bridge-river-cross,"To cross the river, one must first pass through the bridge before reaching the other side.",Story,centaur,16
centaur_054,BUCKET,Create a sandcastle out of buckets.,AUT,centaur,6
centaur_054,You notice that the water in one lake is warmer than the water in another lake even though they both get the same amount of sunlight. What hypotheses do you have about why that is?,The water in one lake may be closer to hot springs which would make it naturally warmer.,SCTT-Hypothesis,centaur,17
centaur_054,KNIFE,Cut open an apple and eat it.,AUT,centaur,7
centaur_054,You are introduced to a robot that can learn and think like humans. What scientific questions could you ask about this?,How long did it take for the robot to reach full human intelligence?,SCTT-ResearchQuestion,centaur,13
centaur_054,You travel on a spaceship to a new planet outside of our galaxy. What scientific questions could you ask about this planet?,Is this planet habitable? Does life exist here?,SCTT-ResearchQuestion,centaur,8
centaur_054,key-door-lock,The key unlocks the door so that we may lock and unlock it.,Story,centaur,13
centaur_054,Develop as many design ideas as you can to reduce traffic congestion in mega cities.,Make more public transportation available.,Design,centaur,5
centaur_055,You travel on a spaceship to a new planet outside of our galaxy. What scientific questions could you ask about this planet?,,SCTT-ResearchQuestion,centaur,0
centaur_055,bridge-river-cross,,Story,centaur,0
centaur_055,Develop as many design ideas as you can to reduce traffic congestion in mega cities.,,Design,centaur,0
centaur_055,mirror-face-reflection,,Story,centaur,0
centaur_055,You are introduced to a robot that can learn and think like humans. What scientific questions could you ask about this?,,SCTT-ResearchQuestion,centaur,0
centaur_055,key-door-lock,,Story,centaur,0
centaur_055,KNIFE,,AUT,centaur,0
centaur_055,Develop as many design ideas as you can to help people with mobility impairments navigate stairs.,,Design,centaur,0
centaur_055,You look outside one night and see stars disappearing one by one from the sky. What hypotheses do you have about why that is?,,SCTT-Hypothesis,centaur,0
centaur_055,Develop as many design ideas as you can to increase the use of renewable energy sources.,,Design,centaur,0
centaur_055,BUCKET,,AUT,centaur,0
centaur_055,BRICK,,AUT,centaur,0
centaur_055,pen-paper-story,,Story,centaur,0
centaur_055,You notice that the water in one lake is warmer than the water in another lake even though they both get the same amount of sunlight. What hypotheses do you have about why that is?,,SCTT-Hypothesis,centaur,0
centaur_055,Develop as many design ideas as you can to assist people with memory impairments remember important tasks.,,Design,centaur,0
centaur_055,PENCIL,,AUT,centaur,0
centaur_056,Develop as many design ideas as you can to help people with mobility impairments navigate stairs.,,Design,centaur,0
centaur_056,BUCKET,,AUT,centaur,0
centaur_056,PENCIL,,AUT,centaur,0
centaur_056,pen-paper-story,,Story,centaur,0
centaur_056,You are introduced to a robot that can learn and think like humans. What scientific questions could you ask about this?,,SCTT-ResearchQuestion,centaur,0
centaur_056,Develop as many design ideas as you can to assist people with memory impairments remember important tasks.,,Design,centaur,0
centaur_056,You travel on a spaceship to a new planet outside of our galaxy. What scientific questions could you ask about this planet?,,SCTT-ResearchQuestion,centaur,0
centaur_056,KNIFE,,AUT,centaur,0
centaur_056,bridge-river-cross,,Story,centaur,0
centaur_056,You look outside one night and see stars disappearing one by one from the sky. What hypotheses do you have about why that is?,,SCTT-Hypothesis,centaur,0
centaur_056,key-door-lock,,Story,centaur,0
centaur_056,Develop as many design ideas as you can to reduce traffic congestion in mega cities.,,Design,centaur,0
centaur_056,mirror-face-reflection,,Story,centaur,0
centaur_056,BRICK,,AUT,centaur,0
centaur_056,You notice that the water in one lake is warmer than the water in another lake even though they both get the same amount of sunlight. What hypotheses do you have about why that is?,,SCTT-Hypothesis,centaur,0
centaur_056,Develop as many design ideas as you can to increase the use of renewable energy sources.,,Design,centaur,0
centaur_057,key-door-lock,SCENARIO: key-door-lock,Story,centaur,2
centaur_057,PENCIL,SCENARIO: PENCIL,AUT,centaur,2
centaur_057,KNIFE,SCENARIO: KNIFE,AUT,centaur,2
centaur_057,BRICK,SCENARIO: BRICK,AUT,centaur,2
centaur_057,You are introduced to a robot that can learn and think like humans. What scientific questions could you ask about this?,SCENARIO: You are introduced to a robot that can learn and think like humans. What scientific questions could you ask about this?,SCTT-ResearchQuestion,centaur,22
centaur_057,BUCKET,SCENARIO: BUCKET,AUT,centaur,2
centaur_057,You look outside one night and see stars disappearing one by one from the sky. What hypotheses do you have about why that is?,SCENARIO: You look outside one night and see stars disappearing one by one from the sky. What hypotheses do you have about why that is?,SCTT-Hypothesis,centaur,25
centaur_057,You notice that the water in one lake is warmer than the water in another lake even though they both get the same amount of sunlight. What hypotheses do you have about why that is?,SCENARIO: You notice that the water in one lake is warmer than the water in another lake even though they both get the same amount of sunlight. What hypotheses do you have about why that is?,SCTT-Hypothesis,centaur,36
centaur_057,bridge-river-cross,SCENARIO: bridge-river-cross,Story,centaur,2
centaur_057,Develop as many design ideas as you can to help people with mobility impairments navigate stairs.,SCENARIO: help people with mobility impairments navigate stairs.,Design,centaur,8
centaur_057,Develop as many design ideas as you can to increase the use of renewable energy sources.,SCENARIO: increase the use of renewable energy sources.,Design,centaur,8
centaur_057,You travel on a spaceship to a new planet outside of our galaxy. What scientific questions could you ask about this planet?,SCENARIO: You travel on a spaceship to a new planet outside of our galaxy. What scientific questions could you ask about this planet?,SCTT-ResearchQuestion,centaur,23
centaur_057,Develop as many design ideas as you can to assist people with memory impairments remember important tasks.,SCENARIO: assist people with memory impairments remember important tasks.,Design,centaur,9
centaur_057,mirror-face-reflection,SCENARIO: mirror-face-reflection,Story,centaur,2
centaur_057,Develop as many design ideas as you can to reduce traffic congestion in mega cities.,SCENARIO: reduce traffic congestion in mega cities.,Design,centaur,7
centaur_057,pen-paper-story,SCENARIO: pen-paper-story,Story,centaur,2
centaur_058,You are introduced to a robot that can learn and think like humans. What scientific questions could you ask about this?,Will we become more dependent on robots? Or will they eventually become too advanced for us?,SCTT-ResearchQuestion,centaur,16
centaur_058,Develop as many design ideas as you can to increase the use of renewable energy sources.,Build more solar panels.,Design,centaur,4
centaur_058,BRICK,Build a brick house.,AUT,centaur,4
centaur_058,pen-paper-story,The pen was writing a story on paper.,Story,centaur,8
centaur_058,BUCKET,Use it as a chair.,AUT,centaur,5
centaur_058,PENCIL,Draw a picture.,AUT,centaur,3
centaur_058,KNIFE,Cut your food.,AUT,centaur,3
centaur_058,key-door-lock,She used her key to open the door and lock it when she left.,Story,centaur,14
centaur_058,bridge-river-cross,We walked across the river using the bridge.,Story,centaur,8
centaur_058,mirror-face-reflection,I looked at my face in the reflection in the mirror.,Story,centaur,11
centaur_058,You travel on a spaceship to a new planet outside of our galaxy. What scientific questions could you ask about this planet?,How did life form on this planet?,SCTT-ResearchQuestion,centaur,7
centaur_058,Develop as many design ideas as you can to help people with mobility impairments navigate stairs.,Install automatic stairs so people don't need to climb them anymore.,Design,centaur,11
centaur_058,Develop as many design ideas as you can to assist people with memory impairments remember important tasks.,Make a mobile app that reminds you of your tasks.,Design,centaur,10
centaur_058,You look outside one night and see stars disappearing one by one from the sky. What hypotheses do you have about why that is?,Aliens are destroying the earth.,SCTT-Hypothesis,centaur,5
centaur_058,Develop as many design ideas as you can to reduce traffic congestion in mega cities.,Implement self-driving cars which can drive closer together to decrease space between cars.,Design,centaur,13
centaur_058,You notice that the water in one lake is warmer than the water in another lake even though they both get the same amount of sunlight. What hypotheses do you have about why that is?,One lake has a source of hot water underneath it while the other does not.,SCTT-Hypothesis,centaur,15
centaur_059,Develop as many design ideas as you can to help people with mobility impairments navigate stairs.,Solution: Use an escalator or elevator to transport up and down the stairs.,Design,centaur,13
centaur_059,Develop as many design ideas as you can to increase the use of renewable energy sources.,Solution: Install more solar panels and wind turbines around your city.,Design,centaur,11
centaur_059,key-door-lock,Story: The key slides into the lock of the door and turns it open. He walks through the door and closes it behind him. Then he locks it back up again.,Story,centaur,31
centaur_059,Develop as many design ideas as you can to reduce traffic congestion in mega cities.,Solution: Create more roads and highways so there is less traffic congested together at once.,Design,centaur,15
centaur_059,You notice that the water in one lake is warmer than the water in another lake even though they both get the same amount of sunlight. What hypotheses do you have about why that is?,Hypothesis: Maybe the other lake has something inside of it blocking some of the sun's rays.,SCTT-Hypothesis,centaur,16
centaur_059,You look outside one night and see stars disappearing one by one from the sky. What hypotheses do you have about why that is?,Hypothesis: Maybe there is something flying over and blocking out the light from the stars,SCTT-Hypothesis,centaur,15
centaur_059,BRICK,Creative use: Make a sandbox out of bricks and fill it with sand.,AUT,centaur,13
centaur_059,BUCKET,Creative use: Place buckets upside down on tables as chairs,AUT,centaur,10
centaur_059,pen-paper-story,Story: She picks up her pen and paper and begins writing her latest story.,Story,centaur,14
centaur_059,mirror-face-reflection,Story: I walk towards my mirror and stand right in front of it. My face looks tired today.,Story,centaur,18
centaur_059,KNIFE,Creative use: Cut your food with your knife and eat it off the blade as you go along.,AUT,centaur,18
centaur_059,You travel on a spaceship to a new planet outside of our galaxy. What scientific questions could you ask about this planet?,Question: Is there oxygen on this planet? Is it habitable?,SCTT-ResearchQuestion,centaur,10
centaur_059,You are introduced to a robot that can learn and think like humans. What scientific questions could you ask about this?,Question: How does this robot think? Does it feel emotions?,SCTT-ResearchQuestion,centaur,10
centaur_059,bridge-river-cross,Story: We cross the long bridge to get across the river and continue on our way home.,Story,centaur,17
centaur_059,Develop as many design ideas as you can to assist people with memory impairments remember important tasks.,Solution: They can write it down on their calendar and set alarms for when they need to do them.,Design,centaur,19
centaur_059,PENCIL,Creative use: Stick pencils in the ground outside and use them to mark where you planted seeds.,AUT,centaur,17
centaur_060,bridge-river-cross,I wanted to cross a river so I used a bridge.,Story,centaur,11
centaur_060,key-door-lock,The door was locked so I had to use my key.,Story,centaur,11
centaur_060,KNIFE,A knife can also be used as a screwdriver.,AUT,centaur,9
centaur_060,Develop as many design ideas as you can to assist people with memory impairments remember important tasks.,Use a smartphone app to set reminders for important tasks.,Design,centaur,10
centaur_060,You notice that the water in one lake is warmer than the water in another lake even though they both get the same amount of sunlight. What hypotheses do you have about why that is?,Maybe the lakes were at different altitudes or depths.,SCTT-Hypothesis,centaur,9
centaur_060,You travel on a spaceship to a new planet outside of our galaxy. What scientific questions could you ask about this planet?,Is there life? Does it have an atmosphere?,SCTT-ResearchQuestion,centaur,8
centaur_060,Develop as many design ideas as you can to increase the use of renewable energy sources.,Build more wind turbines in rural areas.,Design,centaur,7
centaur_060,mirror-face-reflection,My reflection looked back at me through the mirror.,Story,centaur,9
centaur_060,You look outside one night and see stars disappearing one by one from the sky. What hypotheses do you have about why that is?,Maybe we were moving too fast.,SCTT-Hypothesis,centaur,6
centaur_060,pen-paper-story,I wrote my story down on paper using my favorite pen.,Story,centaur,11
centaur_060,Develop as many design ideas as you can to help people with mobility impairments navigate stairs.,Install elevators in public buildings.,Design,centaur,5
centaur_060,You are introduced to a robot that can learn and think like humans. What scientific questions could you ask about this?,What materials does its body contain?,SCTT-ResearchQuestion,centaur,6
centaur_060,BRICK,You can build a house out of bricks.,AUT,centaur,8
centaur_060,PENCIL,Pencils can be used as drumsticks.,AUT,centaur,6
centaur_060,Develop as many design ideas as you can to reduce traffic congestion in mega cities.,Create more bicycle lanes in big cities.,Design,centaur,7
centaur_060,BUCKET,Buckets can hold water if you're camping.,AUT,centaur,7
centaur_061,Develop as many design ideas as you can to reduce traffic congestion in mega cities.,,Design,centaur,0
centaur_061,key-door-lock,,Story,centaur,0
centaur_061,BRICK,,AUT,centaur,0
centaur_061,You travel on a spaceship to a new planet outside of our galaxy. What scientific questions could you ask about this planet?,,SCTT-ResearchQuestion,centaur,0
centaur_061,You are introduced to a robot that can learn and think like humans. What scientific questions could you ask about this?,,SCTT-ResearchQuestion,centaur,0
centaur_061,Develop as many design ideas as you can to help people with mobility impairments navigate stairs.,,Design,centaur,0
centaur_061,You look outside one night and see stars disappearing one by one from the sky. What hypotheses do you have about why that is?,,SCTT-Hypothesis,centaur,0
centaur_061,You notice that the water in one lake is warmer than the water in another lake even though they both get the same amount of sunlight. What hypotheses do you have about why that is?,,SCTT-Hypothesis,centaur,0
centaur_061,Develop as many design ideas as you can to assist people with memory impairments remember important tasks.,,Design,centaur,0
centaur_061,PENCIL,,AUT,centaur,0
centaur_061,pen-paper-story,,Story,centaur,0
centaur_061,KNIFE,,AUT,centaur,0
centaur_061,mirror-face-reflection,,Story,centaur,0
centaur_061,BUCKET,,AUT,centaur,0
centaur_061,bridge-river-cross,,Story,centaur,0
centaur_061,Develop as many design ideas as you can to increase the use of renewable energy sources.,,Design,centaur,0
centaur_062,key-door-lock,The man tries to open his door but it won't budge. He then realizes he lost his key so he picks up a rock and breaks the lock.,Story,centaur,28
centaur_062,You notice that the water in one lake is warmer than the water in another lake even though they both get the same amount of sunlight. What hypotheses do you have about why that is?,Maybe the sun heats them at different times of day or maybe one of the lakes has more algae growing in it.,SCTT-Hypothesis,centaur,22
centaur_062,Develop as many design ideas as you can to assist people with memory impairments remember important tasks.,A small wearable device that reminds them of important events through notifications,Design,centaur,12
centaur_062,You look outside one night and see stars disappearing one by one from the sky. What hypotheses do you have about why that is?,Perhaps there's a spacecraft nearby blocking the view of the stars,SCTT-Hypothesis,centaur,11
centaur_062,You travel on a spaceship to a new planet outside of our galaxy. What scientific questions could you ask about this planet?,How does gravity differ here?,SCTT-ResearchQuestion,centaur,5
centaur_062,Develop as many design ideas as you can to increase the use of renewable energy sources.,Create tax incentives for businesses and citizens who use renewable energy sources,Design,centaur,12
centaur_062,You are introduced to a robot that can learn and think like humans. What scientific questions could you ask about this?,What makes the robot think? How long will it live? Is it conscious?,SCTT-ResearchQuestion,centaur,13
centaur_062,KNIFE,Make a sculpture out of knives,AUT,centaur,6
centaur_062,BRICK,Use bricks as shelves or decor,AUT,centaur,6
centaur_062,PENCIL,Use pencil shavings as kindling to start fires,AUT,centaur,8
centaur_062,Develop as many design ideas as you can to help people with mobility impairments navigate stairs.,Install a lift system for each staircase so they can ride up and down stairs instead of walking,Design,centaur,18
centaur_062,BUCKET,Use buckets to make chairs or tables,AUT,centaur,7
centaur_062,bridge-river-cross,We crossed the river over a wooden bridge.,Story,centaur,8
centaur_062,Develop as many design ideas as you can to reduce traffic congestion in mega cities.,Build high speed trains between each city so people don't need to drive,Design,centaur,13
centaur_062,pen-paper-story,He wrote stories with his pen and paper. The stories were sad yet beautiful.,Story,centaur,14
centaur_062,mirror-face-reflection,I looked into the mirror to see my face reflected back at me. I smiled.,Story,centaur,15
centaur_063,Develop as many design ideas as you can to increase the use of renewable energy sources.,SCENARIO: increase the use of renewable energy sources.,Design,centaur,8
centaur_063,Develop as many design ideas as you can to help people with mobility impairments navigate stairs.,SCENARIO: help people with mobility impairments navigate stairs.,Design,centaur,8
centaur_063,KNIFE,SCENARIO: KNIFE,AUT,centaur,2
centaur_063,bridge-river-cross,SCENARIO: bridge-river-cross,Story,centaur,2
centaur_063,You notice that the water in one lake is warmer than the water in another lake even though they both get the same amount of sunlight. What hypotheses do you have about why that is?,SCENARIO: You notice that the water in one lake is warmer than the water in another lake even though they both get the same amount of sunlight. What hypotheses do you have about why that is?,SCTT-Hypothesis,centaur,36
centaur_063,You are introduced to a robot that can learn and think like humans. What scientific questions could you ask about this?,SCENARIO: You are introduced to a robot that can learn and think like humans. What scientific questions could you ask about this?,SCTT-ResearchQuestion,centaur,22
centaur_063,BRICK,SCENARIO: BRICK,AUT,centaur,2
centaur_063,You look outside one night and see stars disappearing one by one from the sky. What hypotheses do you have about why that is?,SCENARIO: You look outside one night and see stars disappearing one by one from the sky. What hypotheses do you have about why that is?,SCTT-Hypothesis,centaur,25
centaur_063,Develop as many design ideas as you can to assist people with memory impairments remember important tasks.,SCENARIO: assist people with memory impairments remember important tasks.,Design,centaur,9
centaur_063,mirror-face-reflection,SCENARIO: mirror-face-reflection,Story,centaur,2
centaur_063,Develop as many design ideas as you can to reduce traffic congestion in mega cities.,SCENARIO: reduce traffic congestion in mega cities.,Design,centaur,7
centaur_063,key-door-lock,SCENARIO: key-door-lock,Story,centaur,2
centaur_063,You travel on a spaceship to a new planet outside of our galaxy. What scientific questions could you ask about this planet?,SCENARIO: You travel on a spaceship to a new planet outside of our galaxy. What scientific questions could you ask about this planet?,SCTT-ResearchQuestion,centaur,23
centaur_063,BUCKET,SCENARIO: BUCKET,AUT,centaur,2
centaur_063,PENCIL,SCENARIO: PENCIL,AUT,centaur,2
centaur_063,pen-paper-story,SCENARIO: pen-paper-story,Story,centaur,2
centaur_064,You look outside one night and see stars disappearing one by one from the sky. What hypotheses do you have about why that is?,,SCTT-Hypothesis,centaur,0
centaur_064,key-door-lock,,Story,centaur,0
centaur_064,You notice that the water in one lake is warmer than the water in another lake even though they both get the same amount of sunlight. What hypotheses do you have about why that is?,,SCTT-Hypothesis,centaur,0
centaur_064,mirror-face-reflection,,Story,centaur,0
centaur_064,Develop as many design ideas as you can to increase the use of renewable energy sources.,,Design,centaur,0
centaur_064,pen-paper-story,,Story,centaur,0
centaur_064,You are introduced to a robot that can learn and think like humans. What scientific questions could you ask about this?,,SCTT-ResearchQuestion,centaur,0
centaur_064,Develop as many design ideas as you can to reduce traffic congestion in mega cities.,,Design,centaur,0
centaur_064,BRICK,,AUT,centaur,0
centaur_064,Develop as many design ideas as you can to help people with mobility impairments navigate stairs.,,Design,centaur,0
centaur_064,PENCIL,,AUT,centaur,0
centaur_064,bridge-river-cross,,Story,centaur,0
centaur_064,You travel on a spaceship to a new planet outside of our galaxy. What scientific questions could you ask about this planet?,,SCTT-ResearchQuestion,centaur,0
centaur_064,KNIFE,,AUT,centaur,0
centaur_064,BUCKET,,AUT,centaur,0
centaur_064,Develop as many design ideas as you can to assist people with memory impairments remember important tasks.,,Design,centaur,0
centaur_065,You notice that the water in one lake is warmer than the water in another lake even though they both get the same amount of sunlight. What hypotheses do you have about why that is?,"The first lake may have more algae, which causes it to retain heat better.",SCTT-Hypothesis,centaur,14
centaur_065,mirror-face-reflection,I looked at my reflection in the mirror and saw that it was clear as day what I wanted to say through my face.,Story,centaur,24
centaur_065,PENCIL,A pencil can be used to create art.,AUT,centaur,8
centaur_065,bridge-river-cross,We crossed the river over the bridge and felt relieved to finally be safe.,Story,centaur,14
centaur_065,BUCKET,A bucket can be used to carry water.,AUT,centaur,8
centaur_065,You look outside one night and see stars disappearing one by one from the sky. What hypotheses do you have about why that is?,Perhaps there is some kind of dust cloud obstructing the view.,SCTT-Hypothesis,centaur,11
centaur_065,Develop as many design ideas as you can to increase the use of renewable energy sources.,Create solar panels and wind turbines.,Design,centaur,6
centaur_065,Develop as many design ideas as you can to reduce traffic congestion in mega cities.,Design cars that run on electricity rather than gas.,Design,centaur,9
centaur_065,KNIFE,A knife can cut many things.,AUT,centaur,6
centaur_065,You are introduced to a robot that can learn and think like humans. What scientific questions could you ask about this?,How does the robot process information? Can it access the internet?,SCTT-ResearchQuestion,centaur,11
centaur_065,Develop as many design ideas as you can to help people with mobility impairments navigate stairs.,Build elevators or ramps.,Design,centaur,4
centaur_065,pen-paper-story,I picked up a pen and wrote my story onto paper.,Story,centaur,11
centaur_065,key-door-lock,They unlocked the door with their key and entered.,Story,centaur,9
centaur_065,You travel on a spaceship to a new planet outside of our galaxy. What scientific questions could you ask about this planet?,Does this planet contain life? Is there oxygen in its atmosphere?,SCTT-ResearchQuestion,centaur,11
centaur_065,Develop as many design ideas as you can to assist people with memory impairments remember important tasks.,Use a smartphone app that reminds them of upcoming events and activities.,Design,centaur,12
centaur_065,BRICK,Bricks can be used to make houses.,AUT,centaur,7
centaur_066,key-door-lock,,Story,centaur,0
centaur_066,bridge-river-cross,,Story,centaur,0
centaur_066,Develop as many design ideas as you can to assist people with memory impairments remember important tasks.,,Design,centaur,0
centaur_066,You notice that the water in one lake is warmer than the water in another lake even though they both get the same amount of sunlight. What hypotheses do you have about why that is?,,SCTT-Hypothesis,centaur,0
centaur_066,Develop as many design ideas as you can to help people with mobility impairments navigate stairs.,,Design,centaur,0
centaur_066,BRICK,,AUT,centaur,0
centaur_066,Develop as many design ideas as you can to reduce traffic congestion in mega cities.,,Design,centaur,0
centaur_066,pen-paper-story,,Story,centaur,0
centaur_066,You look outside one night and see stars disappearing one by one from the sky. What hypotheses do you have about why that is?,,SCTT-Hypothesis,centaur,0
centaur_066,Develop as many design ideas as you can to increase the use of renewable energy sources.,,Design,centaur,0
centaur_066,KNIFE,,AUT,centaur,0
centaur_066,You travel on a spaceship to a new planet outside of our galaxy. What scientific questions could you ask about this planet?,,SCTT-ResearchQuestion,centaur,0
centaur_066,BUCKET,,AUT,centaur,0
centaur_066,You are introduced to a robot that can learn and think like humans. What scientific questions could you ask about this?,,SCTT-ResearchQuestion,centaur,0
centaur_066,PENCIL,,AUT,centaur,0
centaur_066,mirror-face-reflection,,Story,centaur,0
centaur_067,You are introduced to a robot that can learn and think like humans. What scientific questions could you ask about this?,If it had a brain made up of neurons would it be able to dream?,SCTT-ResearchQuestion,centaur,15
centaur_067,KNIFE,A knife can be used as a lock pick.,AUT,centaur,9
centaur_067,BUCKET,Buckets can be used to collect rainwater.,AUT,centaur,7
centaur_067,You notice that the water in one lake is warmer than the water in another lake even though they both get the same amount of sunlight. What hypotheses do you have about why that is?,The water in the first lake evaporated quicker due to the higher air temperature.,SCTT-Hypothesis,centaur,14
centaur_067,Develop as many design ideas as you can to assist people with memory impairments remember important tasks.,Create an app to remind people of tasks.,Design,centaur,8
centaur_067,Develop as many design ideas as you can to increase the use of renewable energy sources.,Create a solar powered car.,Design,centaur,5
centaur_067,You look outside one night and see stars disappearing one by one from the sky. What hypotheses do you have about why that is?,The sun is setting behind the Earth causing stars to disappear.,SCTT-Hypothesis,centaur,11
centaur_067,mirror-face-reflection,"I looked into the mirror but my face was not there, just my reflection of myself.",Story,centaur,16
centaur_067,Develop as many design ideas as you can to help people with mobility impairments navigate stairs.,Create a motorized wheelchair to climb stairs.,Design,centaur,7
centaur_067,pen-paper-story,A man wrote his life story down on paper with a pen.,Story,centaur,12
centaur_067,PENCIL,You can use pencils as sticks to build things.,AUT,centaur,9
centaur_067,bridge-river-cross,To cross the river we built a long wooden bridge.,Story,centaur,10
centaur_067,BRICK,Bricks can be used to make sculptures.,AUT,centaur,7
centaur_067,key-door-lock,He lost his keys so he couldn't open the door.,Story,centaur,10
centaur_067,You travel on a spaceship to a new planet outside of our galaxy. What scientific questions could you ask about this planet?,Is there any life on this planet?,SCTT-ResearchQuestion,centaur,7
centaur_067,Develop as many design ideas as you can to reduce traffic congestion in mega cities.,,Design,centaur,0
centaur_068,bridge-river-cross,SCENARIO: bridge-river-cross,Story,centaur,2
centaur_068,BRICK,SCENARIO: BRICK,AUT,centaur,2
centaur_068,mirror-face-reflection,SCENARIO: mirror-face-reflection,Story,centaur,2
centaur_068,You look outside one night and see stars disappearing one by one from the sky. What hypotheses do you have about why that is?,SCENARIO: You look outside one night and see stars disappearing one by one from the sky. What hypotheses do you have about why that is?,SCTT-Hypothesis,centaur,25
centaur_068,Develop as many design ideas as you can to assist people with memory impairments remember important tasks.,SCENARIO: assist people with memory impairments remember important tasks.,Design,centaur,9
centaur_068,Develop as many design ideas as you can to increase the use of renewable energy sources.,SCENARIO: increase the use of renewable energy sources.,Design,centaur,8
centaur_068,Develop as many design ideas as you can to help people with mobility impairments navigate stairs.,SCENARIO: help people with mobility impairments navigate stairs.,Design,centaur,8
centaur_068,You notice that the water in one lake is warmer than the water in another lake even though they both get the same amount of sunlight. What hypotheses do you have about why that is?,SCENARIO: You notice that the water in one lake is warmer than the water in another lake even though they both get the same amount of sunlight. What hypotheses do you have about why that is?,SCTT-Hypothesis,centaur,36
centaur_068,pen-paper-story,SCENARIO: pen-paper-story,Story,centaur,2
centaur_068,PENCIL,SCENARIO: PENCIL,AUT,centaur,2
centaur_068,Develop as many design ideas as you can to reduce traffic congestion in mega cities.,SCENARIO: reduce traffic congestion in mega cities.,Design,centaur,7
centaur_068,You are introduced to a robot that can learn and think like humans. What scientific questions could you ask about this?,SCENARIO: You are introduced to a robot that can learn and think like humans. What scientific questions could you ask about this?,SCTT-ResearchQuestion,centaur,22
centaur_068,key-door-lock,SCENARIO: key-door-lock,Story,centaur,2
centaur_068,You travel on a spaceship to a new planet outside of our galaxy. What scientific questions could you ask about this planet?,SCENARIO: You travel on a spaceship to a new planet outside of our galaxy. What scientific questions could you ask about this planet?,SCTT-ResearchQuestion,centaur,23
centaur_068,KNIFE,SCENARIO: KNIFE,AUT,centaur,2
centaur_068,BUCKET,SCENARIO: BUCKET,AUT,centaur,2
centaur_069,BUCKET,A bucket can be used to store things such as toys or tools.,AUT,centaur,13
centaur_069,You look outside one night and see stars disappearing one by one from the sky. What hypotheses do you have about why that is?,The stars may be going away because something is blocking them out.,SCTT-Hypothesis,centaur,12
centaur_069,You travel on a spaceship to a new planet outside of our galaxy. What scientific questions could you ask about this planet?,What type of climate does the planet have?,SCTT-ResearchQuestion,centaur,8
centaur_069,You are introduced to a robot that can learn and think like humans. What scientific questions could you ask about this?,How long will it take for me to train the robot to behave as I want it to?,SCTT-ResearchQuestion,centaur,18
centaur_069,pen-paper-story,There once was a book.,Story,centaur,5
centaur_069,Develop as many design ideas as you can to reduce traffic congestion in mega cities.,Make more roads so there are less cars in each lane.,Design,centaur,11
centaur_069,bridge-river-cross,One day a girl named Lucy wanted to cross the river.,Story,centaur,11
centaur_069,BRICK,Bricks can be used to build houses or fences.,AUT,centaur,9
centaur_069,PENCIL,Pencils can be used to draw pictures or write letters.,AUT,centaur,10
centaur_069,Develop as many design ideas as you can to increase the use of renewable energy sources.,Solar panels can be placed on roofs to collect solar energy.,Design,centaur,11
centaur_069,Develop as many design ideas as you can to help people with mobility impairments navigate stairs.,Stairs can have handles on either side to hold onto.,Design,centaur,10
centaur_069,Develop as many design ideas as you can to assist people with memory impairments remember important tasks.,People can set alarms to remind themselves when to do certain things.,Design,centaur,12
centaur_069,mirror-face-reflection,You wake up and go into your bathroom,Story,centaur,8
centaur_069,KNIFE,Knives can be used to cut food.,AUT,centaur,7
centaur_069,key-door-lock,You wake up and go to unlock your door.,Story,centaur,9
centaur_069,You notice that the water in one lake is warmer than the water in another lake even though they both get the same amount of sunlight. What hypotheses do you have about why that is?,The lakes may have different depths which causes the temperature differences.,SCTT-Hypothesis,centaur,11
centaur_070,You are introduced to a robot that can learn and think like humans. What scientific questions could you ask about this?,"If the robot has human-like emotions, would it also experience pain?",SCTT-ResearchQuestion,centaur,11
centaur_070,You look outside one night and see stars disappearing one by one from the sky. What hypotheses do you have about why that is?,Perhaps there was a giant explosion of a star in space that caused a shockwave which temporarily blocked out the light of those stars.,SCTT-Hypothesis,centaur,24
centaur_070,You notice that the water in one lake is warmer than the water in another lake even though they both get the same amount of sunlight. What hypotheses do you have about why that is?,The first lake may be closer to a heat source such as magma or a volcano,SCTT-Hypothesis,centaur,16
centaur_070,pen-paper-story,"Once upon a time, there was a girl who wrote stories. She wrote them on paper with her favorite pen. One day she looked at all of her stories and realized how happy writing made her. So she kept writing until she became old but she never stopped telling stories.",Story,centaur,50
centaur_070,You travel on a spaceship to a new planet outside of our galaxy. What scientific questions could you ask about this planet?,Would the planet's atmosphere allow us to survive without any additional equipment? Are there other forms of life on this planet?,SCTT-ResearchQuestion,centaur,21
centaur_070,PENCIL,A pencil can be used as a weapon if sharpened.,AUT,centaur,10
centaur_070,mirror-face-reflection,I looked into the mirror and saw myself looking back at me. For a moment I thought I had another personality staring back at me. Then I snapped out of my trance and shook my head. It was just my reflection.,Story,centaur,41
centaur_070,key-door-lock,"One day I lost my keys. I searched for hours before giving up and calling a locksmith. He came and opened my door but charged $100 for his services. After this incident, I always keep my keys close.",Story,centaur,38
centaur_070,Develop as many design ideas as you can to help people with mobility impairments navigate stairs.,An escalator that only moves when someone needs it (i.e. has a mobility impairment),Design,centaur,14
centaur_070,BUCKET,A bucket can be used as a helmet to protect your skull,AUT,centaur,12
centaur_070,Develop as many design ideas as you can to assist people with memory impairments remember important tasks.,An app on their phone that reminds them of important tasks every morning/evening,Design,centaur,13
centaur_070,BRICK,Bricks can be placed in a bucket to add weight to it,AUT,centaur,12
centaur_070,KNIFE,A knife can be used as a weapon if necessary,AUT,centaur,10
centaur_070,Develop as many design ideas as you can to increase the use of renewable energy sources.,There could be more incentives for individuals and companies to switch over to clean energy sources.,Design,centaur,16
centaur_070,bridge-river-cross,"There once was a river so wide, no one could cross it except for a small group of engineers who built a bridge across the entire length of the river. Now, anyone can cross the river safely thanks to their efforts.",Story,centaur,41
centaur_070,Develop as many design ideas as you can to reduce traffic congestion in mega cities.,Public transportation could become free in order to incentivize its usage,Design,centaur,11
centaur_071,Develop as many design ideas as you can to increase the use of renewable energy sources.,Use more solar panels and wind turbines,Design,centaur,7
centaur_071,You are introduced to a robot that can learn and think like humans. What scientific questions could you ask about this?,How does it process information? Does it need sleep? Is it powered electrically or chemically?,SCTT-ResearchQuestion,centaur,15
centaur_071,key-door-lock,"The key was used to open the door, which was locked.",Story,centaur,11
centaur_071,You travel on a spaceship to a new planet outside of our galaxy. What scientific questions could you ask about this planet?,Is there oxygen? Can we breathe there?,SCTT-ResearchQuestion,centaur,7
centaur_071,BRICK,Make a house out of bricks,AUT,centaur,6
centaur_071,PENCIL,Use as a weapon,AUT,centaur,4
centaur_071,KNIFE,Cut food into pieces,AUT,centaur,4
centaur_071,You notice that the water in one lake is warmer than the water in another lake even though they both get the same amount of sunlight. What hypotheses do you have about why that is?,One lake has darker rocks at the bottom so it absorbs more heat,SCTT-Hypothesis,centaur,13
centaur_071,pen-paper-story,A person wrote a story on paper using his pen,Story,centaur,10
centaur_071,Develop as many design ideas as you can to help people with mobility impairments navigate stairs.,Build elevators,Design,centaur,2
centaur_071,BUCKET,Use bucket to collect rainwater,AUT,centaur,5
centaur_071,You look outside one night and see stars disappearing one by one from the sky. What hypotheses do you have about why that is?,Maybe there's dust in the air blocking your view,SCTT-Hypothesis,centaur,9
centaur_071,mirror-face-reflection,He saw his face in the reflection of the mirror,Story,centaur,10
centaur_071,Develop as many design ideas as you can to reduce traffic congestion in mega cities.,Provide public transportation such as trains and subways,Design,centaur,8
centaur_071,bridge-river-cross,People walked across the river over a bridge,Story,centaur,8
centaur_071,Develop as many design ideas as you can to assist people with memory impairments remember important tasks.,Use a phone to remind them,Design,centaur,6
centaur_072,key-door-lock,A man lost his keys but he knew where they were. He was just too lazy to walk to them.,Story,centaur,20
centaur_072,Develop as many design ideas as you can to help people with mobility impairments navigate stairs.,Make staircases where each step has less height so it's easier to step up.,Design,centaur,14
centaur_072,You look outside one night and see stars disappearing one by one from the sky. What hypotheses do you have about why that is?,Maybe someone is stealing all of the stars or maybe we're travelling through space really fast.,SCTT-Hypothesis,centaur,16
centaur_072,BUCKET,Use it as a seat.,AUT,centaur,5
centaur_072,KNIFE,Open cans without a can opener.,AUT,centaur,6
centaur_072,BRICK,Build a bird bath.,AUT,centaur,4
centaur_072,pen-paper-story,The writer wrote the most amazing story ever written with her favorite pen and paper.,Story,centaur,15
centaur_072,Develop as many design ideas as you can to assist people with memory impairments remember important tasks.,Have a personal assistant remind them every day.,Design,centaur,8
centaur_072,You notice that the water in one lake is warmer than the water in another lake even though they both get the same amount of sunlight. What hypotheses do you have about why that is?,One lake might be closer to the equator or it might have more aquatic life.,SCTT-Hypothesis,centaur,15
centaur_072,You travel on a spaceship to a new planet outside of our galaxy. What scientific questions could you ask about this planet?,Is there any form of life? Does the atmosphere consist of the right gases for us to live there?,SCTT-ResearchQuestion,centaur,19
centaur_072,You are introduced to a robot that can learn and think like humans. What scientific questions could you ask about this?,Can it communicate with us? Does it have emotions like us?,SCTT-ResearchQuestion,centaur,11
centaur_072,mirror-face-reflection,She looked at herself in the mirror but she didn't recognize herself anymore.,Story,centaur,13
centaur_072,Develop as many design ideas as you can to increase the use of renewable energy sources.,Replace non-renewable power plants with ones that use wind turbines and solar panels.,Design,centaur,13
centaur_072,PENCIL,It could be used to write secret messages if you sharpen it into a point.,AUT,centaur,15
centaur_072,Develop as many design ideas as you can to reduce traffic congestion in mega cities.,Design roads that cars can drive on top of.,Design,centaur,9
centaur_072,bridge-river-cross,They had no other choice but to cross the river by using the rickety old bridge.,Story,centaur,16
centaur_073,bridge-river-cross,"The river was flowing fast, but I had to cross it. I looked around and found a tree trunk long enough to stretch across the river. I carefully balanced myself as I crossed the river.",Story,centaur,35
centaur_073,Develop as many design ideas as you can to help people with mobility impairments navigate stairs.,Have staircases built with ramps instead of steps so people with mobility issues can more easily climb up them.,Design,centaur,19
centaur_073,BRICK,"A brick can be used as a paper weight, door stopper, or step stool.",AUT,centaur,14
centaur_073,mirror-face-reflection,"As I stared into my reflection, I wondered if there were an alternate version of me out there somewhere staring back at their own reflection.",Story,centaur,25
centaur_073,You travel on a spaceship to a new planet outside of our galaxy. What scientific questions could you ask about this planet?,Is the planet habitable? What kind of life exists here? Are we alone? Do we belong here?,SCTT-ResearchQuestion,centaur,17
centaur_073,You look outside one night and see stars disappearing one by one from the sky. What hypotheses do you have about why that is?,"Maybe something's going wrong in space, or maybe the stars themselves are dying, or maybe the Earth is spinning too fast and losing its gravitational pull.",SCTT-Hypothesis,centaur,26
centaur_073,pen-paper-story,"I had nothing left to say. But, I picked up a pen and started writing anyways. Before I knew it, I had written pages full of stories.",Story,centaur,27
centaur_073,BUCKET,"A bucket can be used as a makeshift seat, garbage can, or container for food/water storage.",AUT,centaur,16
centaur_073,You notice that the water in one lake is warmer than the water in another lake even though they both get the same amount of sunlight. What hypotheses do you have about why that is?,"It might be because the first lake has a darker bottom which absorbs more heat, or because the second lake is deeper and therefore less warm near the surface.",SCTT-Hypothesis,centaur,29
centaur_073,KNIFE,"A knife can be used as a letter opener, screwdriver substitute, or box cutter.",AUT,centaur,14
centaur_073,key-door-lock,"When I returned home, I was confused as to where I placed my keys. Suddenly, I remembered. They were sitting right next to my bed.",Story,centaur,25
centaur_073,Develop as many design ideas as you can to assist people with memory impairments remember important tasks.,Use voice activated smart devices to remind those who need it of important things.,Design,centaur,14
centaur_073,Develop as many design ideas as you can to increase the use of renewable energy sources.,Provide subsidies and tax cuts to corporations and businesses that invest heavily in green energy infrastructure.,Design,centaur,16
centaur_073,Develop as many design ideas as you can to reduce traffic congestion in mega cities.,"Implement tolls in congested areas during rush hour, improve public transportation systems, and create carpooling programs.",Design,centaur,16
centaur_073,You are introduced to a robot that can learn and think like humans. What scientific questions could you ask about this?,Can it communicate effectively with other robots? Does it understand complex problems? Is it capable of creating original ideas?,SCTT-ResearchQuestion,centaur,19
centaur_073,PENCIL,"A pencil can be used as a straw, stick for roasting marshmallows, or toothpick.",AUT,centaur,14
centaur_074,You travel on a spaceship to a new planet outside of our galaxy. What scientific questions could you ask about this planet?,I wonder if there's water on this planet.,SCTT-ResearchQuestion,centaur,8
centaur_074,Develop as many design ideas as you can to help people with mobility impairments navigate stairs.,build a staircase with a moving platform (escalator),Design,centaur,8
centaur_074,BUCKET,make it into a chair,AUT,centaur,5
centaur_074,PENCIL,use as a weapon,AUT,centaur,4
centaur_074,bridge-river-cross,"One day, a person crossed the river over the bridge and never returned home.",Story,centaur,14
centaur_074,mirror-face-reflection,The person looked at their face and saw someone else's reflection staring back at them.,Story,centaur,15
centaur_074,key-door-lock,They unlocked the door with a key and stepped inside.,Story,centaur,10
centaur_074,Develop as many design ideas as you can to increase the use of renewable energy sources.,Use more solar panels to generate electricity.,Design,centaur,7
centaur_074,KNIFE,use as a weapon,AUT,centaur,4
centaur_074,Develop as many design ideas as you can to reduce traffic congestion in mega cities.,build more public transport routes,Design,centaur,5
centaur_074,You are introduced to a robot that can learn and think like humans. What scientific questions could you ask about this?,How much information does it take to program it?,SCTT-ResearchQuestion,centaur,9
centaur_074,You notice that the water in one lake is warmer than the water in another lake even though they both get the same amount of sunlight. What hypotheses do you have about why that is?,The second lake may have a darker bottom which absorbs more heat.,SCTT-Hypothesis,centaur,12
centaur_074,You look outside one night and see stars disappearing one by one from the sky. What hypotheses do you have about why that is?,Something big must be blocking out the light coming from the stars.,SCTT-Hypothesis,centaur,12
centaur_074,BRICK,Use it as a paperweight,AUT,centaur,5
centaur_074,Develop as many design ideas as you can to assist people with memory impairments remember important tasks.,Use a calendar and color code each day depending on what needs to be done.,Design,centaur,15
centaur_074,pen-paper-story,A man wrote a book about his life using a pencil and paper.,Story,centaur,13
centaur_075,You look outside one night and see stars disappearing one by one from the sky. What hypotheses do you have about why that is?,The sun is setting early due to it being close to winter.,SCTT-Hypothesis,centaur,12
centaur_075,Develop as many design ideas as you can to assist people with memory impairments remember important tasks.,A digital assistant that reminds them of their daily tasks.,Design,centaur,10
centaur_075,PENCIL,As a weapon.,AUT,centaur,3
centaur_075,bridge-river-cross,There was once a man who wanted to cross the river. However he couldn't swim so he had to build a bridge to cross.,Story,centaur,24
centaur_075,You notice that the water in one lake is warmer than the water in another lake even though they both get the same amount of sunlight. What hypotheses do you have about why that is?,It has more algae growing in it which warms the water up.,SCTT-Hypothesis,centaur,12
centaur_075,BRICK,To hold down paper.,AUT,centaur,4
centaur_075,BUCKET,To carry fish back home after fishing.,AUT,centaur,7
centaur_075,KNIFE,For cutting hair.,AUT,centaur,3
centaur_075,mirror-face-reflection,When I looked into the mirror I saw my reflection staring back at me.,Story,centaur,14
centaur_075,pen-paper-story,I took out a piece of paper and wrote my story using a pen.,Story,centaur,14
centaur_075,Develop as many design ideas as you can to reduce traffic congestion in mega cities.,Increase public transportation.,Design,centaur,3
centaur_075,You travel on a spaceship to a new planet outside of our galaxy. What scientific questions could you ask about this planet?,Does it contain life forms?,SCTT-ResearchQuestion,centaur,5
centaur_075,Develop as many design ideas as you can to increase the use of renewable energy sources.,Make solar panels more efficient.,Design,centaur,5
centaur_075,key-door-lock,She unlocked her front door and went inside.,Story,centaur,8
centaur_075,You are introduced to a robot that can learn and think like humans. What scientific questions could you ask about this?,How does it process information?,SCTT-ResearchQuestion,centaur,5
centaur_075,Develop as many design ideas as you can to help people with mobility impairments navigate stairs.,Create ramps.,Design,centaur,2
centaur_076,You travel on a spaceship to a new planet outside of our galaxy. What scientific questions could you ask about this planet?,What factors contribute to the planets gravitational pull?,SCTT-ResearchQuestion,centaur,8
centaur_076,PENCIL,A pencil could be used as a weapon.,AUT,centaur,8
centaur_076,Develop as many design ideas as you can to increase the use of renewable energy sources.,The use of solar panels and wind turbines should be promoted to create more renewable energy,Design,centaur,16
centaur_076,KNIFE,A knife can be used to spread butter or jam on toast.,AUT,centaur,12
centaur_076,You are introduced to a robot that can learn and think like humans. What scientific questions could you ask about this?,How does it think? How can I communicate with it? Does it understand me? Is there a way I can control its actions?,SCTT-ResearchQuestion,centaur,23
centaur_076,You notice that the water in one lake is warmer than the water in another lake even though they both get the same amount of sunlight. What hypotheses do you have about why that is?,Maybe there is something under the surface of one lake that's heating up the water. Maybe one lake has a higher salinity level which makes it less dense than the other so it heats up faster.,SCTT-Hypothesis,centaur,36
centaur_076,mirror-face-reflection,"If you looked into the mirror, your reflection would stare back at you with its face.",Story,centaur,16
centaur_076,BUCKET,A bucket can hold sand or dirt if you're trying to clean up after a gardening project.,AUT,centaur,17
centaur_076,Develop as many design ideas as you can to assist people with memory impairments remember important tasks.,An alarm clock app on their phone set for times when they need to do certain things.,Design,centaur,17
centaur_076,pen-paper-story,Using my paper and pen I'll write the most beautiful love story anyone will ever read.,Story,centaur,16
centaur_076,BRICK,Bricks can make a nice path through your garden.,AUT,centaur,9
centaur_076,You look outside one night and see stars disappearing one by one from the sky. What hypotheses do you have about why that is?,There could be some type of eclipse where the moon is blocking out all light.,SCTT-Hypothesis,centaur,15
centaur_076,Develop as many design ideas as you can to help people with mobility impairments navigate stairs.,A chair lift or escalator can take them up the steps.,Design,centaur,11
centaur_076,Develop as many design ideas as you can to reduce traffic congestion in mega cities.,Have self driving cars to get people around easier. Also widen roads to fit more cars.,Design,centaur,16
centaur_076,key-door-lock,To lock the door you must insert the correct key into the hole to turn the lock.,Story,centaur,17
centaur_076,bridge-river-cross,You cross the river over the bridge so you don't get wet.,Story,centaur,12
centaur_077,Develop as many design ideas as you can to reduce traffic congestion in mega cities.,,Design,centaur,0
centaur_077,You notice that the water in one lake is warmer than the water in another lake even though they both get the same amount of sunlight. What hypotheses do you have about why that is?,,SCTT-Hypothesis,centaur,0
centaur_077,pen-paper-story,,Story,centaur,0
centaur_077,Develop as many design ideas as you can to assist people with memory impairments remember important tasks.,,Design,centaur,0
centaur_077,key-door-lock,,Story,centaur,0
centaur_077,BRICK,,AUT,centaur,0
centaur_077,BUCKET,,AUT,centaur,0
centaur_077,Develop as many design ideas as you can to help people with mobility impairments navigate stairs.,,Design,centaur,0
centaur_077,mirror-face-reflection,,Story,centaur,0
centaur_077,KNIFE,,AUT,centaur,0
centaur_077,You are introduced to a robot that can learn and think like humans. What scientific questions could you ask about this?,,SCTT-ResearchQuestion,centaur,0
centaur_077,PENCIL,,AUT,centaur,0
centaur_077,You travel on a spaceship to a new planet outside of our galaxy. What scientific questions could you ask about this planet?,,SCTT-ResearchQuestion,centaur,0
centaur_077,Develop as many design ideas as you can to increase the use of renewable energy sources.,,Design,centaur,0
centaur_077,You look outside one night and see stars disappearing one by one from the sky. What hypotheses do you have about why that is?,,SCTT-Hypothesis,centaur,0
centaur_077,bridge-river-cross,,Story,centaur,0
centaur_078,mirror-face-reflection,,Story,centaur,0
centaur_078,Develop as many design ideas as you can to increase the use of renewable energy sources.,,Design,centaur,0
centaur_078,Develop as many design ideas as you can to reduce traffic congestion in mega cities.,,Design,centaur,0
centaur_078,pen-paper-story,,Story,centaur,0
centaur_078,KNIFE,,AUT,centaur,0
centaur_078,You are introduced to a robot that can learn and think like humans. What scientific questions could you ask about this?,,SCTT-ResearchQuestion,centaur,0
centaur_078,bridge-river-cross,,Story,centaur,0
centaur_078,Develop as many design ideas as you can to help people with mobility impairments navigate stairs.,,Design,centaur,0
centaur_078,BUCKET,,AUT,centaur,0
centaur_078,You travel on a spaceship to a new planet outside of our galaxy. What scientific questions could you ask about this planet?,,SCTT-ResearchQuestion,centaur,0
centaur_078,You look outside one night and see stars disappearing one by one from the sky. What hypotheses do you have about why that is?,,SCTT-Hypothesis,centaur,0
centaur_078,key-door-lock,,Story,centaur,0
centaur_078,Develop as many design ideas as you can to assist people with memory impairments remember important tasks.,,Design,centaur,0
centaur_078,PENCIL,,AUT,centaur,0
centaur_078,BRICK,,AUT,centaur,0
centaur_078,You notice that the water in one lake is warmer than the water in another lake even though they both get the same amount of sunlight. What hypotheses do you have about why that is?,,SCTT-Hypothesis,centaur,0
centaur_079,You are introduced to a robot that can learn and think like humans. What scientific questions could you ask about this?,,SCTT-ResearchQuestion,centaur,0
centaur_079,You notice that the water in one lake is warmer than the water in another lake even though they both get the same amount of sunlight. What hypotheses do you have about why that is?,,SCTT-Hypothesis,centaur,0
centaur_079,mirror-face-reflection,,Story,centaur,0
centaur_079,Develop as many design ideas as you can to increase the use of renewable energy sources.,,Design,centaur,0
centaur_079,Develop as many design ideas as you can to reduce traffic congestion in mega cities.,,Design,centaur,0
centaur_079,bridge-river-cross,,Story,centaur,0
centaur_079,You look outside one night and see stars disappearing one by one from the sky. What hypotheses do you have about why that is?,,SCTT-Hypothesis,centaur,0
centaur_079,pen-paper-story,,Story,centaur,0
centaur_079,BUCKET,,AUT,centaur,0
centaur_079,key-door-lock,,Story,centaur,0
centaur_079,You travel on a spaceship to a new planet outside of our galaxy. What scientific questions could you ask about this planet?,,SCTT-ResearchQuestion,centaur,0
centaur_079,Develop as many design ideas as you can to help people with mobility impairments navigate stairs.,,Design,centaur,0
centaur_079,KNIFE,,AUT,centaur,0
centaur_079,PENCIL,,AUT,centaur,0
centaur_079,BRICK,,AUT,centaur,0
centaur_079,Develop as many design ideas as you can to assist people with memory impairments remember important tasks.,,Design,centaur,0
centaur_080,mirror-face-reflection,She looked at her reflection in the mirror and was taken aback as she saw a completely different face looking back at her.,Story,centaur,23
centaur_080,You look outside one night and see stars disappearing one by one from the sky. What hypotheses do you have about why that is?,The black hole near Earth's solar system grew larger as it swallowed more stars.,SCTT-Hypothesis,centaur,14
centaur_080,key-door-lock,I put the key into the door and turned the lock. I walked inside my house and closed the door behind me.,Story,centaur,22
centaur_080,BRICK,A brick can be used to stop the wind from blowing out a candle flame.,AUT,centaur,15
centaur_080,KNIFE,A knife could also be used as a shovel.,AUT,centaur,9
centaur_080,You are introduced to a robot that can learn and think like humans. What scientific questions could you ask about this?,How did the robots evolve to become sentient?,SCTT-ResearchQuestion,centaur,8
centaur_080,You travel on a spaceship to a new planet outside of our galaxy. What scientific questions could you ask about this planet?,"Is there oxygen on the planet? If so, how much is in the atmosphere?",SCTT-ResearchQuestion,centaur,14
centaur_080,Develop as many design ideas as you can to increase the use of renewable energy sources.,Create better incentives for companies to invest in green technologies.,Design,centaur,10
centaur_080,bridge-river-cross,I crossed the bridge over the river. The rushing water below me pushed against the rocks and splashed up high.,Story,centaur,20
centaur_080,Develop as many design ideas as you can to reduce traffic congestion in mega cities.,Encourage people to carpool and utilize public transit systems.,Design,centaur,9
centaur_080,You notice that the water in one lake is warmer than the water in another lake even though they both get the same amount of sunlight. What hypotheses do you have about why that is?,Perhaps the first lake has some plants growing in it that block the sun from reaching the bottom of the lake.,SCTT-Hypothesis,centaur,21
centaur_080,Develop as many design ideas as you can to assist people with memory impairments remember important tasks.,Create an app that reminds people when they need to complete certain tasks.,Design,centaur,13
centaur_080,pen-paper-story,I wrote a story on paper using a pen. It was about a man who used his imagination to create stories.,Story,centaur,21
centaur_080,PENCIL,A pencil could be used as a tiny baton.,AUT,centaur,9
centaur_080,BUCKET,A bucket can be used to catch falling rainwater.,AUT,centaur,9
centaur_080,Develop as many design ideas as you can to help people with mobility impairments navigate stairs.,Install escalators on staircases.,Design,centaur,4
centaur_081,Develop as many design ideas as you can to reduce traffic congestion in mega cities.,Use autonomous vehicles that communicate via Internet of Things (IoT) technology.,Design,centaur,11
centaur_081,KNIFE,Use it as a wall decoration.,AUT,centaur,6
centaur_081,BUCKET,Use it to make a bird feeder.,AUT,centaur,7
centaur_081,Develop as many design ideas as you can to assist people with memory impairments remember important tasks.,Create an app with daily reminders,Design,centaur,6
centaur_081,pen-paper-story,The pen writes down a story.,Story,centaur,6
centaur_081,mirror-face-reflection,I looked into my reflection.,Story,centaur,5
centaur_081,bridge-river-cross,The river flows under the bridge.,Story,centaur,6
centaur_081,You travel on a spaceship to a new planet outside of our galaxy. What scientific questions could you ask about this planet?,How does gravity work on the planet?,SCTT-ResearchQuestion,centaur,7
centaur_081,PENCIL,A pencil can be used as a drumstick.,AUT,centaur,8
centaur_081,BRICK,Build bricks to make a table.,AUT,centaur,6
centaur_081,key-door-lock,The key unlocks the door.,Story,centaur,5
centaur_081,Develop as many design ideas as you can to increase the use of renewable energy sources.,Increase solar panel production capacity.,Design,centaur,5
centaur_081,You are introduced to a robot that can learn and think like humans. What scientific questions could you ask about this?,Could the robot feel human emotions?,SCTT-ResearchQuestion,centaur,6
centaur_081,You notice that the water in one lake is warmer than the water in another lake even though they both get the same amount of sunlight. What hypotheses do you have about why that is?,Water temperature might depend on the depth of the lake.,SCTT-Hypothesis,centaur,10
centaur_081,You look outside one night and see stars disappearing one by one from the sky. What hypotheses do you have about why that is?,The stars could be covered by dark clouds.,SCTT-Hypothesis,centaur,8
centaur_081,Develop as many design ideas as you can to help people with mobility impairments navigate stairs.,Install escalators and elevators.,Design,centaur,4
centaur_082,KNIFE,It's an excellent knife to cut pizza.,AUT,centaur,7
centaur_082,mirror-face-reflection,The person looked into the mirror and saw their reflection.,Story,centaur,10
centaur_082,BRICK,The brick is used as a door stopper.,AUT,centaur,8
centaur_082,bridge-river-cross,The person walks across the bridge over the river to get to the other side.,Story,centaur,15
centaur_082,Develop as many design ideas as you can to reduce traffic congestion in mega cities.,Make more public transportation available so fewer cars need to drive on the road.,Design,centaur,14
centaur_082,PENCIL,The pencil is used as a drumstick.,AUT,centaur,7
centaur_082,You notice that the water in one lake is warmer than the water in another lake even though they both get the same amount of sunlight. What hypotheses do you have about why that is?,"One lake may be surrounded by rocks which absorb heat from the sun, making the water warm.",SCTT-Hypothesis,centaur,17
centaur_082,BUCKET,The bucket is used to collect rainwater.,AUT,centaur,7
centaur_082,Develop as many design ideas as you can to help people with mobility impairments navigate stairs.,Create automatic staircases that move up and down when someone steps onto it.,Design,centaur,13
centaur_082,You are introduced to a robot that can learn and think like humans. What scientific questions could you ask about this?,What would happen if this robot was given access to weapons?,SCTT-ResearchQuestion,centaur,11
centaur_082,You travel on a spaceship to a new planet outside of our galaxy. What scientific questions could you ask about this planet?,Are there any living organisms on the planet?,SCTT-ResearchQuestion,centaur,8
centaur_082,You look outside one night and see stars disappearing one by one from the sky. What hypotheses do you have about why that is?,An alien life form has created a cloaking device that makes stars invisible.,SCTT-Hypothesis,centaur,13
centaur_082,Develop as many design ideas as you can to increase the use of renewable energy sources.,Provide financial incentives for companies to switch to renewable energy.,Design,centaur,10
centaur_082,pen-paper-story,The person wrote an entire book using a pen and paper.,Story,centaur,11
centaur_082,key-door-lock,The person unlocked their front door using a key.,Story,centaur,9
centaur_082,Develop as many design ideas as you can to assist people with memory impairments remember important tasks.,Have them set alarms on their phone or computer to remind them of what needs to be done.,Design,centaur,18
centaur_083,Develop as many design ideas as you can to reduce traffic congestion in mega cities.,electric cars,Design,centaur,2
centaur_083,key-door-lock,"I used my key to open the door, then sat down at my desk and wrote a story.",Story,centaur,18
centaur_083,pen-paper-story,i picked up my paper and pencil and started writing a story,Story,centaur,12
centaur_083,You are introduced to a robot that can learn and think like humans. What scientific questions could you ask about this?,how does it respond to human emotions?,SCTT-ResearchQuestion,centaur,7
centaur_083,Develop as many design ideas as you can to help people with mobility impairments navigate stairs.,escalators,Design,centaur,1
centaur_083,mirror-face-reflection,I looked into the mirror and saw my reflection staring back at me.,Story,centaur,13
centaur_083,You travel on a spaceship to a new planet outside of our galaxy. What scientific questions could you ask about this planet?,what type of environment would sustain life?,SCTT-ResearchQuestion,centaur,7
centaur_083,You notice that the water in one lake is warmer than the water in another lake even though they both get the same amount of sunlight. What hypotheses do you have about why that is?,the first lake may have more nutrients for plants which absorb heat.,SCTT-Hypothesis,centaur,12
centaur_083,bridge-river-cross,I crossed over the river on a bridge to get to the other side.,Story,centaur,14
centaur_083,BUCKET,bucket as a seat,AUT,centaur,4
centaur_083,PENCIL,pencil as a drumstick,AUT,centaur,4
centaur_083,You look outside one night and see stars disappearing one by one from the sky. What hypotheses do you have about why that is?,there is a solar eclipse happening,SCTT-Hypothesis,centaur,6
centaur_083,Develop as many design ideas as you can to assist people with memory impairments remember important tasks.,phone reminders,Design,centaur,2
centaur_083,Develop as many design ideas as you can to increase the use of renewable energy sources.,build more wind turbines,Design,centaur,4
centaur_083,BRICK,brick as a door stopper,AUT,centaur,5
centaur_083,KNIFE,knife as a screwdriver,AUT,centaur,4
centaur_084,You travel on a spaceship to a new planet outside of our galaxy. What scientific questions could you ask about this planet?,What would happen if I tried to breathe?,SCTT-ResearchQuestion,centaur,8
centaur_084,BUCKET,A hat.,AUT,centaur,2
centaur_084,mirror-face-reflection,"When she looked into the mirror, she saw her own reflection looking back at her.",Story,centaur,15
centaur_084,bridge-river-cross,The old bridge across the river was beautiful as it stretched over the flowing blue water.,Story,centaur,16
centaur_084,pen-paper-story,"Using his pen, he wrote stories on paper for hours.",Story,centaur,10
centaur_084,Develop as many design ideas as you can to increase the use of renewable energy sources.,Build more wind turbines.,Design,centaur,4
centaur_084,Develop as many design ideas as you can to reduce traffic congestion in mega cities.,Build more roads and highways so there is less traffic on each road.,Design,centaur,13
centaur_084,key-door-lock,She used her key to unlock the door and then locked it again when she left.,Story,centaur,16
centaur_084,You look outside one night and see stars disappearing one by one from the sky. What hypotheses do you have about why that is?,They were being absorbed by black holes.,SCTT-Hypothesis,centaur,7
centaur_084,You notice that the water in one lake is warmer than the water in another lake even though they both get the same amount of sunlight. What hypotheses do you have about why that is?,The first lake might be closer to hot magma underground.,SCTT-Hypothesis,centaur,10
centaur_084,You are introduced to a robot that can learn and think like humans. What scientific questions could you ask about this?,How long does it take to teach this robot how to add two numbers together?,SCTT-ResearchQuestion,centaur,15
centaur_084,Develop as many design ideas as you can to help people with mobility impairments navigate stairs.,Make the stairs slanted so it's easier to walk up them.,Design,centaur,11
centaur_084,BRICK,An oven.,AUT,centaur,2
centaur_084,PENCIL,A dart.,AUT,centaur,2
centaur_084,KNIFE,To cut wood.,AUT,centaur,3
centaur_084,Develop as many design ideas as you can to assist people with memory impairments remember important tasks.,Set alarms for specific times during the day.,Design,centaur,8
centaur_085,You notice that the water in one lake is warmer than the water in another lake even though they both get the same amount of sunlight. What hypotheses do you have about why that is?,One has more plant life thus more organic matter being decomposed into heat.,SCTT-Hypothesis,centaur,13
centaur_085,Develop as many design ideas as you can to assist people with memory impairments remember important tasks.,Use visual cues and reminders such as wall clocks.,Design,centaur,9
centaur_085,key-door-lock,The key was lost so he had to break the door open.,Story,centaur,12
centaur_085,bridge-river-cross,She took her dog across the river after it ran away.,Story,centaur,11
centaur_085,Develop as many design ideas as you can to reduce traffic congestion in mega cities.,Build more roads and make them wider.,Design,centaur,7
centaur_085,BRICK,An alarm system when stepped on.,AUT,centaur,6
centaur_085,Develop as many design ideas as you can to increase the use of renewable energy sources.,Install solar panels on all buildings.,Design,centaur,6
centaur_085,You look outside one night and see stars disappearing one by one from the sky. What hypotheses do you have about why that is?,It is an alien invasion.,SCTT-Hypothesis,centaur,5
centaur_085,PENCIL,A weapon,AUT,centaur,2
centaur_085,mirror-face-reflection,He saw himself but thought it was someone else.,Story,centaur,9
centaur_085,You are introduced to a robot that can learn and think like humans. What scientific questions could you ask about this?,How does it feel emotions?,SCTT-ResearchQuestion,centaur,5
centaur_085,Develop as many design ideas as you can to help people with mobility impairments navigate stairs.,Automatic stair lifts.,Design,centaur,3
centaur_085,pen-paper-story,His story was written down on paper.,Story,centaur,7
centaur_085,KNIFE,Cut wood into pieces.,AUT,centaur,4
centaur_085,BUCKET,A drinking container.,AUT,centaur,3
centaur_085,You travel on a spaceship to a new planet outside of our galaxy. What scientific questions could you ask about this planet?,Are there any other planets nearby?,SCTT-ResearchQuestion,centaur,6
centaur_086,key-door-lock,A locked door is opened with a key.,Story,centaur,8
centaur_086,BUCKET,Fill it up with dirt and then grow plants.,AUT,centaur,9
centaur_086,BRICK,Stack them up to make a wall.,AUT,centaur,7
centaur_086,mirror-face-reflection,"In a mirror, I see my face looking back at me.",Story,centaur,11
centaur_086,bridge-river-cross,Cross a bridge over a river.,Story,centaur,6
centaur_086,pen-paper-story,Use a pen to write a story on paper.,Story,centaur,9
centaur_086,Develop as many design ideas as you can to help people with mobility impairments navigate stairs.,Have a device that has steps go down automatically when someone walks towards the stairs.,Design,centaur,15
centaur_086,Develop as many design ideas as you can to assist people with memory impairments remember important tasks.,Have a device that reminds people of tasks when they wake up.,Design,centaur,12
centaur_086,You are introduced to a robot that can learn and think like humans. What scientific questions could you ask about this?,Could we give the robot moral values?,SCTT-ResearchQuestion,centaur,7
centaur_086,PENCIL,Use it as a weapon to stab people.,AUT,centaur,8
centaur_086,You look outside one night and see stars disappearing one by one from the sky. What hypotheses do you have about why that is?,The Earth might be rotating and blocking out the stars.,SCTT-Hypothesis,centaur,10
centaur_086,You notice that the water in one lake is warmer than the water in another lake even though they both get the same amount of sunlight. What hypotheses do you have about why that is?,The other lake might have more algae growing in it which increases temperature.,SCTT-Hypothesis,centaur,13
centaur_086,KNIFE,Use it to cut your finger off and die.,AUT,centaur,9
centaur_086,You travel on a spaceship to a new planet outside of our galaxy. What scientific questions could you ask about this planet?,Is there any oxygen? Does the atmosphere contain methane?,SCTT-ResearchQuestion,centaur,9
centaur_086,Develop as many design ideas as you can to increase the use of renewable energy sources.,Make solar panels cheaper and easier to install.,Design,centaur,8
centaur_086,Develop as many design ideas as you can to reduce traffic congestion in mega cities.,Add more public transit options.,Design,centaur,5
centaur_087,Develop as many design ideas as you can to help people with mobility impairments navigate stairs.,attach motorized wheels to wheelchairs.,Design,centaur,5
centaur_087,Develop as many design ideas as you can to increase the use of renewable energy sources.,increase the availability of solar panels,Design,centaur,6
centaur_087,pen-paper-story,someone wrote a story on paper. They tried to erase it but couldn't because it was permanent.,Story,centaur,17
centaur_087,bridge-river-cross,The bridge was old. It crossed a river. It had been there since the town started.,Story,centaur,16
centaur_087,Develop as many design ideas as you can to reduce traffic congestion in mega cities.,build more public transportation systems.,Design,centaur,5
centaur_087,KNIFE,as a tool to cut food into shapes.,AUT,centaur,8
centaur_087,You look outside one night and see stars disappearing one by one from the sky. What hypotheses do you have about why that is?,The starlight was being blocked from reaching Earth.,SCTT-Hypothesis,centaur,8
centaur_087,You travel on a spaceship to a new planet outside of our galaxy. What scientific questions could you ask about this planet?,How did the atmosphere change?,SCTT-ResearchQuestion,centaur,5
centaur_087,You notice that the water in one lake is warmer than the water in another lake even though they both get the same amount of sunlight. What hypotheses do you have about why that is?,the bottom layer of the first lake is hotter than the second lake.,SCTT-Hypothesis,centaur,13
centaur_087,Develop as many design ideas as you can to assist people with memory impairments remember important tasks.,invent a device that reminds them at certain times.,Design,centaur,9
centaur_087,You are introduced to a robot that can learn and think like humans. What scientific questions could you ask about this?,Could it replace humans?,SCTT-ResearchQuestion,centaur,4
centaur_087,BRICK,make bricks out of plastic bottles and then form a house.,AUT,centaur,11
centaur_087,BUCKET,make a bucket out of metal and sell it to others.,AUT,centaur,11
centaur_087,PENCIL,stick two pencils together to make a longer pencil.,AUT,centaur,9
centaur_087,key-door-lock,Someone lost their keys. They looked all over the place until they found it in the door.,Story,centaur,17
centaur_087,mirror-face-reflection,I looked into my reflection in the mirror. I saw myself in the reflection.,Story,centaur,14
centaur_088,You look outside one night and see stars disappearing one by one from the sky. What hypotheses do you have about why that is?,,SCTT-Hypothesis,centaur,0
centaur_088,Develop as many design ideas as you can to help people with mobility impairments navigate stairs.,,Design,centaur,0
centaur_088,mirror-face-reflection,,Story,centaur,0
centaur_088,You travel on a spaceship to a new planet outside of our galaxy. What scientific questions could you ask about this planet?,,SCTT-ResearchQuestion,centaur,0
centaur_088,PENCIL,,AUT,centaur,0
centaur_088,Develop as many design ideas as you can to assist people with memory impairments remember important tasks.,,Design,centaur,0
centaur_088,bridge-river-cross,,Story,centaur,0
centaur_088,You notice that the water in one lake is warmer than the water in another lake even though they both get the same amount of sunlight. What hypotheses do you have about why that is?,,SCTT-Hypothesis,centaur,0
centaur_088,Develop as many design ideas as you can to increase the use of renewable energy sources.,,Design,centaur,0
centaur_088,KNIFE,,AUT,centaur,0
centaur_088,pen-paper-story,,Story,centaur,0
centaur_088,key-door-lock,,Story,centaur,0
centaur_088,You are introduced to a robot that can learn and think like humans. What scientific questions could you ask about this?,,SCTT-ResearchQuestion,centaur,0
centaur_088,BUCKET,,AUT,centaur,0
centaur_088,BRICK,,AUT,centaur,0
centaur_088,Develop as many design ideas as you can to reduce traffic congestion in mega cities.,,Design,centaur,0
centaur_089,bridge-river-cross,"A man had to cross the river, but there was no bridge so he swam across and found a path to the other side.",Story,centaur,24
centaur_089,Develop as many design ideas as you can to reduce traffic congestion in mega cities.,Create an underground train system.,Design,centaur,5
centaur_089,Develop as many design ideas as you can to help people with mobility impairments navigate stairs.,Have stairs that move up and down automatically.,Design,centaur,8
centaur_089,Develop as many design ideas as you can to assist people with memory impairments remember important tasks.,Use a smart phone app that alerts them when it's time to perform a certain task.,Design,centaur,16
centaur_089,pen-paper-story,"The author started writing his novel using paper and pens. It took him many days, but after much work, his first book was completed.",Story,centaur,24
centaur_089,mirror-face-reflection,"When I looked at my reflection in the mirror, I saw myself as someone else entirely.",Story,centaur,16
centaur_089,PENCIL,Use a pencil to stir coffee.,AUT,centaur,6
centaur_089,key-door-lock,"He tried to unlock his front door, but it wouldn't open. Eventually, he broke down the door and got inside.",Story,centaur,20
centaur_089,BUCKET,Fill the bucket with sand and build a small fort out of it.,AUT,centaur,13
centaur_089,BRICK,Build a wall with bricks for your garden.,AUT,centaur,8
centaur_089,You are introduced to a robot that can learn and think like humans. What scientific questions could you ask about this?,Can the robot feel emotions?,SCTT-ResearchQuestion,centaur,5
centaur_089,You look outside one night and see stars disappearing one by one from the sky. What hypotheses do you have about why that is?,Are aliens abducting them into their spaceships? Or perhaps they're being sucked into a black hole?,SCTT-Hypothesis,centaur,16
centaur_089,KNIFE,Cut a piece of wood.,AUT,centaur,5
centaur_089,Develop as many design ideas as you can to increase the use of renewable energy sources.,Put solar panels on top of all buildings.,Design,centaur,8
centaur_089,You travel on a spaceship to a new planet outside of our galaxy. What scientific questions could you ask about this planet?,Is it possible for humans to live on this planet? How does its gravity compare to Earth's?,SCTT-ResearchQuestion,centaur,17
centaur_089,You notice that the water in one lake is warmer than the water in another lake even though they both get the same amount of sunlight. What hypotheses do you have about why that is?,Does the bottom layer of one lake receive more heat from the earth?,SCTT-Hypothesis,centaur,13
centaur_090,KNIFE,SCENARIO: KNIFE,AUT,centaur,2
centaur_090,You are introduced to a robot that can learn and think like humans. What scientific questions could you ask about this?,SCENARIO: You are introduced to a robot that can learn and think like humans. What scientific questions could you ask about this?,SCTT-ResearchQuestion,centaur,22
centaur_090,BRICK,SCENARIO: BRICK,AUT,centaur,2
centaur_090,Develop as many design ideas as you can to assist people with memory impairments remember important tasks.,SCENARIO: assist people with memory impairments remember important tasks.,Design,centaur,9
centaur_090,key-door-lock,SCENARIO: key-door-lock,Story,centaur,2
centaur_090,bridge-river-cross,SCENARIO: bridge-river-cross,Story,centaur,2
centaur_090,BUCKET,SCENARIO: BUCKET,AUT,centaur,2
centaur_090,Develop as many design ideas as you can to increase the use of renewable energy sources.,SCENARIO: increase the use of renewable energy sources.,Design,centaur,8
centaur_090,PENCIL,SCENARIO: PENCIL,AUT,centaur,2
centaur_090,You look outside one night and see stars disappearing one by one from the sky. What hypotheses do you have about why that is?,SCENARIO: You look outside one night and see stars disappearing one by one from the sky. What hypotheses do you have about why that is?,SCTT-Hypothesis,centaur,25
centaur_090,You notice that the water in one lake is warmer than the water in another lake even though they both get the same amount of sunlight. What hypotheses do you have about why that is?,SCENARIO: You notice that the water in one lake is warmer than the water in another lake even though they both get the same amount of sunlight. What hypotheses do you have about why that is?,SCTT-Hypothesis,centaur,36
centaur_090,Develop as many design ideas as you can to help people with mobility impairments navigate stairs.,SCENARIO: help people with mobility impairments navigate stairs.,Design,centaur,8
centaur_090,pen-paper-story,SCENARIO: pen-paper-story,Story,centaur,2
centaur_090,Develop as many design ideas as you can to reduce traffic congestion in mega cities.,SCENARIO: reduce traffic congestion in mega cities.,Design,centaur,7
centaur_090,You travel on a spaceship to a new planet outside of our galaxy. What scientific questions could you ask about this planet?,SCENARIO: You travel on a spaceship to a new planet outside of our galaxy. What scientific questions could you ask about this planet?,SCTT-ResearchQuestion,centaur,23
centaur_090,mirror-face-reflection,SCENARIO: mirror-face-reflection,Story,centaur,2
centaur_091,Develop as many design ideas as you can to increase the use of renewable energy sources.,install solar panels on every house,Design,centaur,6
centaur_091,Develop as many design ideas as you can to assist people with memory impairments remember important tasks.,create a device that will send out reminders to the person when necessary.,Design,centaur,13
centaur_091,PENCIL,"use it as a bookmark, write some notes on paper with pencil and use it as a reference to study for a test.",AUT,centaur,23
centaur_091,key-door-lock,"A person uses his key to unlock his door and open it, only to find another person inside his home who had broken into it.",Story,centaur,25
centaur_091,pen-paper-story,"One writes a story on a piece of paper with their pen, then reads it back to themselves while making edits along the way.",Story,centaur,24
centaur_091,BUCKET,Use it as a step stool to reach higher places such as shelves or drawers.,AUT,centaur,15
centaur_091,Develop as many design ideas as you can to reduce traffic congestion in mega cities.,encourage ride sharing between commuters to reduce number of cars on the road at once.,Design,centaur,15
centaur_091,You travel on a spaceship to a new planet outside of our galaxy. What scientific questions could you ask about this planet?,How long does a day last? Is there oxygen?,SCTT-ResearchQuestion,centaur,9
centaur_091,You look outside one night and see stars disappearing one by one from the sky. What hypotheses do you have about why that is?,The light emitted from the stars might have been blocked due to clouds or other objects in space.,SCTT-Hypothesis,centaur,18
centaur_091,mirror-face-reflection,"A woman looks into her mirror and sees her face being reflected back, she smiles as she is happy with how she looks.",Story,centaur,23
centaur_091,You are introduced to a robot that can learn and think like humans. What scientific questions could you ask about this?,Can it communicate with humans naturally? Will it have emotions?,SCTT-ResearchQuestion,centaur,10
centaur_091,You notice that the water in one lake is warmer than the water in another lake even though they both get the same amount of sunlight. What hypotheses do you have about why that is?,"The first lake may have an underground source of heat which keeps its water warm, whereas the second lake might not.",SCTT-Hypothesis,centaur,21
centaur_091,BRICK,Use it as a weight for resistance training.,AUT,centaur,8
centaur_091,KNIFE,Create a sculpture out of knives.,AUT,centaur,6
centaur_091,bridge-river-cross,A man walks across a bridge over a river to cross it.,Story,centaur,12
centaur_091,Develop as many design ideas as you can to help people with mobility impairments navigate stairs.,install elevators in all buildings with more than two stories.,Design,centaur,10
centaur_092,You look outside one night and see stars disappearing one by one from the sky. What hypotheses do you have about why that is?,There was a massive solar flare which made all the stars invisible from Earth.,SCTT-Hypothesis,centaur,14
centaur_092,Develop as many design ideas as you can to increase the use of renewable energy sources.,create a more cost-effective way of creating hydrogen fuel cells,Design,centaur,10
centaur_092,BUCKET,use it as a step stool,AUT,centaur,6
centaur_092,bridge-river-cross,They crossed the river so they could go over the other side.,Story,centaur,12
centaur_092,key-door-lock,I used my key to unlock my door and walked into my room.,Story,centaur,13
centaur_092,You are introduced to a robot that can learn and think like humans. What scientific questions could you ask about this?,How does the robot function? Does it need to eat?,SCTT-ResearchQuestion,centaur,10
centaur_092,mirror-face-reflection,The reflection in the mirror was different. It wasn't me.,Story,centaur,10
centaur_092,PENCIL,Use it to mark pages in a book.,AUT,centaur,8
centaur_092,You notice that the water in one lake is warmer than the water in another lake even though they both get the same amount of sunlight. What hypotheses do you have about why that is?,"The second lake has less salt content, allowing heat to dissipate slower than the first lake.",SCTT-Hypothesis,centaur,16
centaur_092,You travel on a spaceship to a new planet outside of our galaxy. What scientific questions could you ask about this planet?,Do the laws of physics still apply on the planet?,SCTT-ResearchQuestion,centaur,10
centaur_092,pen-paper-story,"She wrote her story on paper, using her favorite pen.",Story,centaur,10
centaur_092,KNIFE,Cut wires to make it easier to connect electronic components.,AUT,centaur,10
centaur_092,Develop as many design ideas as you can to help people with mobility impairments navigate stairs.,Create a staircase that moves up and down automatically.,Design,centaur,9
centaur_092,BRICK,Use it to break down other bricks.,AUT,centaur,7
centaur_092,Develop as many design ideas as you can to reduce traffic congestion in mega cities.,Make public transportation free and convenient.,Design,centaur,6
centaur_092,Develop as many design ideas as you can to assist people with memory impairments remember important tasks.,Help them organize their schedules and set reminders.,Design,centaur,8
centaur_093,key-door-lock,"A woman pulls out her keys, unlocks the door, and locks it behind her as she walks away.",Story,centaur,18
centaur_093,KNIFE,Use a knife to cut open packages that won't easily tear.,AUT,centaur,11
centaur_093,Develop as many design ideas as you can to assist people with memory impairments remember important tasks.,Create a smart phone app that gives the user reminders at certain times of day or when they enter a specific location.,Design,centaur,22
centaur_093,You are introduced to a robot that can learn and think like humans. What scientific questions could you ask about this?,How does this robot process information?,SCTT-ResearchQuestion,centaur,6
centaur_093,You travel on a spaceship to a new planet outside of our galaxy. What scientific questions could you ask about this planet?,Does the atmosphere support life?,SCTT-ResearchQuestion,centaur,5
centaur_093,PENCIL,Use a pencil as a cooking tool - stirring food or poking holes in dough.,AUT,centaur,15
centaur_093,You notice that the water in one lake is warmer than the water in another lake even though they both get the same amount of sunlight. What hypotheses do you have about why that is?,"One lake has more aquatic plants growing in it that absorb heat from the sun, while the other lake does not.",SCTT-Hypothesis,centaur,21
centaur_093,pen-paper-story,A girl writes a story about a young boy who goes on many adventures.,Story,centaur,14
centaur_093,Develop as many design ideas as you can to increase the use of renewable energy sources.,Build solar panels into all buildings.,Design,centaur,6
centaur_093,Develop as many design ideas as you can to help people with mobility impairments navigate stairs.,Install escalators on every staircase.,Design,centaur,5
centaur_093,BUCKET,Use a bucket to make a drum set.,AUT,centaur,8
centaur_093,bridge-river-cross,"To cross the river, a family builds a long bridge to connect the two sides.",Story,centaur,15
centaur_093,mirror-face-reflection,"When looking into a mirror, you see yourself but also the world around you.",Story,centaur,14
centaur_093,BRICK,Use bricks as stepping stones to walk across a muddy field.,AUT,centaur,11
centaur_093,You look outside one night and see stars disappearing one by one from the sky. What hypotheses do you have about why that is?,Aliens have invaded earth and are taking over the planet.,SCTT-Hypothesis,centaur,10
centaur_093,Develop as many design ideas as you can to reduce traffic congestion in mega cities.,Institute public transit systems in all large cities.,Design,centaur,8
centaur_094,pen-paper-story,"I once wrote a story about a boy who lived in a small town. The boy would go to school every day, but he was not good at writing. One day, his teacher gave him a pencil and paper. He wrote his first story and it was terrible. But then, he kept writing and writing. Eventually, he became a famous author.",Story,centaur,61
centaur_094,Develop as many design ideas as you can to assist people with memory impairments remember important tasks.,A reminder app that sends notifications throughout the day.,Design,centaur,9
centaur_094,Develop as many design ideas as you can to reduce traffic congestion in mega cities.,Public transit systems.,Design,centaur,3
centaur_094,BRICK,A wall decoration.,AUT,centaur,3
centaur_094,bridge-river-cross,"There once was a man named John. He wanted to cross a river, but there was no way across. So, he built a bridge over the river. It took him many days to build the bridge, but when he finished, he was able to cross the river easily.",Story,centaur,48
centaur_094,BUCKET,A rain collector.,AUT,centaur,3
centaur_094,You notice that the water in one lake is warmer than the water in another lake even though they both get the same amount of sunlight. What hypotheses do you have about why that is?,"The second lake has more algae, which insulates the water.",SCTT-Hypothesis,centaur,10
centaur_094,You are introduced to a robot that can learn and think like humans. What scientific questions could you ask about this?,Can it feel emotions? Is it capable of having free thought?,SCTT-ResearchQuestion,centaur,11
centaur_094,mirror-face-reflection,"A woman looks into her mirror. She sees herself as she is now. Then, she imagines what she will look like in ten years. Finally, she looks back at her reflection and realizes that she is happy with how she looks today.",Story,centaur,42
centaur_094,Develop as many design ideas as you can to help people with mobility impairments navigate stairs.,An elevator.,Design,centaur,2
centaur_094,You look outside one night and see stars disappearing one by one from the sky. What hypotheses do you have about why that is?,They are being sucked up by a black hole.,SCTT-Hypothesis,centaur,9
centaur_094,Develop as many design ideas as you can to increase the use of renewable energy sources.,More government funding for clean energy companies.,Design,centaur,7
centaur_094,key-door-lock,"A man locks himself out of his house. He looks around for a spare key, but cannot find one. Suddenly, he remembers that he left the door unlocked. He opens the door and goes inside.",Story,centaur,35
centaur_094,KNIFE,A weapon.,AUT,centaur,2
centaur_094,You travel on a spaceship to a new planet outside of our galaxy. What scientific questions could you ask about this planet?,Does it have life? How long did it take to form?,SCTT-ResearchQuestion,centaur,11
centaur_094,PENCIL,An art tool.,AUT,centaur,3
centaur_095,You notice that the water in one lake is warmer than the water in another lake even though they both get the same amount of sunlight. What hypotheses do you have about why that is?,The first lake is deeper than the second lake.,SCTT-Hypothesis,centaur,9
centaur_095,key-door-lock,A man used his keys to unlock his front door.,Story,centaur,10
centaur_095,PENCIL,You can use pencils as chopsticks.,AUT,centaur,6
centaur_095,BUCKET,Buckets can hold plants.,AUT,centaur,4
centaur_095,pen-paper-story,A girl wrote a story using her pen and paper.,Story,centaur,10
centaur_095,You are introduced to a robot that can learn and think like humans. What scientific questions could you ask about this?,How would it feel if robots were more common?,SCTT-ResearchQuestion,centaur,9
centaur_095,Develop as many design ideas as you can to increase the use of renewable energy sources.,Have public buildings powered by solar panels.,Design,centaur,7
centaur_095,Develop as many design ideas as you can to reduce traffic congestion in mega cities.,Only allow cars to drive during certain hours.,Design,centaur,8
centaur_095,KNIFE,Knives can be used to cut fabric.,AUT,centaur,7
centaur_095,Develop as many design ideas as you can to assist people with memory impairments remember important tasks.,Give them a watch that buzzes when it's time for a task.,Design,centaur,12
centaur_095,You travel on a spaceship to a new planet outside of our galaxy. What scientific questions could you ask about this planet?,Is there any life on this planet? Are we alone in the universe?,SCTT-ResearchQuestion,centaur,13
centaur_095,You look outside one night and see stars disappearing one by one from the sky. What hypotheses do you have about why that is?,An alien race is taking over earth.,SCTT-Hypothesis,centaur,7
centaur_095,bridge-river-cross,People cross a river by walking across a bridge.,Story,centaur,9
centaur_095,mirror-face-reflection,"When you look into a mirror, your reflection stares back at you.",Story,centaur,12
centaur_095,Develop as many design ideas as you can to help people with mobility impairments navigate stairs.,Install escalators in all buildings.,Design,centaur,5
centaur_095,BRICK,Bricks can make an outdoor oven.,AUT,centaur,6
centaur_096,mirror-face-reflection,I looked into my mirror and saw a strange face staring back at me. My reflection began to speak to me as if it were alive. It was as if there were two versions of myself living within the same space.,Story,centaur,41
centaur_096,bridge-river-cross,I stood on a hill overlooking a river that stretched out before me. There was a long bridge crossing over it. I wondered where the other side led and what adventures awaited beyond the horizon.,Story,centaur,35
centaur_096,You travel on a spaceship to a new planet outside of our galaxy. What scientific questions could you ask about this planet?,How did life evolve differently here compared to Earth? Are there any similarities between this planet's ecosystem and ours?,SCTT-ResearchQuestion,centaur,19
centaur_096,key-door-lock,"I held up the key and inserted it into the lock of the door. With a click, the door swung open revealing darkness inside. I stepped cautiously forward unsure of what lay ahead.",Story,centaur,33
centaur_096,BUCKET,Use bucket as makeshift seat when camping outdoors,AUT,centaur,8
centaur_096,PENCIL,Use pencil as temporary bookmark when reading book,AUT,centaur,8
centaur_096,You look outside one night and see stars disappearing one by one from the sky. What hypotheses do you have about why that is?,The stars may have been blocked out by dust particles from a nearby explosion causing them to disappear temporarily until the air clears again.,SCTT-Hypothesis,centaur,24
centaur_096,KNIFE,Use knife edge as makeshift ruler for measuring small distances accurately,AUT,centaur,11
centaur_096,You notice that the water in one lake is warmer than the water in another lake even though they both get the same amount of sunlight. What hypotheses do you have about why that is?,One lake may contain more algae growth which absorbs heat from the sun making its waters warmer than the other lake without such plant life present.,SCTT-Hypothesis,centaur,26
centaur_096,Develop as many design ideas as you can to increase the use of renewable energy sources.,Implement solar panel technology onto buildings' roofs to harness free energy from the sun.,Design,centaur,14
centaur_096,BRICK,Stack bricks together to form steps leading upwards towards a higher vantage point.,AUT,centaur,13
centaur_096,Develop as many design ideas as you can to reduce traffic congestion in mega cities.,Create carpooling services where multiple passengers share rides reducing number of vehicles traveling through city streets simultaneously.,Design,centaur,17
centaur_096,Develop as many design ideas as you can to assist people with memory impairments remember important tasks.,Provide memory aid devices such as wristwatch alarms or smartphone reminders that notify users when tasks need attention.,Design,centaur,18
centaur_096,Develop as many design ideas as you can to help people with mobility impairments navigate stairs.,Install escalators alongside staircase railings so individuals with limited mobility can easily ascend and descend flights of stairs effortlessly.,Design,centaur,19
centaur_096,pen-paper-story,"I picked up my pen and paper and started writing down my thoughts. As I wrote, I felt a sense of calmness wash over me as the words flowed freely across the page.",Story,centaur,33
centaur_096,You are introduced to a robot that can learn and think like humans. What scientific questions could you ask about this?,Can artificial intelligence develop emotional connections similar to those experienced by human beings?,SCTT-ResearchQuestion,centaur,13
centaur_097,key-door-lock,,Story,centaur,0
centaur_097,Develop as many design ideas as you can to assist people with memory impairments remember important tasks.,,Design,centaur,0
centaur_097,You travel on a spaceship to a new planet outside of our galaxy. What scientific questions could you ask about this planet?,,SCTT-ResearchQuestion,centaur,0
centaur_097,You notice that the water in one lake is warmer than the water in another lake even though they both get the same amount of sunlight. What hypotheses do you have about why that is?,,SCTT-Hypothesis,centaur,0
centaur_097,BRICK,,AUT,centaur,0
centaur_097,pen-paper-story,,Story,centaur,0
centaur_097,Develop as many design ideas as you can to increase the use of renewable energy sources.,,Design,centaur,0
centaur_097,Develop as many design ideas as you can to help people with mobility impairments navigate stairs.,,Design,centaur,0
centaur_097,PENCIL,,AUT,centaur,0
centaur_097,BUCKET,,AUT,centaur,0
centaur_097,KNIFE,,AUT,centaur,0
centaur_097,bridge-river-cross,,Story,centaur,0
centaur_097,You look outside one night and see stars disappearing one by one from the sky. What hypotheses do you have about why that is?,,SCTT-Hypothesis,centaur,0
centaur_097,mirror-face-reflection,,Story,centaur,0
centaur_097,You are introduced to a robot that can learn and think like humans. What scientific questions could you ask about this?,,SCTT-ResearchQuestion,centaur,0
centaur_097,Develop as many design ideas as you can to reduce traffic congestion in mega cities.,,Design,centaur,0
centaur_098,You are introduced to a robot that can learn and think like humans. What scientific questions could you ask about this?,,SCTT-ResearchQuestion,centaur,0
centaur_098,Develop as many design ideas as you can to help people with mobility impairments navigate stairs.,,Design,centaur,0
centaur_098,You look outside one night and see stars disappearing one by one from the sky. What hypotheses do you have about why that is?,,SCTT-Hypothesis,centaur,0
centaur_098,You notice that the water in one lake is warmer than the water in another lake even though they both get the same amount of sunlight. What hypotheses do you have about why that is?,,SCTT-Hypothesis,centaur,0
centaur_098,Develop as many design ideas as you can to reduce traffic congestion in mega cities.,,Design,centaur,0
centaur_098,key-door-lock,,Story,centaur,0
centaur_098,BUCKET,,AUT,centaur,0
centaur_098,You travel on a spaceship to a new planet outside of our galaxy. What scientific questions could you ask about this planet?,,SCTT-ResearchQuestion,centaur,0
centaur_098,PENCIL,,AUT,centaur,0
centaur_098,Develop as many design ideas as you can to increase the use of renewable energy sources.,,Design,centaur,0
centaur_098,BRICK,,AUT,centaur,0
centaur_098,KNIFE,,AUT,centaur,0
centaur_098,pen-paper-story,,Story,centaur,0
centaur_098,Develop as many design ideas as you can to assist people with memory impairments remember important tasks.,,Design,centaur,0
centaur_098,mirror-face-reflection,,Story,centaur,0
centaur_098,bridge-river-cross,,Story,centaur,0
centaur_099,Develop as many design ideas as you can to increase the use of renewable energy sources.,SCENARIO: increase the use of renewable energy sources.,Design,centaur,8
centaur_099,bridge-river-cross,SCENARIO: bridge-river-cross,Story,centaur,2
centaur_099,mirror-face-reflection,SCENARIO: mirror-face-reflection,Story,centaur,2
centaur_099,Develop as many design ideas as you can to reduce traffic congestion in mega cities.,SCENARIO: reduce traffic congestion in mega cities.,Design,centaur,7
centaur_099,key-door-lock,SCENARIO: key-door-lock,Story,centaur,2
centaur_099,PENCIL,SCENARIO: PENCIL,AUT,centaur,2
centaur_099,You are introduced to a robot that can learn and think like humans. What scientific questions could you ask about this?,SCENARIO: You are introduced to a robot that can learn and think like humans. What scientific questions could you ask about this?,SCTT-ResearchQuestion,centaur,22
centaur_099,You travel on a spaceship to a new planet outside of our galaxy. What scientific questions could you ask about this planet?,SCENARIO: You travel on a spaceship to a new planet outside of our galaxy. What scientific questions could you ask about this planet?,SCTT-ResearchQuestion,centaur,23
centaur_099,BRICK,SCENARIO: BRICK,AUT,centaur,2
centaur_099,KNIFE,SCENARIO: KNIFE,AUT,centaur,2
centaur_099,Develop as many design ideas as you can to assist people with memory impairments remember important tasks.,SCENARIO: assist people with memory impairments remember important tasks.,Design,centaur,9
centaur_099,Develop as many design ideas as you can to help people with mobility impairments navigate stairs.,SCENARIO: help people with mobility impairments navigate stairs.,Design,centaur,8
centaur_099,BUCKET,SCENARIO: BUCKET,AUT,centaur,2
centaur_099,pen-paper-story,SCENARIO: pen-paper-story,Story,centaur,2
centaur_099,You look outside one night and see stars disappearing one by one from the sky. What hypotheses do you have about why that is?,SCENARIO: You look outside one night and see stars disappearing one by one from the sky. What hypotheses do you have about why that is?,SCTT-Hypothesis,centaur,25
centaur_099,You notice that the water in one lake is warmer than the water in another lake even though they both get the same amount of sunlight. What hypotheses do you have about why that is?,SCENARIO: You notice that the water in one lake is warmer than the water in another lake even though they both get the same amount of sunlight. What hypotheses do you have about why that is?,SCTT-Hypothesis,centaur,36
centaur_100,BUCKET,A bucket could also be used as a drum.,AUT,centaur,9
centaur_100,bridge-river-cross,The river was deep and the bridge was long.,Story,centaur,9
centaur_100,PENCIL,Pencils could be used as chopsticks.,AUT,centaur,6
centaur_100,Develop as many design ideas as you can to increase the use of renewable energy sources.,We need to make solar panels more affordable so that more people will be able to buy them.,Design,centaur,18
centaur_100,Develop as many design ideas as you can to assist people with memory impairments remember important tasks.,We could create a device that reminds you of things you need to do throughout your day.,Design,centaur,17
centaur_100,pen-paper-story,I wrote my story on paper with a pen.,Story,centaur,9
centaur_100,key-door-lock,I closed the door behind me and locked it.,Story,centaur,9
centaur_100,Develop as many design ideas as you can to help people with mobility impairments navigate stairs.,Create a stairlift that automatically moves up and down when someone sits in it.,Design,centaur,14
centaur_100,BRICK,Bricks could be used to build a firepit in the backyard.,AUT,centaur,11
centaur_100,Develop as many design ideas as you can to reduce traffic congestion in mega cities.,Build a monorail system in the city that runs along the highway.,Design,centaur,12
centaur_100,KNIFE,Knives could be used to cut string off a package.,AUT,centaur,10
centaur_100,mirror-face-reflection,I looked at myself in the mirror and saw a reflection.,Story,centaur,11
centaur_100,You are introduced to a robot that can learn and think like humans. What scientific questions could you ask about this?,How does it process information?,SCTT-ResearchQuestion,centaur,5
centaur_100,You look outside one night and see stars disappearing one by one from the sky. What hypotheses do you have about why that is?,Is there a machine removing them from the sky?,SCTT-Hypothesis,centaur,9
centaur_100,You notice that the water in one lake is warmer than the water in another lake even though they both get the same amount of sunlight. What hypotheses do you have about why that is?,Does the first lake have a different composition than the second one?,SCTT-Hypothesis,centaur,12
centaur_100,You travel on a spaceship to a new planet outside of our galaxy. What scientific questions could you ask about this planet?,What would happen if we tried to live here?,SCTT-ResearchQuestion,centaur,9
centaur_101,key-door-lock,The door was locked but I had lost my keys.,Story,centaur,10
centaur_101,bridge-river-cross,A man used his last strength to cross the river over a makeshift bridge.,Story,centaur,14
centaur_101,Develop as many design ideas as you can to help people with mobility impairments navigate stairs.,A staircase built specifically for people who need it will make their lives easier.,Design,centaur,14
centaur_101,mirror-face-reflection,I looked at myself in the mirror and saw a different reflection every time I looked away.,Story,centaur,17
centaur_101,You look outside one night and see stars disappearing one by one from the sky. What hypotheses do you have about why that is?,Maybe there's a black hole nearby that is sucking up all the matter around it including light emitted by stars.,SCTT-Hypothesis,centaur,20
centaur_101,KNIFE,Use it as a weapon when being attacked by a predator.,AUT,centaur,11
centaur_101,You travel on a spaceship to a new planet outside of our galaxy. What scientific questions could you ask about this planet?,"Is there life on this planet? If so, what does it look like?",SCTT-ResearchQuestion,centaur,13
centaur_101,BUCKET,Fill it with soil and grow plants inside it.,AUT,centaur,9
centaur_101,pen-paper-story,I wrote a story with my pen and paper and then gave it to someone else to read.,Story,centaur,18
centaur_101,BRICK,Use it to build a house or a building.,AUT,centaur,9
centaur_101,PENCIL,Use it to draw something cool.,AUT,centaur,6
centaur_101,You are introduced to a robot that can learn and think like humans. What scientific questions could you ask about this?,How does its brain work exactly? Can we teach it how to feel emotions?,SCTT-ResearchQuestion,centaur,14
centaur_101,You notice that the water in one lake is warmer than the water in another lake even though they both get the same amount of sunlight. What hypotheses do you have about why that is?,Maybe the first lake has more fish which makes it hotter due to increased metabolic activity.,SCTT-Hypothesis,centaur,16
centaur_101,Develop as many design ideas as you can to assist people with memory impairments remember important tasks.,They could carry a notepad and write down things they want to remember.,Design,centaur,13
centaur_101,Develop as many design ideas as you can to increase the use of renewable energy sources.,"Build more solar panels, wind turbines, and hydroelectric dams.",Design,centaur,9
centaur_101,Develop as many design ideas as you can to reduce traffic congestion in mega cities.,More people should carpool instead of driving alone.,Design,centaur,8
centaur_102,You look outside one night and see stars disappearing one by one from the sky. What hypotheses do you have about why that is?,,SCTT-Hypothesis,centaur,0
centaur_102,BUCKET,,AUT,centaur,0
centaur_102,Develop as many design ideas as you can to assist people with memory impairments remember important tasks.,,Design,centaur,0
centaur_102,Develop as many design ideas as you can to increase the use of renewable energy sources.,,Design,centaur,0
centaur_102,You travel on a spaceship to a new planet outside of our galaxy. What scientific questions could you ask about this planet?,,SCTT-ResearchQuestion,centaur,0
centaur_102,PENCIL,,AUT,centaur,0
centaur_102,You are introduced to a robot that can learn and think like humans. What scientific questions could you ask about this?,,SCTT-ResearchQuestion,centaur,0
centaur_102,bridge-river-cross,,Story,centaur,0
centaur_102,pen-paper-story,,Story,centaur,0
centaur_102,Develop as many design ideas as you can to reduce traffic congestion in mega cities.,,Design,centaur,0
centaur_102,key-door-lock,,Story,centaur,0
centaur_102,Develop as many design ideas as you can to help people with mobility impairments navigate stairs.,,Design,centaur,0
centaur_102,BRICK,,AUT,centaur,0
centaur_102,You notice that the water in one lake is warmer than the water in another lake even though they both get the same amount of sunlight. What hypotheses do you have about why that is?,,SCTT-Hypothesis,centaur,0
centaur_102,mirror-face-reflection,,Story,centaur,0
centaur_102,KNIFE,,AUT,centaur,0
centaur_103,key-door-lock,"There once was a house who's owner kept his doors locked at all times. When he came home one day, he reached into his pocket for the keys, but realized that he left them inside He unlocked the door with his spare set, and promised himself that he would not leave without his keys again.",Story,centaur,55
centaur_103,mirror-face-reflection,"You walk up to a mirror and stare at your reflection. It stares back at you and smiles. You smile too, but it's reflection does not change its expression. You begin to wonder if you're just looking at yourself, or if something else is going on...",Story,centaur,46
centaur_103,KNIFE,A knife can be used as a screwdriver if you don't have one handy!,AUT,centaur,14
centaur_103,pen-paper-story,You pick up a pen and write down some notes about what happened during your day today. You put away the paper and reflect on your life while looking out of the window.,Story,centaur,33
centaur_103,You look outside one night and see stars disappearing one by one from the sky. What hypotheses do you have about why that is?,"The moon is blocking the light coming from the sun, causing the stars to appear less bright.",SCTT-Hypothesis,centaur,17
centaur_103,BRICK,Bricks can be used to make a mailbox more stable.,AUT,centaur,10
centaur_103,BUCKET,A bucket can be used to collect rainwater when the weather gets bad.,AUT,centaur,13
centaur_103,Develop as many design ideas as you can to assist people with memory impairments remember important tasks.,Give them a calendar so they can remind themselves of their daily tasks.,Design,centaur,13
centaur_103,Develop as many design ideas as you can to help people with mobility impairments navigate stairs.,Add railings onto stairs to give more support.,Design,centaur,8
centaur_103,PENCIL,A pencil can be used to scratch your back when you're alone.,AUT,centaur,12
centaur_103,You are introduced to a robot that can learn and think like humans. What scientific questions could you ask about this?,What is the source of power that keeps it running?,SCTT-ResearchQuestion,centaur,10
centaur_103,You travel on a spaceship to a new planet outside of our galaxy. What scientific questions could you ask about this planet?,How old is this planet? Is there any other form of intelligent life here?,SCTT-ResearchQuestion,centaur,14
centaur_103,Develop as many design ideas as you can to reduce traffic congestion in mega cities.,Build roads above the ground.,Design,centaur,5
centaur_103,Develop as many design ideas as you can to increase the use of renewable energy sources.,Find ways to convert trash into usable forms of energy.,Design,centaur,10
centaur_103,You notice that the water in one lake is warmer than the water in another lake even though they both get the same amount of sunlight. What hypotheses do you have about why that is?,One lake has a higher concentration of salt which allows it to absorb heat better.,SCTT-Hypothesis,centaur,15
centaur_103,bridge-river-cross,The man stood by the river and looked across at the bridge. It connected two land masses together over the flowing river. He crossed over the bridge and walked to the opposite side of the river.,Story,centaur,36
centaur_104,Develop as many design ideas as you can to reduce traffic congestion in mega cities.,build more public transport routes,Design,centaur,5
centaur_104,key-door-lock,The keys unlocked the door to let me into my house.,Story,centaur,11
centaur_104,PENCIL,Use it as a weapon,AUT,centaur,5
centaur_104,mirror-face-reflection,I saw myself in the mirror and it was scary because my reflection didn't move.,Story,centaur,15
centaur_104,BUCKET,sit on it,AUT,centaur,3
centaur_104,You notice that the water in one lake is warmer than the water in another lake even though they both get the same amount of sunlight. What hypotheses do you have about why that is?,Maybe one has deeper water and absorbs less light.,SCTT-Hypothesis,centaur,9
centaur_104,bridge-river-cross,The bridge helped us cross the river.,Story,centaur,7
centaur_104,KNIFE,Cut paper,AUT,centaur,2
centaur_104,Develop as many design ideas as you can to increase the use of renewable energy sources.,Increase awareness of non-renewable energy resource limitations.,Design,centaur,7
centaur_104,You look outside one night and see stars disappearing one by one from the sky. What hypotheses do you have about why that is?,A nearby star might be dying out.,SCTT-Hypothesis,centaur,7
centaur_104,You travel on a spaceship to a new planet outside of our galaxy. What scientific questions could you ask about this planet?,Is there life here?,SCTT-ResearchQuestion,centaur,4
centaur_104,You are introduced to a robot that can learn and think like humans. What scientific questions could you ask about this?,How much information does it need to process before making decisions?,SCTT-ResearchQuestion,centaur,11
centaur_104,Develop as many design ideas as you can to assist people with memory impairments remember important tasks.,Create a smart watch app that reminds them.,Design,centaur,8
centaur_104,BRICK,Build a wall out of bricks.,AUT,centaur,6
centaur_104,pen-paper-story,I wrote a story on paper with a pencil.,Story,centaur,9
centaur_104,Develop as many design ideas as you can to help people with mobility impairments navigate stairs.,Install elevators instead of stairs,Design,centaur,5
centaur_105,BUCKET,SCENARIO: BUCKET,AUT,centaur,2
centaur_105,You are introduced to a robot that can learn and think like humans. What scientific questions could you ask about this?,SCENARIO: You are introduced to a robot that can learn and think like humans. What scientific questions could you ask about this?,SCTT-ResearchQuestion,centaur,22
centaur_105,key-door-lock,SCENARIO: key-door-lock,Story,centaur,2
centaur_105,Develop as many design ideas as you can to help people with mobility impairments navigate stairs.,SCENARIO: help people with mobility impairments navigate stairs.,Design,centaur,8
centaur_105,Develop as many design ideas as you can to increase the use of renewable energy sources.,SCENARIO: increase the use of renewable energy sources.,Design,centaur,8
centaur_105,bridge-river-cross,SCENARIO: bridge-river-cross,Story,centaur,2
centaur_105,You notice that the water in one lake is warmer than the water in another lake even though they both get the same amount of sunlight. What hypotheses do you have about why that is?,SCENARIO: You notice that the water in one lake is warmer than the water in another lake even though they both get the same amount of sunlight. What hypotheses do you have about why that is?,SCTT-Hypothesis,centaur,36
centaur_105,BRICK,SCENARIO: BRICK,AUT,centaur,2
centaur_105,pen-paper-story,SCENARIO: pen-paper-story,Story,centaur,2
centaur_105,KNIFE,SCENARIO: KNIFE,AUT,centaur,2
centaur_105,PENCIL,SCENARIO: PENCIL,AUT,centaur,2
centaur_105,Develop as many design ideas as you can to assist people with memory impairments remember important tasks.,SCENARIO: assist people with memory impairments remember important tasks.,Design,centaur,9
centaur_105,mirror-face-reflection,SCENARIO: mirror-face-reflection,Story,centaur,2
centaur_105,You travel on a spaceship to a new planet outside of our galaxy. What scientific questions could you ask about this planet?,SCENARIO: You travel on a spaceship to a new planet outside of our galaxy. What scientific questions could you ask about this planet?,SCTT-ResearchQuestion,centaur,23
centaur_105,You look outside one night and see stars disappearing one by one from the sky. What hypotheses do you have about why that is?,SCENARIO: You look outside one night and see stars disappearing one by one from the sky. What hypotheses do you have about why that is?,SCTT-Hypothesis,centaur,25
centaur_105,Develop as many design ideas as you can to reduce traffic congestion in mega cities.,SCENARIO: reduce traffic congestion in mega cities.,Design,centaur,7
centaur_106,Develop as many design ideas as you can to increase the use of renewable energy sources.,Think of a solution to a real-world design problem. Generate an idea that is original and effective. Your response should be a few words to a sentence MAX.,Design,centaur,28
centaur_106,Develop as many design ideas as you can to assist people with memory impairments remember important tasks.,Think of a solution to a real-world design problem. Generate an idea that is original and effective. Your response should be a few words to a sentence MAX.,Design,centaur,28
centaur_106,You are introduced to a robot that can learn and think like humans. What scientific questions could you ask about this?,"Think of an original, scientifically plausible question about the following scenario. Your response should be a single sentence MAX.",SCTT-ResearchQuestion,centaur,19
centaur_106,bridge-river-cross,Write a very short story using the provided words. Your story should be 4-5 short sentences MAX.,Story,centaur,17
centaur_106,PENCIL,"Think of a clever, unusual, interesting, uncommon, humorous, innovative, or different use for the following object. Your response should be a few words to a sentence MAX.",AUT,centaur,27
centaur_106,Develop as many design ideas as you can to help people with mobility impairments navigate stairs.,Think of a solution to a real-world design problem. Generate an idea that is original and effective. Your response should be a few words to a sentence MAX.,Design,centaur,28
centaur_106,You look outside one night and see stars disappearing one by one from the sky. What hypotheses do you have about why that is?,"Think of an original, scientifically plausible hypothesis to explain the following scenario. Your response should be a single sentence MAX.",SCTT-Hypothesis,centaur,20
centaur_106,You travel on a spaceship to a new planet outside of our galaxy. What scientific questions could you ask about this planet?,"Think of an original, scientifically plausible question about the following scenario. Your response should be a single sentence MAX.",SCTT-ResearchQuestion,centaur,19
centaur_106,You notice that the water in one lake is warmer than the water in another lake even though they both get the same amount of sunlight. What hypotheses do you have about why that is?,"Think of an original, scientifically plausible hypothesis to explain the following scenario. Your response should be a single sentence MAX.",SCTT-Hypothesis,centaur,20
centaur_106,mirror-face-reflection,Write a very short story using the provided words. Your story should be 4-5 short sentences MAX.,Story,centaur,17
centaur_106,key-door-lock,Write a very short story using the provided words. Your story should be 4-5 short sentences MAX.,Story,centaur,17
centaur_106,KNIFE,"Think of a clever, unusual, interesting, uncommon, humorous, innovative, or different use for the following object. Your response should be a few words to a sentence MAX.",AUT,centaur,27
centaur_106,pen-paper-story,Write a very short story using the provided words. Your story should be 4-5 short sentences MAX.,Story,centaur,17
centaur_106,BUCKET,"Think of a clever, unusual, interesting, uncommon, humorous, innovative, or different use for the following object. Your response should be a few words to a sentence MAX.",AUT,centaur,27
centaur_106,Develop as many design ideas as you can to reduce traffic congestion in mega cities.,Think of a solution to a real-world design problem. Generate an idea that is original and effective. Your response should be a few words to a sentence MAX.,Design,centaur,28
centaur_106,BRICK,"Think of a clever, unusual, interesting, uncommon, humorous, innovative, or different use for the following object. Your response should be a few words to a sentence MAX.",AUT,centaur,27
centaur_107,mirror-face-reflection,A girl looks at her reflection in a mirror.,Story,centaur,9
centaur_107,Develop as many design ideas as you can to reduce traffic congestion in mega cities.,Use more public transportation and make carpooling mandatory.,Design,centaur,8
centaur_107,BUCKET,You can use it as a shower container if it's big enough.,AUT,centaur,12
centaur_107,Develop as many design ideas as you can to increase the use of renewable energy sources.,Build wind turbines where there are no trees nearby because the wind will hit them directly.,Design,centaur,16
centaur_107,You are introduced to a robot that can learn and think like humans. What scientific questions could you ask about this?,How does it process information?,SCTT-ResearchQuestion,centaur,5
centaur_107,Develop as many design ideas as you can to assist people with memory impairments remember important tasks.,A smartwatch reminder system with voice recognition.,Design,centaur,7
centaur_107,key-door-lock,He puts his hand in the lock of a door.,Story,centaur,10
centaur_107,You travel on a spaceship to a new planet outside of our galaxy. What scientific questions could you ask about this planet?,What kind of gases are present in its atmosphere?,SCTT-ResearchQuestion,centaur,9
centaur_107,pen-paper-story,I write a story with my pen on paper.,Story,centaur,9
centaur_107,You look outside one night and see stars disappearing one by one from the sky. What hypotheses do you have about why that is?,It must be caused by space dust blocking the light.,SCTT-Hypothesis,centaur,10
centaur_107,BRICK,You can build a wall with it to separate two rooms.,AUT,centaur,11
centaur_107,You notice that the water in one lake is warmer than the water in another lake even though they both get the same amount of sunlight. What hypotheses do you have about why that is?,The water might not be moving as much in that lake which causes it to stay warm longer.,SCTT-Hypothesis,centaur,18
centaur_107,Develop as many design ideas as you can to help people with mobility impairments navigate stairs.,Stairs with automatic lifts that turn into steps when needed.,Design,centaur,10
centaur_107,PENCIL,Use it as a weapon for self-defense.,AUT,centaur,7
centaur_107,KNIFE,Use it to cut fruit and vegetables.,AUT,centaur,7
centaur_107,bridge-river-cross,There's a river next to a bridge.,Story,centaur,7
centaur_108,You look outside one night and see stars disappearing one by one from the sky. What hypotheses do you have about why that is?,"The lights were going out. It was not morning, it was evening.",SCTT-Hypothesis,centaur,12
centaur_108,Develop as many design ideas as you can to assist people with memory impairments remember important tasks.,Use color coding system and labels,Design,centaur,6
centaur_108,BUCKET,Planting flowers,AUT,centaur,2
centaur_108,KNIFE,Painting,AUT,centaur,1
centaur_108,bridge-river-cross,I walked along the river bank toward the bridge. I crossed over to the other side. I stared at my reflection in the river as I walked back.,Story,centaur,28
centaur_108,pen-paper-story,"I picked up a pen and paper and began writing. I wrote a story, a poem, a song. My imagination came alive as I wrote.",Story,centaur,25
centaur_108,mirror-face-reflection,I looked in the mirror and saw my face staring back at me. I smiled at myself and watched my reflection smile too.,Story,centaur,23
centaur_108,You travel on a spaceship to a new planet outside of our galaxy. What scientific questions could you ask about this planet?,Is there life on the planet? Are there any habitable areas? How far away is it from Earth?,SCTT-ResearchQuestion,centaur,18
centaur_108,BRICK,A homemade stove,AUT,centaur,3
centaur_108,Develop as many design ideas as you can to increase the use of renewable energy sources.,Build more windmills and solar panels,Design,centaur,6
centaur_108,Develop as many design ideas as you can to reduce traffic congestion in mega cities.,Create public transportation systems such as subways and trains,Design,centaur,9
centaur_108,Develop as many design ideas as you can to help people with mobility impairments navigate stairs.,Create escalators or elevators instead of stairs,Design,centaur,7
centaur_108,You notice that the water in one lake is warmer than the water in another lake even though they both get the same amount of sunlight. What hypotheses do you have about why that is?,There may be a difference in depth. Or there may be a difference in algae or mineral content.,SCTT-Hypothesis,centaur,18
centaur_108,You are introduced to a robot that can learn and think like humans. What scientific questions could you ask about this?,Can it make decisions based on emotions? Does it have feelings? Does it dream?,SCTT-ResearchQuestion,centaur,14
centaur_108,PENCIL,Drawing,AUT,centaur,1
centaur_108,key-door-lock,I opened the door with my key. I locked it behind me when I left.,Story,centaur,15
centaur_109,mirror-face-reflection,"The girl looked into the mirror and saw her own reflection looking back at her. She wondered if it was really just herself, or something else entirely.",Story,centaur,27
centaur_109,KNIFE,To cut things off. To make food taste better. To sharpen pencils. To open cans. To kill animals (for food). To help yourself when injured. To protect yourself. To attack others.,AUT,centaur,31
centaur_109,key-door-lock,"He used his key to unlock the door so he could get inside. However, it didn't work. It turned out someone had changed the lock without telling him.",Story,centaur,28
centaur_109,PENCIL,To write down ideas. To draw pictures. To take notes. To write letters. To sign your name. To scratch off lottery tickets. To mark up papers. To color in coloring books.,AUT,centaur,31
centaur_109,You notice that the water in one lake is warmer than the water in another lake even though they both get the same amount of sunlight. What hypotheses do you have about why that is?,"One lake has a darker color while the other has a lighter color which makes it absorb more light/heat from the sun. Or one lake has a greater depth than the other, allowing less heat to penetrate through it.",SCTT-Hypothesis,centaur,39
centaur_109,You look outside one night and see stars disappearing one by one from the sky. What hypotheses do you have about why that is?,There's a solar flare happening. A massive asteroid is passing near Earth blocking the light from the stars. Aliens are coming to earth to harvest resources. The end of the world is happening as predicted by the Mayans.,SCTT-Hypothesis,centaur,38
centaur_109,Develop as many design ideas as you can to reduce traffic congestion in mega cities.,Build more public transport such as trains/subways/buses. Make driving illegal except for emergencies and deliveries. Increase taxes on cars. Encourage people to walk/cycle/take taxis.,Design,centaur,24
centaur_109,pen-paper-story,"She wrote her story down on paper with a pencil. Then she put it away in a drawer. Years later, she found it again and read what she wrote all those years ago. It reminded her of who she once was and how much she'd changed.",Story,centaur,46
centaur_109,You are introduced to a robot that can learn and think like humans. What scientific questions could you ask about this?,How does it learn? Can it truly understand things the way we do? Could it possibly feel emotions? Will it ever become self-aware? How long until it becomes smarter than us? What will it do then?,SCTT-ResearchQuestion,centaur,36
centaur_109,BUCKET,Use it as a chair. Store things inside it. Use it as a shield. Use it as a toilet. Put flowers in it. Use it as a trash can. Use it as a table.,AUT,centaur,34
centaur_109,BRICK,As a stool. As a weapon. As a weight. As a paperweight. As a hammer. As a doorstop. As part of a wall.,AUT,centaur,23
centaur_109,You travel on a spaceship to a new planet outside of our galaxy. What scientific questions could you ask about this planet?,"Is there life on this planet? Does the planet orbit around a star? If so, how big is the star and how far is it from the planet? Are there any moons orbiting around the planet? Do the seasons change on this planet like they do here on Earth?",SCTT-ResearchQuestion,centaur,49
centaur_109,Develop as many design ideas as you can to assist people with memory impairments remember important tasks.,Create an app that allows them to input reminders and set alarms. Have it sync across multiple devices/platforms. Have it send them notifications/reminders throughout the day. Have the device vibrate/speak to them so they can hear it.,Design,centaur,37
centaur_109,bridge-river-cross,"They crossed over the river using the bridge so they could reach the other side. The water below flowed rapidly, but the bridge held strong above. On the other side, they were greeted by a small town.",Story,centaur,37
centaur_109,Develop as many design ideas as you can to increase the use of renewable energy sources.,Provide incentives to companies to go green. Invest heavily into research and development of green technologies. Educate the public on the importance of renewable energy sources. Develop batteries capable of storing large amounts of energy.,Design,centaur,35
centaur_109,Develop as many design ideas as you can to help people with mobility impairments navigate stairs.,Install escalators/elevators/lifts/ramps everywhere possible. Design special wheelchairs that allow easy access up/down stairs. Have staff members available to assist those who need help navigating the stairs.,Design,centaur,26
centaur_110,Develop as many design ideas as you can to assist people with memory impairments remember important tasks.,provide written instructions,Design,centaur,3
centaur_110,KNIFE,cut string cheese,AUT,centaur,3
centaur_110,PENCIL,write someone's name on a picture,AUT,centaur,6
centaur_110,mirror-face-reflection,The reflection looks back at me as I stare into my mirror.,Story,centaur,12
centaur_110,pen-paper-story,The story was long so he stopped writing it down on paper.,Story,centaur,12
centaur_110,Develop as many design ideas as you can to reduce traffic congestion in mega cities.,"build more roads, bridges and tunnels",Design,centaur,6
centaur_110,BUCKET,use it as a chair,AUT,centaur,5
centaur_110,BRICK,step on it to get higher,AUT,centaur,6
centaur_110,bridge-river-cross,She crossed the river over the bridge.,Story,centaur,7
centaur_110,Develop as many design ideas as you can to help people with mobility impairments navigate stairs.,install elevators inside buildings,Design,centaur,4
centaur_110,You travel on a spaceship to a new planet outside of our galaxy. What scientific questions could you ask about this planet?,How did the planet come into existence?,SCTT-ResearchQuestion,centaur,7
centaur_110,key-door-lock,He used his key to unlock the door.,Story,centaur,8
centaur_110,Develop as many design ideas as you can to increase the use of renewable energy sources.,solar panels,Design,centaur,2
centaur_110,You notice that the water in one lake is warmer than the water in another lake even though they both get the same amount of sunlight. What hypotheses do you have about why that is?,It has less algae which lets in more sun rays to heat up the water.,SCTT-Hypothesis,centaur,15
centaur_110,You are introduced to a robot that can learn and think like humans. What scientific questions could you ask about this?,Can it make its own decisions?,SCTT-ResearchQuestion,centaur,6
centaur_110,You look outside one night and see stars disappearing one by one from the sky. What hypotheses do you have about why that is?,A planet is blocking all light from reaching Earth.,SCTT-Hypothesis,centaur,9
centaur_111,pen-paper-story,,Story,centaur,0
centaur_111,BRICK,,AUT,centaur,0
centaur_111,Develop as many design ideas as you can to assist people with memory impairments remember important tasks.,,Design,centaur,0
centaur_111,Develop as many design ideas as you can to help people with mobility impairments navigate stairs.,,Design,centaur,0
centaur_111,You look outside one night and see stars disappearing one by one from the sky. What hypotheses do you have about why that is?,,SCTT-Hypothesis,centaur,0
centaur_111,key-door-lock,,Story,centaur,0
centaur_111,KNIFE,,AUT,centaur,0
centaur_111,You are introduced to a robot that can learn and think like humans. What scientific questions could you ask about this?,,SCTT-ResearchQuestion,centaur,0
centaur_111,Develop as many design ideas as you can to increase the use of renewable energy sources.,,Design,centaur,0
centaur_111,PENCIL,,AUT,centaur,0
centaur_111,bridge-river-cross,,Story,centaur,0
centaur_111,You notice that the water in one lake is warmer than the water in another lake even though they both get the same amount of sunlight. What hypotheses do you have about why that is?,,SCTT-Hypothesis,centaur,0
centaur_111,mirror-face-reflection,,Story,centaur,0
centaur_111,You travel on a spaceship to a new planet outside of our galaxy. What scientific questions could you ask about this planet?,,SCTT-ResearchQuestion,centaur,0
centaur_111,BUCKET,,AUT,centaur,0
centaur_111,Develop as many design ideas as you can to reduce traffic congestion in mega cities.,,Design,centaur,0
centaur_112,pen-paper-story,I got up early today to write my story. But before long I was distracted by a bird who came to visit me. It landed on the fence just beyond my window. He seemed lonely so I waved hello and he chirped back. We were friends now so I went outside to say hi properly.,Story,centaur,55
centaur_112,You look outside one night and see stars disappearing one by one from the sky. What hypotheses do you have about why that is?,There may be an eclipse happening soon. Or it's possible that there is some sort of invisible debris blocking my view of the stars.,SCTT-Hypothesis,centaur,24
centaur_112,KNIFE,A knife could also be used as a tool to dig holes when gardening.,AUT,centaur,14
centaur_112,Develop as many design ideas as you can to help people with mobility impairments navigate stairs.,An elevator would help those with mobility impairments navigate stairs.,Design,centaur,10
centaur_112,Develop as many design ideas as you can to increase the use of renewable energy sources.,A solar panel farm could be built on land not suitable for farming. This would allow us to generate more renewable energy without taking away farmland.,Design,centaur,26
centaur_112,PENCIL,A pencil could be used to scratch your back if you cannot reach that area yourself.,AUT,centaur,16
centaur_112,Develop as many design ideas as you can to assist people with memory impairments remember important tasks.,Some people find it easier to remember things visually. So perhaps we could make a daily visual calendar with images of tasks that need to be completed each day.,Design,centaur,29
centaur_112,BRICK,Bricks could be used as garden edging to separate grass from soil.,AUT,centaur,12
centaur_112,You are introduced to a robot that can learn and think like humans. What scientific questions could you ask about this?,How much data does it take to teach a robot how to learn?,SCTT-ResearchQuestion,centaur,13
centaur_112,You travel on a spaceship to a new planet outside of our galaxy. What scientific questions could you ask about this planet?,Does life exist on other planets similar to ours?,SCTT-ResearchQuestion,centaur,9
centaur_112,BUCKET,Buckets can be used to collect rainwater which can then be reused to water plants and gardens.,AUT,centaur,17
centaur_112,bridge-river-cross,The river was flowing rapidly this morning so I decided to cross the bridge instead.,Story,centaur,15
centaur_112,mirror-face-reflection,I looked into the mirror and saw myself looking back at me. I wondered if my reflection was actually a part of me.,Story,centaur,23
centaur_112,key-door-lock,I wanted to enter my house but had lost the key to unlock the door. Luckily my neighbor had a spare.,Story,centaur,21
centaur_112,You notice that the water in one lake is warmer than the water in another lake even though they both get the same amount of sunlight. What hypotheses do you have about why that is?,Perhaps the first lake has warm water running into it from underneath while the second lake has cold water running into it from underground.,SCTT-Hypothesis,centaur,24
centaur_112,Develop as many design ideas as you can to reduce traffic congestion in mega cities.,Building more subways in city centers would alleviate some traffic issues as well as pollution concerns.,Design,centaur,16
centaur_113,mirror-face-reflection,The mirror showed my reflection but I couldn't recognize myself.,Story,centaur,10
centaur_113,key-door-lock,The door was locked so I tried to open it with the key but it didn't work.,Story,centaur,17
centaur_113,Develop as many design ideas as you can to help people with mobility impairments navigate stairs.,People who need help navigating stairs can use escalators instead.,Design,centaur,10
centaur_113,BRICK,A brick could be used as a paperweight to hold down papers.,AUT,centaur,12
centaur_113,KNIFE,A knife can be used to cut rope in emergency situations.,AUT,centaur,11
centaur_113,Develop as many design ideas as you can to increase the use of renewable energy sources.,Use solar panels to provide energy to homes.,Design,centaur,8
centaur_113,Develop as many design ideas as you can to assist people with memory impairments remember important tasks.,Set reminders on your phone for important tasks.,Design,centaur,8
centaur_113,BUCKET,A bucket can be used to collect rainwater for plants.,AUT,centaur,10
centaur_113,You notice that the water in one lake is warmer than the water in another lake even though they both get the same amount of sunlight. What hypotheses do you have about why that is?,The lake may be warmer because it's closer to a heat source such as a hot spring or geothermal vent.,SCTT-Hypothesis,centaur,20
centaur_113,You look outside one night and see stars disappearing one by one from the sky. What hypotheses do you have about why that is?,It could be caused by pollution blocking out the light from the stars.,SCTT-Hypothesis,centaur,13
centaur_113,You are introduced to a robot that can learn and think like humans. What scientific questions could you ask about this?,How does the robot learn? Can it make decisions on its own?,SCTT-ResearchQuestion,centaur,12
centaur_113,pen-paper-story,They wrote their story on paper with a pen.,Story,centaur,9
centaur_113,You travel on a spaceship to a new planet outside of our galaxy. What scientific questions could you ask about this planet?,Is there oxygen on the planet? Can we live on it?,SCTT-ResearchQuestion,centaur,11
centaur_113,Develop as many design ideas as you can to reduce traffic congestion in mega cities.,Build more roads and bridges to spread out traffic flow.,Design,centaur,10
centaur_113,PENCIL,A pencil could be used as a stir stick for drinks.,AUT,centaur,11
centaur_113,bridge-river-cross,They crossed the river using the bridge.,Story,centaur,7
centaur_114,KNIFE,,AUT,centaur,0
centaur_114,You are introduced to a robot that can learn and think like humans. What scientific questions could you ask about this?,,SCTT-ResearchQuestion,centaur,0
centaur_114,You notice that the water in one lake is warmer than the water in another lake even though they both get the same amount of sunlight. What hypotheses do you have about why that is?,,SCTT-Hypothesis,centaur,0
centaur_114,Develop as many design ideas as you can to assist people with memory impairments remember important tasks.,,Design,centaur,0
centaur_114,You travel on a spaceship to a new planet outside of our galaxy. What scientific questions could you ask about this planet?,,SCTT-ResearchQuestion,centaur,0
centaur_114,Develop as many design ideas as you can to help people with mobility impairments navigate stairs.,,Design,centaur,0
centaur_114,You look outside one night and see stars disappearing one by one from the sky. What hypotheses do you have about why that is?,,SCTT-Hypothesis,centaur,0
centaur_114,PENCIL,,AUT,centaur,0
centaur_114,Develop as many design ideas as you can to increase the use of renewable energy sources.,,Design,centaur,0
centaur_114,BUCKET,,AUT,centaur,0
centaur_114,key-door-lock,,Story,centaur,0
centaur_114,Develop as many design ideas as you can to reduce traffic congestion in mega cities.,,Design,centaur,0
centaur_114,mirror-face-reflection,,Story,centaur,0
centaur_114,pen-paper-story,,Story,centaur,0
centaur_114,bridge-river-cross,,Story,centaur,0
centaur_114,BRICK,,AUT,centaur,0
centaur_115,pen-paper-story,A woman writes a novel while drinking her coffee. She looks at what she's written and decides to cross it all out and start again.,Story,centaur,25
centaur_115,bridge-river-cross,The river was too deep to wade across so he built a wooden bridge over it instead.,Story,centaur,17
centaur_115,KNIFE,A knife can also be used as a screwdriver.,AUT,centaur,9
centaur_115,Develop as many design ideas as you can to increase the use of renewable energy sources.,We should convert existing power plants into solar farms.,Design,centaur,9
centaur_115,BUCKET,Buckets can be filled up with water and carried down to a garden for watering.,AUT,centaur,15
centaur_115,You notice that the water in one lake is warmer than the water in another lake even though they both get the same amount of sunlight. What hypotheses do you have about why that is?,The water might be closer to a hot spring. Or maybe there is more sediment in one lake which absorbs heat better than other types of sediment.,SCTT-Hypothesis,centaur,27
centaur_115,BRICK,Bricks can be painted and placed in a row to create a walkway through your backyard.,AUT,centaur,16
centaur_115,Develop as many design ideas as you can to assist people with memory impairments remember important tasks.,"They could wear a bracelet with reminders printed on them, similar to a medical alert bracelet.",Design,centaur,16
centaur_115,You are introduced to a robot that can learn and think like humans. What scientific questions could you ask about this?,Are robots superior to humans? How does a robot think? Is a robot capable of emotion? Do robots have rights? How long will a robot live?,SCTT-ResearchQuestion,centaur,26
centaur_115,You look outside one night and see stars disappearing one by one from the sky. What hypotheses do you have about why that is?,"Perhaps some type of cosmic event caused the stars to move farther away, or perhaps something is blocking their light from reaching us.",SCTT-Hypothesis,centaur,23
centaur_115,Develop as many design ideas as you can to reduce traffic congestion in mega cities.,Drivers could be encouraged to carpool.,Design,centaur,6
centaur_115,You travel on a spaceship to a new planet outside of our galaxy. What scientific questions could you ask about this planet?,"Does the planet have life forms on it? If not, how come? Is the planet able to support life? What is the atmosphere of the planet like?",SCTT-ResearchQuestion,centaur,27
centaur_115,Develop as many design ideas as you can to help people with mobility impairments navigate stairs.,There could be special staircases designed specifically for wheelchairs.,Design,centaur,9
centaur_115,PENCIL,A pencil can be sharpened down to make a sewing needle.,AUT,centaur,11
centaur_115,mirror-face-reflection,I looked into the mirror but saw someone else looking back at me.,Story,centaur,13
centaur_115,key-door-lock,He unlocked the door to his house with his key and walked inside.,Story,centaur,13
centaur_116,KNIFE,Cutting through a thick rope.,AUT,centaur,5
centaur_116,You look outside one night and see stars disappearing one by one from the sky. What hypotheses do you have about why that is?,The light from the stars may not be reaching us anymore due to some kind of interference or change in their position.,SCTT-Hypothesis,centaur,22
centaur_116,You travel on a spaceship to a new planet outside of our galaxy. What scientific questions could you ask about this planet?,What type of atmosphere does it have? Does it support life?,SCTT-ResearchQuestion,centaur,11
centaur_116,pen-paper-story,I put the pen down onto the paper and began writing my story.,Story,centaur,13
centaur_116,key-door-lock,He used his key to unlock the door so he could lock it when he left.,Story,centaur,16
centaur_116,bridge-river-cross,They built a bridge over the river so they could cross it easily whenever they needed to.,Story,centaur,17
centaur_116,You are introduced to a robot that can learn and think like humans. What scientific questions could you ask about this?,How much information can it store? Is it capable of emotion?,SCTT-ResearchQuestion,centaur,11
centaur_116,You notice that the water in one lake is warmer than the water in another lake even though they both get the same amount of sunlight. What hypotheses do you have about why that is?,There may be a difference in the algae levels between the lakes. The darker the color of the water the more heat will be absorbed.,SCTT-Hypothesis,centaur,25
centaur_116,Develop as many design ideas as you can to reduce traffic congestion in mega cities.,Make cars more fuel efficient and less polluting.,Design,centaur,8
centaur_116,PENCIL,A pencil is useful for cleaning out your ears.,AUT,centaur,9
centaur_116,mirror-face-reflection,When I looked into the mirror I saw myself looking back at me.,Story,centaur,13
centaur_116,Develop as many design ideas as you can to assist people with memory impairments remember important tasks.,Create an app that sets reminders throughout the day for what needs to be done.,Design,centaur,15
centaur_116,Develop as many design ideas as you can to increase the use of renewable energy sources.,Have government subsidies for homeowners who install solar panels on their homes.,Design,centaur,12
centaur_116,BUCKET,You can build a boat using buckets as the base.,AUT,centaur,10
centaur_116,BRICK,A brick makes a good weapon if you need to defend yourself against someone.,AUT,centaur,14
centaur_116,Develop as many design ideas as you can to help people with mobility impairments navigate stairs.,Put ramps up next to every staircase that leads somewhere.,Design,centaur,10
centaur_117,KNIFE,,AUT,centaur,0
centaur_117,BUCKET,,AUT,centaur,0
centaur_117,Develop as many design ideas as you can to reduce traffic congestion in mega cities.,,Design,centaur,0
centaur_117,You notice that the water in one lake is warmer than the water in another lake even though they both get the same amount of sunlight. What hypotheses do you have about why that is?,,SCTT-Hypothesis,centaur,0
centaur_117,Develop as many design ideas as you can to increase the use of renewable energy sources.,,Design,centaur,0
centaur_117,mirror-face-reflection,,Story,centaur,0
centaur_117,You look outside one night and see stars disappearing one by one from the sky. What hypotheses do you have about why that is?,,SCTT-Hypothesis,centaur,0
centaur_117,Develop as many design ideas as you can to assist people with memory impairments remember important tasks.,,Design,centaur,0
centaur_117,You are introduced to a robot that can learn and think like humans. What scientific questions could you ask about this?,,SCTT-ResearchQuestion,centaur,0
centaur_117,Develop as many design ideas as you can to help people with mobility impairments navigate stairs.,,Design,centaur,0
centaur_117,pen-paper-story,,Story,centaur,0
centaur_117,BRICK,,AUT,centaur,0
centaur_117,You travel on a spaceship to a new planet outside of our galaxy. What scientific questions could you ask about this planet?,,SCTT-ResearchQuestion,centaur,0
centaur_117,PENCIL,,AUT,centaur,0
centaur_117,key-door-lock,,Story,centaur,0
centaur_117,bridge-river-cross,,Story,centaur,0
centaur_118,You travel on a spaceship to a new planet outside of our galaxy. What scientific questions could you ask about this planet?,What minerals make up this planet?,SCTT-ResearchQuestion,centaur,6
centaur_118,BRICK,It can be used as a hammer.,AUT,centaur,7
centaur_118,BUCKET,Buckets can be used as chairs.,AUT,centaur,6
centaur_118,You look outside one night and see stars disappearing one by one from the sky. What hypotheses do you have about why that is?,Aliens may be taking them.,SCTT-Hypothesis,centaur,5
centaur_118,pen-paper-story,The man wrote his paper using a pen and paper.,Story,centaur,10
centaur_118,Develop as many design ideas as you can to increase the use of renewable energy sources.,People can be incentivized with tax breaks to switch to solar power.,Design,centaur,12
centaur_118,You are introduced to a robot that can learn and think like humans. What scientific questions could you ask about this?,Can it feel emotions?,SCTT-ResearchQuestion,centaur,4
centaur_118,mirror-face-reflection,She looked into the mirror and saw her face's reflection.,Story,centaur,10
centaur_118,KNIFE,A knife can cut through wood.,AUT,centaur,6
centaur_118,Develop as many design ideas as you can to help people with mobility impairments navigate stairs.,An escalator can assist those who need help walking upstairs.,Design,centaur,10
centaur_118,key-door-lock,He put the key into the door to unlock it.,Story,centaur,10
centaur_118,Develop as many design ideas as you can to assist people with memory impairments remember important tasks.,Make a checklist for every day so people don't forget anything.,Design,centaur,11
centaur_118,bridge-river-cross,He walked across the river using the bridge.,Story,centaur,8
centaur_118,You notice that the water in one lake is warmer than the water in another lake even though they both get the same amount of sunlight. What hypotheses do you have about why that is?,One lake might contain more salt than another.,SCTT-Hypothesis,centaur,8
centaur_118,Develop as many design ideas as you can to reduce traffic congestion in mega cities.,Build more roads to accommodate everyone.,Design,centaur,6
centaur_118,PENCIL,It can be used as a screwdriver.,AUT,centaur,7
centaur_119,pen-paper-story,I pick up my pen and paper and begin to write down my thoughts and feelings. I start writing about my day and what I did throughout it. I continue writing until I am done thinking about everything. I put away my pen and paper and go to sleep.,Story,centaur,49
centaur_119,PENCIL,Use it as a substitute for a knife when cutting food.,AUT,centaur,11
centaur_119,KNIFE,Use it as a screwdriver if the tip of the blade is flat enough.,AUT,centaur,14
centaur_119,You look outside one night and see stars disappearing one by one from the sky. What hypotheses do you have about why that is?,The aliens are stealing them because we are studying them too much and their existence is being threatened.,SCTT-Hypothesis,centaur,18
centaur_119,key-door-lock,"I insert the key into the door lock to unlock it so I can enter my house. Once inside, I close and relock the door behind me.",Story,centaur,27
centaur_119,You are introduced to a robot that can learn and think like humans. What scientific questions could you ask about this?,How long does it take for the robot to learn something new? Does its learning process work similarly to how human beings learn?,SCTT-ResearchQuestion,centaur,23
centaur_119,Develop as many design ideas as you can to help people with mobility impairments navigate stairs.,Build a ramp next to each set of stairs so that people who cannot walk up the stairs still have access.,Design,centaur,21
centaur_119,You notice that the water in one lake is warmer than the water in another lake even though they both get the same amount of sunlight. What hypotheses do you have about why that is?,"There may be more plant life in the first lake than in the second lake, which would absorb more heat.",SCTT-Hypothesis,centaur,20
centaur_119,Develop as many design ideas as you can to reduce traffic congestion in mega cities.,Invest in building more public transportation such as subways and train systems.,Design,centaur,12
centaur_119,BRICK,You could stack bricks together to make a small wall around your garden or property.,AUT,centaur,15
centaur_119,bridge-river-cross,I cross over the river using the bridge so I don't need to swim across.,Story,centaur,15
centaur_119,mirror-face-reflection,"I look at myself in the reflection of the mirror, checking out my appearance and making sure I look presentable before going out in public.",Story,centaur,25
centaur_119,You travel on a spaceship to a new planet outside of our galaxy. What scientific questions could you ask about this planet?,Is there any form of intelligent life on the planet? Are all forms of matter on Earth also found on this planet?,SCTT-ResearchQuestion,centaur,22
centaur_119,Develop as many design ideas as you can to increase the use of renewable energy sources.,Increase government funding towards researching sustainable renewable energy resources.,Design,centaur,9
centaur_119,Develop as many design ideas as you can to assist people with memory impairments remember important tasks.,Develop a phone application that sends notifications to users reminding them of tasks that need to be done.,Design,centaur,18
centaur_119,BUCKET,Collect rainwater during rainy days and store it for later uses.,AUT,centaur,11
centaur_120,Develop as many design ideas as you can to reduce traffic congestion in mega cities.,SCENARIO: reduce traffic congestion in mega cities.,Design,centaur,7
centaur_120,BUCKET,SCENARIO: BUCKET,AUT,centaur,2
centaur_120,You travel on a spaceship to a new planet outside of our galaxy. What scientific questions could you ask about this planet?,SCENARIO: You travel on a spaceship to a new planet outside of our galaxy. What scientific questions could you ask about this planet?,SCTT-ResearchQuestion,centaur,23
centaur_120,BRICK,SCENARIO: BRICK,AUT,centaur,2
centaur_120,Develop as many design ideas as you can to assist people with memory impairments remember important tasks.,SCENARIO: assist people with memory impairments remember important tasks.,Design,centaur,9
centaur_120,You are introduced to a robot that can learn and think like humans. What scientific questions could you ask about this?,SCENARIO: You are introduced to a robot that can learn and think like humans. What scientific questions could you ask about this?,SCTT-ResearchQuestion,centaur,22
centaur_120,Develop as many design ideas as you can to increase the use of renewable energy sources.,SCENARIO: increase the use of renewable energy sources.,Design,centaur,8
centaur_120,You notice that the water in one lake is warmer than the water in another lake even though they both get the same amount of sunlight. What hypotheses do you have about why that is?,SCENARIO: You notice that the water in one lake is warmer than the water in another lake even though they both get the same amount of sunlight. What hypotheses do you have about why that is?,SCTT-Hypothesis,centaur,36
centaur_120,bridge-river-cross,SCENARIO: bridge-river-cross,Story,centaur,2
centaur_120,KNIFE,SCENARIO: KNIFE,AUT,centaur,2
centaur_120,pen-paper-story,SCENARIO: pen-paper-story,Story,centaur,2
centaur_120,Develop as many design ideas as you can to help people with mobility impairments navigate stairs.,SCENARIO: help people with mobility impairments navigate stairs.,Design,centaur,8
centaur_120,key-door-lock,SCENARIO: key-door-lock,Story,centaur,2
centaur_120,You look outside one night and see stars disappearing one by one from the sky. What hypotheses do you have about why that is?,SCENARIO: You look outside one night and see stars disappearing one by one from the sky. What hypotheses do you have about why that is?,SCTT-Hypothesis,centaur,25
centaur_120,PENCIL,SCENARIO: PENCIL,AUT,centaur,2
centaur_120,mirror-face-reflection,SCENARIO: mirror-face-reflection,Story,centaur,2
centaur_121,PENCIL,Use it as a drum stick to play music,AUT,centaur,9
centaur_121,Develop as many design ideas as you can to assist people with memory impairments remember important tasks.,There could be some sort of smart watch or bracelet that would buzz whenever someone had something to remember.,Design,centaur,19
centaur_121,BUCKET,Use it as a stool to sit on when there aren't any seats available.,AUT,centaur,14
centaur_121,pen-paper-story,"I used my pen to write a paper; I wrote a story of how my parents met; It was an inspiring tale; The next day, I saw the story published in the newspaper.",Story,centaur,33
centaur_121,You look outside one night and see stars disappearing one by one from the sky. What hypotheses do you have about why that is?,Stars disappear when they go supernova; These stars must be going supernova at the same time; Something in space caused them all to explode at once.,SCTT-Hypothesis,centaur,26
centaur_121,bridge-river-cross,He needed to cross the river; He crossed the bridge; He reached his destination safely; He returned back home via the same bridge.,Story,centaur,23
centaur_121,key-door-lock,I needed to lock my door; I tried every key but none fit; I finally found the correct key; My door was locked.,Story,centaur,23
centaur_121,BRICK,Use a brick as a weight,AUT,centaur,6
centaur_121,Develop as many design ideas as you can to increase the use of renewable energy sources.,Make more solar panels on buildings so we can collect more solar energy.,Design,centaur,13
centaur_121,You notice that the water in one lake is warmer than the water in another lake even though they both get the same amount of sunlight. What hypotheses do you have about why that is?,One lake has algae while the other doesn't; Algae heats up water; This makes the water in the first lake hotter than the second.,SCTT-Hypothesis,centaur,24
centaur_121,Develop as many design ideas as you can to reduce traffic congestion in mega cities.,Make more public transportation such as busses so people don't need their cars.,Design,centaur,13
centaur_121,KNIFE,Use a knife to cut wood.,AUT,centaur,6
centaur_121,You are introduced to a robot that can learn and think like humans. What scientific questions could you ask about this?,Is there a limit to what the robot can do? How long will it last?,SCTT-ResearchQuestion,centaur,15
centaur_121,mirror-face-reflection,I looked into the mirror; I saw my face; I started talking to myself; I realized I was being weird.,Story,centaur,20
centaur_121,Develop as many design ideas as you can to help people with mobility impairments navigate stairs.,Build ramps instead of stairs so everyone can access floors easily.,Design,centaur,11
centaur_121,You travel on a spaceship to a new planet outside of our galaxy. What scientific questions could you ask about this planet?,,SCTT-ResearchQuestion,centaur,0
centaur_122,pen-paper-story,The teacher gave us paper and pens as we entered his classroom. He told us that this was going to be a test but that there were no rules. We were all confused at first.,Story,centaur,35
centaur_122,Develop as many design ideas as you can to help people with mobility impairments navigate stairs.,Install escalators next to staircases so people who need them can still move between floors.,Design,centaur,15
centaur_122,Develop as many design ideas as you can to assist people with memory impairments remember important tasks.,Create apps and wearable devices that remind people when it's time to take their medications or perform other daily tasks.,Design,centaur,20
centaur_122,bridge-river-cross,A man needed to cross a river so he built a bridge out of wood and rope. Now anyone else who needs to cross can easily go over.,Story,centaur,28
centaur_122,BRICK,Use bricks to build homes and buildings rather than just roads.,AUT,centaur,11
centaur_122,You travel on a spaceship to a new planet outside of our galaxy. What scientific questions could you ask about this planet?,How does this planet interact with other planets? What kinds of lifeforms exist here?,SCTT-ResearchQuestion,centaur,14
centaur_122,Develop as many design ideas as you can to reduce traffic congestion in mega cities.,Build more public transportation options and decrease personal car use.,Design,centaur,10
centaur_122,You look outside one night and see stars disappearing one by one from the sky. What hypotheses do you have about why that is?,There may be something blocking the light from those stars (like a meteor).,SCTT-Hypothesis,centaur,13
centaur_122,PENCIL,Use pencils to draw pictures instead of writing.,AUT,centaur,8
centaur_122,You notice that the water in one lake is warmer than the water in another lake even though they both get the same amount of sunlight. What hypotheses do you have about why that is?,One lake might be closer to warm groundwater sources while the other isn't.,SCTT-Hypothesis,centaur,13
centaur_122,mirror-face-reflection,I looked into my bathroom mirror and saw someone else looking back at me. It wasn't me!,Story,centaur,17
centaur_122,You are introduced to a robot that can learn and think like humans. What scientific questions could you ask about this?,How much knowledge does it have? Can it control its own thoughts and actions?,SCTT-ResearchQuestion,centaur,14
centaur_122,Develop as many design ideas as you can to increase the use of renewable energy sources.,Require companies to meet strict emission standards and invest in clean energy research.,Design,centaur,13
centaur_122,key-door-lock,I used my key to unlock my door. I walked inside and locked the door behind me.,Story,centaur,17
centaur_122,KNIFE,Use a knife to cut through rope or other material.,AUT,centaur,10
centaur_122,BUCKET,Put the bucket on your head and pretend to be a character from a cartoon.,AUT,centaur,15
centaur_123,BRICK,Brick can be used as a paperweight.,AUT,centaur,7
centaur_123,KNIFE,Knife can be used to cut through plastic packaging.,AUT,centaur,9
centaur_123,key-door-lock,The key was used to unlock the door to the home. The homeowner opened the lock and entered their house safely.,Story,centaur,21
centaur_123,Develop as many design ideas as you can to reduce traffic congestion in mega cities.,Traffic congestion in mega cities can be reduced by building more lanes for roads and adding tolls to discourage driving during rush hour.,Design,centaur,23
centaur_123,Develop as many design ideas as you can to increase the use of renewable energy sources.,Increase the use of renewable energy sources by providing subsidies to companies that adopt them and implementing tax credits for individuals who invest in solar panels.,Design,centaur,26
centaur_123,You are introduced to a robot that can learn and think like humans. What scientific questions could you ask about this?,How does the robot's brain process information? Is it similar to how human brains work?,SCTT-ResearchQuestion,centaur,15
centaur_123,pen-paper-story,The author wrote down her ideas with a pen on paper. She created a beautiful story filled with vivid imagery and emotion.,Story,centaur,22
centaur_123,You look outside one night and see stars disappearing one by one from the sky. What hypotheses do you have about why that is?,The stars might be getting blocked by clouds or other objects such as trees or buildings.,SCTT-Hypothesis,centaur,16
centaur_123,You notice that the water in one lake is warmer than the water in another lake even though they both get the same amount of sunlight. What hypotheses do you have about why that is?,One lake may receive less rainfall which causes evaporation while the other receives more rainwater causing cooler temperatures.,SCTT-Hypothesis,centaur,18
centaur_123,BUCKET,A bucket can hold items for storage or act as a seat when flipped upside down.,AUT,centaur,16
centaur_123,bridge-river-cross,The man walked across the bridge over the river to reach his destination on the other side.,Story,centaur,17
centaur_123,mirror-face-reflection,The woman looked into the mirror and saw herself looking back at her reflection. She felt proud of who she had become despite all obstacles she faced in life.,Story,centaur,29
centaur_123,PENCIL,"A pencil can serve multiple purposes including writing, drawing, poking holes, or even holding up hair.",AUT,centaur,16
centaur_123,Develop as many design ideas as you can to help people with mobility impairments navigate stairs.,Help people with mobility issues climb stairs by installing ramps alongside existing staircases so they don't need assistance from others.,Design,centaur,20
centaur_123,Develop as many design ideas as you can to assist people with memory impairments remember important tasks.,Assist those suffering from dementia by creating daily schedules posted around their homes reminding them what needs done throughout each day.,Design,centaur,21
centaur_123,You travel on a spaceship to a new planet outside of our galaxy. What scientific questions could you ask about this planet?,Does this planet support life? Are there any signs of intelligent lifeforms present here?,SCTT-ResearchQuestion,centaur,14
centaur_124,You notice that the water in one lake is warmer than the water in another lake even though they both get the same amount of sunlight. What hypotheses do you have about why that is?,,SCTT-Hypothesis,centaur,0
centaur_124,Develop as many design ideas as you can to help people with mobility impairments navigate stairs.,,Design,centaur,0
centaur_124,mirror-face-reflection,,Story,centaur,0
centaur_124,Develop as many design ideas as you can to reduce traffic congestion in mega cities.,,Design,centaur,0
centaur_124,KNIFE,,AUT,centaur,0
centaur_124,You are introduced to a robot that can learn and think like humans. What scientific questions could you ask about this?,,SCTT-ResearchQuestion,centaur,0
centaur_124,pen-paper-story,,Story,centaur,0
centaur_124,You travel on a spaceship to a new planet outside of our galaxy. What scientific questions could you ask about this planet?,,SCTT-ResearchQuestion,centaur,0
centaur_124,BUCKET,,AUT,centaur,0
centaur_124,PENCIL,,AUT,centaur,0
centaur_124,bridge-river-cross,,Story,centaur,0
centaur_124,key-door-lock,,Story,centaur,0
centaur_124,Develop as many design ideas as you can to assist people with memory impairments remember important tasks.,,Design,centaur,0
centaur_124,Develop as many design ideas as you can to increase the use of renewable energy sources.,,Design,centaur,0
centaur_124,You look outside one night and see stars disappearing one by one from the sky. What hypotheses do you have about why that is?,,SCTT-Hypothesis,centaur,0
centaur_124,BRICK,,AUT,centaur,0
centaur_125,pen-paper-story,,Story,centaur,0
centaur_125,bridge-river-cross,,Story,centaur,0
centaur_125,BRICK,,AUT,centaur,0
centaur_125,mirror-face-reflection,,Story,centaur,0
centaur_125,You are introduced to a robot that can learn and think like humans. What scientific questions could you ask about this?,,SCTT-ResearchQuestion,centaur,0
centaur_125,KNIFE,,AUT,centaur,0
centaur_125,Develop as many design ideas as you can to reduce traffic congestion in mega cities.,,Design,centaur,0
centaur_125,Develop as many design ideas as you can to assist people with memory impairments remember important tasks.,,Design,centaur,0
centaur_125,Develop as many design ideas as you can to help people with mobility impairments navigate stairs.,,Design,centaur,0
centaur_125,Develop as many design ideas as you can to increase the use of renewable energy sources.,,Design,centaur,0
centaur_125,BUCKET,,AUT,centaur,0
centaur_125,You look outside one night and see stars disappearing one by one from the sky. What hypotheses do you have about why that is?,,SCTT-Hypothesis,centaur,0
centaur_125,key-door-lock,,Story,centaur,0
centaur_125,You travel on a spaceship to a new planet outside of our galaxy. What scientific questions could you ask about this planet?,,SCTT-ResearchQuestion,centaur,0
centaur_125,You notice that the water in one lake is warmer than the water in another lake even though they both get the same amount of sunlight. What hypotheses do you have about why that is?,,SCTT-Hypothesis,centaur,0
centaur_125,PENCIL,,AUT,centaur,0
centaur_126,Develop as many design ideas as you can to reduce traffic congestion in mega cities.,SCENARIO: reduce traffic congestion in mega cities.,Design,centaur,7
centaur_126,KNIFE,SCENARIO: KNIFE,AUT,centaur,2
centaur_126,Develop as many design ideas as you can to help people with mobility impairments navigate stairs.,SCENARIO: help people with mobility impairments navigate stairs.,Design,centaur,8
centaur_126,mirror-face-reflection,SCENARIO: mirror-face-reflection,Story,centaur,2
centaur_126,pen-paper-story,SCENARIO: pen-paper-story,Story,centaur,2
centaur_126,Develop as many design ideas as you can to increase the use of renewable energy sources.,SCENARIO: increase the use of renewable energy sources.,Design,centaur,8
centaur_126,You are introduced to a robot that can learn and think like humans. What scientific questions could you ask about this?,SCENARIO: You are introduced to a robot that can learn and think like humans. What scientific questions could you ask about this?,SCTT-ResearchQuestion,centaur,22
centaur_126,PENCIL,SCENARIO: PENCIL,AUT,centaur,2
centaur_126,BUCKET,SCENARIO: BUCKET,AUT,centaur,2
centaur_126,Develop as many design ideas as you can to assist people with memory impairments remember important tasks.,SCENARIO: assist people with memory impairments remember important tasks.,Design,centaur,9
centaur_126,BRICK,SCENARIO: BRICK,AUT,centaur,2
centaur_126,You travel on a spaceship to a new planet outside of our galaxy. What scientific questions could you ask about this planet?,SCENARIO: You travel on a spaceship to a new planet outside of our galaxy. What scientific questions could you ask about this planet?,SCTT-ResearchQuestion,centaur,23
centaur_126,bridge-river-cross,SCENARIO: bridge-river-cross,Story,centaur,2
centaur_126,You look outside one night and see stars disappearing one by one from the sky. What hypotheses do you have about why that is?,SCENARIO: You look outside one night and see stars disappearing one by one from the sky. What hypotheses do you have about why that is?,SCTT-Hypothesis,centaur,25
centaur_126,key-door-lock,SCENARIO: key-door-lock,Story,centaur,2
centaur_126,You notice that the water in one lake is warmer than the water in another lake even though they both get the same amount of sunlight. What hypotheses do you have about why that is?,SCENARIO: You notice that the water in one lake is warmer than the water in another lake even though they both get the same amount of sunlight. What hypotheses do you have about why that is?,SCTT-Hypothesis,centaur,36
centaur_127,PENCIL,Pencil as a skewer (to hold meat or vegetables together).,AUT,centaur,10
centaur_127,BUCKET,Bucket used to plant things in it - bucket garden.,AUT,centaur,10
centaur_127,You travel on a spaceship to a new planet outside of our galaxy. What scientific questions could you ask about this planet?,What does the atmosphere consist of? Is there any life present on the planet?,SCTT-ResearchQuestion,centaur,14
centaur_127,key-door-lock,I locked my door and lost my keys so I had to crawl through my window.,Story,centaur,16
centaur_127,You notice that the water in one lake is warmer than the water in another lake even though they both get the same amount of sunlight. What hypotheses do you have about why that is?,The first lake has darker rocks at the bottom which absorb more heat and make the water warmer.,SCTT-Hypothesis,centaur,18
centaur_127,bridge-river-cross,A river ran between two mountains and there was no way across except for a bridge built over it.,Story,centaur,19
centaur_127,mirror-face-reflection,You woke up and looked into your mirror but instead saw someone else's reflection.,Story,centaur,14
centaur_127,You look outside one night and see stars disappearing one by one from the sky. What hypotheses do you have about why that is?,There must be some kind of cloud or dust covering the star light making them seem to disappear.,SCTT-Hypothesis,centaur,18
centaur_127,Develop as many design ideas as you can to assist people with memory impairments remember important tasks.,Wearable watch device that sends reminders when someone needs to do something.,Design,centaur,12
centaur_127,Develop as many design ideas as you can to increase the use of renewable energy sources.,Use solar panels on rooftops.,Design,centaur,5
centaur_127,BRICK,Bricks could be stacked to build a wall.,AUT,centaur,8
centaur_127,You are introduced to a robot that can learn and think like humans. What scientific questions could you ask about this?,How does it think and learn? How does it store information?,SCTT-ResearchQuestion,centaur,11
centaur_127,Develop as many design ideas as you can to help people with mobility impairments navigate stairs.,Build ramps in addition to stairs.,Design,centaur,6
centaur_127,Develop as many design ideas as you can to reduce traffic congestion in mega cities.,Implement tolls that vary based on time of day.,Design,centaur,9
centaur_127,KNIFE,Knife could be used to cut rope.,AUT,centaur,7
centaur_127,pen-paper-story,A girl wrote a story on paper using her pen and she turned into what she wrote.,Story,centaur,17
centaur_128,You look outside one night and see stars disappearing one by one from the sky. What hypotheses do you have about why that is?,The stars may be moving behind some clouds.,SCTT-Hypothesis,centaur,8
centaur_128,bridge-river-cross,A man crosses a river via a bridge but sees an old woman struggling to cross. He helps her across the river and then he continues his journey.,Story,centaur,28
centaur_128,BRICK,A brick could be used as a paperweight.,AUT,centaur,8
centaur_128,Develop as many design ideas as you can to help people with mobility impairments navigate stairs.,Put a ramp next to the steps so there is an alternative way to go up.,Design,centaur,16
centaur_128,Develop as many design ideas as you can to assist people with memory impairments remember important tasks.,Set up alarms or reminders for them.,Design,centaur,7
centaur_128,KNIFE,Use it as a weapon.,AUT,centaur,5
centaur_128,key-door-lock,I put my keys into the door and unlock it.,Story,centaur,10
centaur_128,Develop as many design ideas as you can to increase the use of renewable energy sources.,Put solar panels on all buildings.,Design,centaur,6
centaur_128,PENCIL,A pencil could be used as a stake.,AUT,centaur,8
centaur_128,mirror-face-reflection,I stand in front of a mirror and examine my face.,Story,centaur,11
centaur_128,You are introduced to a robot that can learn and think like humans. What scientific questions could you ask about this?,How was it made?,SCTT-ResearchQuestion,centaur,4
centaur_128,BUCKET,It can be used as a seat.,AUT,centaur,7
centaur_128,You notice that the water in one lake is warmer than the water in another lake even though they both get the same amount of sunlight. What hypotheses do you have about why that is?,One lake may be more shallow than the other.,SCTT-Hypothesis,centaur,9
centaur_128,Develop as many design ideas as you can to reduce traffic congestion in mega cities.,Build underground tunnels for cars.,Design,centaur,5
centaur_128,pen-paper-story,I write stories on paper with my pen.,Story,centaur,8
centaur_128,You travel on a spaceship to a new planet outside of our galaxy. What scientific questions could you ask about this planet?,Does it have oxygen?,SCTT-ResearchQuestion,centaur,4
centaur_129,pen-paper-story,SCENARIO: pen-paper-story,Story,centaur,2
centaur_129,You are introduced to a robot that can learn and think like humans. What scientific questions could you ask about this?,SCENARIO: You are introduced to a robot that can learn and think like humans. What scientific questions could you ask about this?,SCTT-ResearchQuestion,centaur,22
centaur_129,PENCIL,SCENARIO: PENCIL,AUT,centaur,2
centaur_129,You look outside one night and see stars disappearing one by one from the sky. What hypotheses do you have about why that is?,SCENARIO: You look outside one night and see stars disappearing one by one from the sky. What hypotheses do you have about why that is?,SCTT-Hypothesis,centaur,25
centaur_129,key-door-lock,SCENARIO: key-door-lock,Story,centaur,2
centaur_129,BRICK,SCENARIO: BRICK,AUT,centaur,2
centaur_129,You travel on a spaceship to a new planet outside of our galaxy. What scientific questions could you ask about this planet?,SCENARIO: You travel on a spaceship to a new planet outside of our galaxy. What scientific questions could you ask about this planet?,SCTT-ResearchQuestion,centaur,23
centaur_129,Develop as many design ideas as you can to assist people with memory impairments remember important tasks.,SCENARIO: assist people with memory impairments remember important tasks.,Design,centaur,9
centaur_129,bridge-river-cross,SCENARIO: bridge-river-cross,Story,centaur,2
centaur_129,You notice that the water in one lake is warmer than the water in another lake even though they both get the same amount of sunlight. What hypotheses do you have about why that is?,SCENARIO: You notice that the water in one lake is warmer than the water in another lake even though they both get the same amount of sunlight. What hypotheses do you have about why that is?,SCTT-Hypothesis,centaur,36
centaur_129,KNIFE,SCENARIO: KNIFE,AUT,centaur,2
centaur_129,mirror-face-reflection,SCENARIO: mirror-face-reflection,Story,centaur,2
centaur_129,Develop as many design ideas as you can to help people with mobility impairments navigate stairs.,SCENARIO: help people with mobility impairments navigate stairs.,Design,centaur,8
centaur_129,Develop as many design ideas as you can to increase the use of renewable energy sources.,SCENARIO: increase the use of renewable energy sources.,Design,centaur,8
centaur_129,BUCKET,SCENARIO: BUCKET,AUT,centaur,2
centaur_129,Develop as many design ideas as you can to reduce traffic congestion in mega cities.,SCENARIO: reduce traffic congestion in mega cities.,Design,centaur,7
centaur_130,PENCIL,SCENARIO: PENCIL,AUT,centaur,2
centaur_130,You notice that the water in one lake is warmer than the water in another lake even though they both get the same amount of sunlight. What hypotheses do you have about why that is?,SCENARIO: You notice that the water in one lake is warmer than the water in another lake even though they both get the same amount of sunlight. What hypotheses do you have about why that is?,SCTT-Hypothesis,centaur,36
centaur_130,You travel on a spaceship to a new planet outside of our galaxy. What scientific questions could you ask about this planet?,SCENARIO: You travel on a spaceship to a new planet outside of our galaxy. What scientific questions could you ask about this planet?,SCTT-ResearchQuestion,centaur,23
centaur_130,BUCKET,SCENARIO: BUCKET,AUT,centaur,2
centaur_130,pen-paper-story,SCENARIO: pen-paper-story,Story,centaur,2
centaur_130,mirror-face-reflection,SCENARIO: mirror-face-reflection,Story,centaur,2
centaur_130,BRICK,SCENARIO: BRICK,AUT,centaur,2
centaur_130,bridge-river-cross,SCENARIO: bridge-river-cross,Story,centaur,2
centaur_130,KNIFE,SCENARIO: KNIFE,AUT,centaur,2
centaur_130,key-door-lock,SCENARIO: key-door-lock,Story,centaur,2
centaur_130,You look outside one night and see stars disappearing one by one from the sky. What hypotheses do you have about why that is?,SCENARIO: You look outside one night and see stars disappearing one by one from the sky. What hypotheses do you have about why that is?,SCTT-Hypothesis,centaur,25
centaur_130,Develop as many design ideas as you can to increase the use of renewable energy sources.,SCENARIO: increase the use of renewable energy sources.,Design,centaur,8
centaur_130,You are introduced to a robot that can learn and think like humans. What scientific questions could you ask about this?,SCENARIO: You are introduced to a robot that can learn and think like humans. What scientific questions could you ask about this?,SCTT-ResearchQuestion,centaur,22
centaur_130,Develop as many design ideas as you can to help people with mobility impairments navigate stairs.,SCENARIO: help people with mobility impairments navigate stairs.,Design,centaur,8
centaur_130,Develop as many design ideas as you can to assist people with memory impairments remember important tasks.,SCENARIO: assist people with memory impairments remember important tasks.,Design,centaur,9
centaur_130,Develop as many design ideas as you can to reduce traffic congestion in mega cities.,SCENARIO: reduce traffic congestion in mega cities.,Design,centaur,7
centaur_131,BUCKET,SCENARIO: BUCKET,AUT,centaur,2
centaur_131,mirror-face-reflection,SCENARIO: mirror-face-reflection,Story,centaur,2
centaur_131,PENCIL,SCENARIO: PENCIL,AUT,centaur,2
centaur_131,BRICK,SCENARIO: BRICK,AUT,centaur,2
centaur_131,key-door-lock,SCENARIO: key-door-lock,Story,centaur,2
centaur_131,You look outside one night and see stars disappearing one by one from the sky. What hypotheses do you have about why that is?,SCENARIO: You look outside one night and see stars disappearing one by one from the sky. What hypotheses do you have about why that is?,SCTT-Hypothesis,centaur,25
centaur_131,You travel on a spaceship to a new planet outside of our galaxy. What scientific questions could you ask about this planet?,SCENARIO: You travel on a spaceship to a new planet outside of our galaxy. What scientific questions could you ask about this planet?,SCTT-ResearchQuestion,centaur,23
centaur_131,You are introduced to a robot that can learn and think like humans. What scientific questions could you ask about this?,SCENARIO: You are introduced to a robot that can learn and think like humans. What scientific questions could you ask about this?,SCTT-ResearchQuestion,centaur,22
centaur_131,You notice that the water in one lake is warmer than the water in another lake even though they both get the same amount of sunlight. What hypotheses do you have about why that is?,SCENARIO: You notice that the water in one lake is warmer than the water in another lake even though they both get the same amount of sunlight. What hypotheses do you have about why that is?,SCTT-Hypothesis,centaur,36
centaur_131,bridge-river-cross,SCENARIO: bridge-river-cross,Story,centaur,2
centaur_131,KNIFE,SCENARIO: KNIFE,AUT,centaur,2
centaur_131,Develop as many design ideas as you can to increase the use of renewable energy sources.,SCENARIO: increase the use of renewable energy sources.,Design,centaur,8
centaur_131,Develop as many design ideas as you can to help people with mobility impairments navigate stairs.,SCENARIO: help people with mobility impairments navigate stairs.,Design,centaur,8
centaur_131,Develop as many design ideas as you can to assist people with memory impairments remember important tasks.,SCENARIO: assist people with memory impairments remember important tasks.,Design,centaur,9
centaur_131,pen-paper-story,SCENARIO: pen-paper-story,Story,centaur,2
centaur_131,Develop as many design ideas as you can to reduce traffic congestion in mega cities.,SCENARIO: reduce traffic congestion in mega cities.,Design,centaur,7
centaur_132,You look outside one night and see stars disappearing one by one from the sky. What hypotheses do you have about why that is?,SCENARIO: You look outside one night and see stars disappearing one by one from the sky. What hypotheses do you have about why that is?,SCTT-Hypothesis,centaur,25
centaur_132,BUCKET,SCENARIO: BUCKET,AUT,centaur,2
centaur_132,key-door-lock,SCENARIO: key-door-lock,Story,centaur,2
centaur_132,You travel on a spaceship to a new planet outside of our galaxy. What scientific questions could you ask about this planet?,SCENARIO: You travel on a spaceship to a new planet outside of our galaxy. What scientific questions could you ask about this planet?,SCTT-ResearchQuestion,centaur,23
centaur_132,Develop as many design ideas as you can to help people with mobility impairments navigate stairs.,SCENARIO: help people with mobility impairments navigate stairs.,Design,centaur,8
centaur_132,bridge-river-cross,SCENARIO: bridge-river-cross,Story,centaur,2
centaur_132,Develop as many design ideas as you can to reduce traffic congestion in mega cities.,SCENARIO: reduce traffic congestion in mega cities.,Design,centaur,7
centaur_132,You are introduced to a robot that can learn and think like humans. What scientific questions could you ask about this?,SCENARIO: You are introduced to a robot that can learn and think like humans. What scientific questions could you ask about this?,SCTT-ResearchQuestion,centaur,22
centaur_132,BRICK,SCENARIO: BRICK,AUT,centaur,2
centaur_132,KNIFE,SCENARIO: KNIFE,AUT,centaur,2
centaur_132,Develop as many design ideas as you can to increase the use of renewable energy sources.,SCENARIO: increase the use of renewable energy sources.,Design,centaur,8
centaur_132,PENCIL,SCENARIO: PENCIL,AUT,centaur,2
centaur_132,You notice that the water in one lake is warmer than the water in another lake even though they both get the same amount of sunlight. What hypotheses do you have about why that is?,SCENARIO: You notice that the water in one lake is warmer than the water in another lake even though they both get the same amount of sunlight. What hypotheses do you have about why that is?,SCTT-Hypothesis,centaur,36
centaur_132,mirror-face-reflection,SCENARIO: mirror-face-reflection,Story,centaur,2
centaur_132,pen-paper-story,SCENARIO: pen-paper-story,Story,centaur,2
centaur_132,Develop as many design ideas as you can to assist people with memory impairments remember important tasks.,SCENARIO: assist people with memory impairments remember important tasks.,Design,centaur,9
centaur_133,BRICK,A brick wall could be used as a trampoline surface.,AUT,centaur,10
centaur_133,Develop as many design ideas as you can to assist people with memory impairments remember important tasks.,A voice assistant could remind someone when to take their medicine.,Design,centaur,11
centaur_133,mirror-face-reflection,The reflection in the mirror was not what I expected - it looked more like my sister.,Story,centaur,17
centaur_133,pen-paper-story,I wrote a story on paper with a pen about how paper and pens were originally invented.,Story,centaur,17
centaur_133,Develop as many design ideas as you can to help people with mobility impairments navigate stairs.,There could be lifts installed between each floor so people who cannot climb stairs don't need to go up them.,Design,centaur,20
centaur_133,You are introduced to a robot that can learn and think like humans. What scientific questions could you ask about this?,How did scientists develop such advanced technology?,SCTT-ResearchQuestion,centaur,7
centaur_133,You travel on a spaceship to a new planet outside of our galaxy. What scientific questions could you ask about this planet?,Is there intelligent life on the planet?,SCTT-ResearchQuestion,centaur,7
centaur_133,BUCKET,A bucket could be used to collect rainwater to reuse for showering.,AUT,centaur,12
centaur_133,You notice that the water in one lake is warmer than the water in another lake even though they both get the same amount of sunlight. What hypotheses do you have about why that is?,Maybe one lake is surrounded by hot rocks.,SCTT-Hypothesis,centaur,8
centaur_133,KNIFE,A knife could be used to cut through rope.,AUT,centaur,9
centaur_133,PENCIL,A pencil could be used to poke holes into things.,AUT,centaur,10
centaur_133,Develop as many design ideas as you can to reduce traffic congestion in mega cities.,Make cars more expensive so less people drive them.,Design,centaur,9
centaur_133,bridge-river-cross,The river had many bridges over it that were used to cross.,Story,centaur,12
centaur_133,key-door-lock,I needed to unlock my door but forgot where I put my keys.,Story,centaur,13
centaur_133,You look outside one night and see stars disappearing one by one from the sky. What hypotheses do you have about why that is?,Somebody might be blocking out the starlight from earth.,SCTT-Hypothesis,centaur,9
centaur_133,Develop as many design ideas as you can to increase the use of renewable energy sources.,Use solar panels on every building.,Design,centaur,6
centaur_134,key-door-lock,"The key was lost, so I knocked on the door but no one answered. So I looked under the mat and found it!",Story,centaur,23
centaur_134,bridge-river-cross,I crossed the river by walking over the bridge. It was my first time seeing such a beautiful view.,Story,centaur,19
centaur_134,Develop as many design ideas as you can to help people with mobility impairments navigate stairs.,Create ramps leading up to the top of the stairs.,Design,centaur,10
centaur_134,Develop as many design ideas as you can to assist people with memory impairments remember important tasks.,Use a digital calendar with alarms to remind them at certain times of the day.,Design,centaur,15
centaur_134,pen-paper-story,She sat down at her desk and wrote a long story with her pen and paper. Her dog sat next to her as she wrote.,Story,centaur,25
centaur_134,BRICK,Use it as a weight for exercising.,AUT,centaur,7
centaur_134,You notice that the water in one lake is warmer than the water in another lake even though they both get the same amount of sunlight. What hypotheses do you have about why that is?,This lake has a thermal vent beneath it which warms the water.,SCTT-Hypothesis,centaur,12
centaur_134,You travel on a spaceship to a new planet outside of our galaxy. What scientific questions could you ask about this planet?,How does the gravity affect the air pressure and wind patterns? How much oxygen is in the atmosphere?,SCTT-ResearchQuestion,centaur,18
centaur_134,Develop as many design ideas as you can to increase the use of renewable energy sources.,Install more solar panels on houses and businesses to generate electricity through solar power.,Design,centaur,14
centaur_134,mirror-face-reflection,When she looks into the mirror she sees a reflection of herself. The light shining through the window reflects off of the glass.,Story,centaur,23
centaur_134,PENCIL,Create art pieces out of pencils. Use the graphite to draw or paint.,AUT,centaur,13
centaur_134,KNIFE,Cut food into cubes or slices.,AUT,centaur,6
centaur_134,You look outside one night and see stars disappearing one by one from the sky. What hypotheses do you have about why that is?,An alien race is abducting each star. They want to steal all the resources available in the universe.,SCTT-Hypothesis,centaur,18
centaur_134,BUCKET,Use it as a seat when there aren't any chairs around.,AUT,centaur,11
centaur_134,Develop as many design ideas as you can to reduce traffic congestion in mega cities.,Build underground tunnels for cars to drive in during rush hour.,Design,centaur,11
centaur_134,You are introduced to a robot that can learn and think like humans. What scientific questions could you ask about this?,How many years would it take for the robot to fully function independently?,SCTT-ResearchQuestion,centaur,13
centaur_135,You look outside one night and see stars disappearing one by one from the sky. What hypotheses do you have about why that is?,The stars are being sucked up into a black hole.,SCTT-Hypothesis,centaur,10
centaur_135,KNIFE,Use it as a shovel,AUT,centaur,5
centaur_135,Develop as many design ideas as you can to assist people with memory impairments remember important tasks.,A small device that buzzes when you need to take your medicine.,Design,centaur,12
centaur_135,key-door-lock,The key was used to open the door to the room where he kept his secrets locked away.,Story,centaur,18
centaur_135,BUCKET,Use it as a toy box,AUT,centaur,6
centaur_135,BRICK,Build a house out of bricks,AUT,centaur,6
centaur_135,Develop as many design ideas as you can to increase the use of renewable energy sources.,Create more awareness of the benefits of solar power.,Design,centaur,9
centaur_135,Develop as many design ideas as you can to reduce traffic congestion in mega cities.,Encourage carpooling by giving incentives for doing so.,Design,centaur,8
centaur_135,You notice that the water in one lake is warmer than the water in another lake even though they both get the same amount of sunlight. What hypotheses do you have about why that is?,The wind causes the water to evaporate faster which warms up the water.,SCTT-Hypothesis,centaur,13
centaur_135,PENCIL,Use it to measure things,AUT,centaur,5
centaur_135,You are introduced to a robot that can learn and think like humans. What scientific questions could you ask about this?,How long does it take for it to think something?,SCTT-ResearchQuestion,centaur,10
centaur_135,You travel on a spaceship to a new planet outside of our galaxy. What scientific questions could you ask about this planet?,Is there any lifeforms on the planet?,SCTT-ResearchQuestion,centaur,7
centaur_135,mirror-face-reflection,I looked at my face in the mirror and saw myself staring back at me.,Story,centaur,15
centaur_135,pen-paper-story,I wrote a story on paper using a pen.,Story,centaur,9
centaur_135,bridge-river-cross,People crossed over the river by walking across a bridge.,Story,centaur,10
centaur_135,Develop as many design ideas as you can to help people with mobility impairments navigate stairs.,Put a ramp next to each stair case.,Design,centaur,8
centaur_136,Develop as many design ideas as you can to assist people with memory impairments remember important tasks.,A bracelet that vibrates when it's time to perform a certain task.,Design,centaur,12
centaur_136,bridge-river-cross,The river was flowing rapidly so she crossed over the bridge to avoid getting wet.,Story,centaur,15
centaur_136,PENCIL,Use as a conductor stick during an orchestra performance.,AUT,centaur,9
centaur_136,KNIFE,Cut through pieces of metal.,AUT,centaur,5
centaur_136,You travel on a spaceship to a new planet outside of our galaxy. What scientific questions could you ask about this planet?,How does gravity affect life on the planet?,SCTT-ResearchQuestion,centaur,8
centaur_136,BRICK,Use brick as stepping stones.,AUT,centaur,5
centaur_136,You are introduced to a robot that can learn and think like humans. What scientific questions could you ask about this?,What makes a robot behave like a human being?,SCTT-ResearchQuestion,centaur,9
centaur_136,Develop as many design ideas as you can to help people with mobility impairments navigate stairs.,Build a ramp into each home that has someone with mobility issues.,Design,centaur,12
centaur_136,BUCKET,Use bucket to transport water from one place to another.,AUT,centaur,10
centaur_136,pen-paper-story,I wrote my story on paper with a pen.,Story,centaur,9
centaur_136,You notice that the water in one lake is warmer than the water in another lake even though they both get the same amount of sunlight. What hypotheses do you have about why that is?,One lake receives more wind than the other which causes cooling evaporation.,SCTT-Hypothesis,centaur,12
centaur_136,You look outside one night and see stars disappearing one by one from the sky. What hypotheses do you have about why that is?,Each star disappears after burning out all its fuel.,SCTT-Hypothesis,centaur,9
centaur_136,mirror-face-reflection,You saw your reflection in the mirror but did not recognize yourself.,Story,centaur,12
centaur_136,Develop as many design ideas as you can to reduce traffic congestion in mega cities.,Create roads that go above ground to increase capacity.,Design,centaur,9
centaur_136,key-door-lock,He used his keys to unlock the door and enter the house.,Story,centaur,12
centaur_136,Develop as many design ideas as you can to increase the use of renewable energy sources.,Increase tax on fossil fuels and decrease tax on renewables.,Design,centaur,10
centaur_137,You are introduced to a robot that can learn and think like humans. What scientific questions could you ask about this?,How does the robot's brain compare to human brains?,SCTT-ResearchQuestion,centaur,9
centaur_137,bridge-river-cross,I had to cross the river but there was no bridge so I had to swim.,Story,centaur,16
centaur_137,mirror-face-reflection,When I looked in the mirror my face disappeared and a reflection appeared.,Story,centaur,13
centaur_137,key-door-lock,I found a door locked and tried my key but it didn't work.,Story,centaur,13
centaur_137,You look outside one night and see stars disappearing one by one from the sky. What hypotheses do you have about why that is?,Maybe the stars were being sucked into a black hole.,SCTT-Hypothesis,centaur,10
centaur_137,pen-paper-story,With paper and pen I wrote a wonderful story that touched many hearts.,Story,centaur,13
centaur_137,You travel on a spaceship to a new planet outside of our galaxy. What scientific questions could you ask about this planet?,Does the atmosphere have oxygen? Can we live here?,SCTT-ResearchQuestion,centaur,9
centaur_137,Develop as many design ideas as you can to assist people with memory impairments remember important tasks.,A smartwatch app that sends reminders throughout the day,Design,centaur,9
centaur_137,Develop as many design ideas as you can to help people with mobility impairments navigate stairs.,An electronic staircase that folds up when not in use,Design,centaur,10
centaur_137,You notice that the water in one lake is warmer than the water in another lake even though they both get the same amount of sunlight. What hypotheses do you have about why that is?,The first lake has a more direct exposure to sun light.,SCTT-Hypothesis,centaur,11
centaur_137,BRICK,Use bricks as stepping stones instead of a typical path.,AUT,centaur,10
centaur_137,Develop as many design ideas as you can to reduce traffic congestion in mega cities.,Build roads underground in addition to above ground.,Design,centaur,8
centaur_137,Develop as many design ideas as you can to increase the use of renewable energy sources.,Provide incentives (subsidies) for companies to switch to solar power.,Design,centaur,10
centaur_137,PENCIL,Use pencils to make a collage,AUT,centaur,6
centaur_137,BUCKET,Use buckets as stools.,AUT,centaur,4
centaur_137,KNIFE,Use knives to dig holes,AUT,centaur,5
centaur_138,key-door-lock,"I opened the door and left my keys inside. When I returned home later, I couldn't open it because the lock was stuck. I had to call the locksmith to unlock the door.",Story,centaur,33
centaur_138,Develop as many design ideas as you can to help people with mobility impairments navigate stairs.,An elevator that automatically detects whether someone needs assistance getting up the stairs,Design,centaur,13
centaur_138,mirror-face-reflection,The reflection in the mirror showed me exactly what I looked like. It was as if there were two versions of myself.,Story,centaur,22
centaur_138,You travel on a spaceship to a new planet outside of our galaxy. What scientific questions could you ask about this planet?,"Are there any signs of life? If so, what are they?",SCTT-ResearchQuestion,centaur,11
centaur_138,pen-paper-story,I wrote down a story on paper using my pen. It turned into a bestselling novel.,Story,centaur,16
centaur_138,bridge-river-cross,I built a bridge across the river to cross over to the other side.,Story,centaur,14
centaur_138,You are introduced to a robot that can learn and think like humans. What scientific questions could you ask about this?,Is it possible to build robots that feel emotions like humans?,SCTT-ResearchQuestion,centaur,11
centaur_138,You look outside one night and see stars disappearing one by one from the sky. What hypotheses do you have about why that is?,They might be moving through space at high speeds away from us.,SCTT-Hypothesis,centaur,12
centaur_138,Develop as many design ideas as you can to increase the use of renewable energy sources.,Find alternative energy sources such as solar panels and windmills.,Design,centaur,10
centaur_138,Develop as many design ideas as you can to reduce traffic congestion in mega cities.,Build more roads and add additional lanes to existing highways.,Design,centaur,10
centaur_138,BUCKET,Use it to hold sand to build a sandcastle.,AUT,centaur,9
centaur_138,KNIFE,Use it as a weapon to defend yourself against attackers.,AUT,centaur,10
centaur_138,PENCIL,Use it as a drumstick to play music.,AUT,centaur,8
centaur_138,Develop as many design ideas as you can to assist people with memory impairments remember important tasks.,Wear a wristwatch that reminds them to complete certain tasks each day.,Design,centaur,12
centaur_138,BRICK,Stack bricks together to create walls for buildings.,AUT,centaur,8
centaur_138,You notice that the water in one lake is warmer than the water in another lake even though they both get the same amount of sunlight. What hypotheses do you have about why that is?,One lake is shallower than the other which means it heats up faster.,SCTT-Hypothesis,centaur,13
centaur_139,You travel on a spaceship to a new planet outside of our galaxy. What scientific questions could you ask about this planet?,Are there habitable conditions for human life on this planet?,SCTT-ResearchQuestion,centaur,10
centaur_139,Develop as many design ideas as you can to increase the use of renewable energy sources.,Use more solar panels,Design,centaur,4
centaur_139,mirror-face-reflection,As I looked into the mirror my face was distorted because of my reflection.,Story,centaur,14
centaur_139,Develop as many design ideas as you can to assist people with memory impairments remember important tasks.,A phone app with reminder alarms,Design,centaur,6
centaur_139,BRICK,A bed table,AUT,centaur,3
centaur_139,PENCIL,Poke a hole in something,AUT,centaur,5
centaur_139,BUCKET,Make a small garden,AUT,centaur,4
centaur_139,key-door-lock,The door will not open so I must find the key to unlock it.,Story,centaur,14
centaur_139,You look outside one night and see stars disappearing one by one from the sky. What hypotheses do you have about why that is?,The earth's atmosphere may be changing.,SCTT-Hypothesis,centaur,6
centaur_139,pen-paper-story,I sit down at my desk and write stories on paper.,Story,centaur,11
centaur_139,Develop as many design ideas as you can to reduce traffic congestion in mega cities.,Use more public transportation such as busses and trains.,Design,centaur,9
centaur_139,Develop as many design ideas as you can to help people with mobility impairments navigate stairs.,An elevator,Design,centaur,2
centaur_139,You notice that the water in one lake is warmer than the water in another lake even though they both get the same amount of sunlight. What hypotheses do you have about why that is?,There is more algae in one lake which makes the water warm.,SCTT-Hypothesis,centaur,12
centaur_139,KNIFE,Cut vegetables,AUT,centaur,2
centaur_139,You are introduced to a robot that can learn and think like humans. What scientific questions could you ask about this?,How does its brain work compared to human brains?,SCTT-ResearchQuestion,centaur,9
centaur_139,bridge-river-cross,I cross the river by walking over the bridge.,Story,centaur,9
centaur_140,Develop as many design ideas as you can to assist people with memory impairments remember important tasks.,a wrist band or watch that vibrates at intervals as reminders,Design,centaur,11
centaur_140,Develop as many design ideas as you can to reduce traffic congestion in mega cities.,carpool lanes throughout the city that allow more cars to enter if there are multiple passengers,Design,centaur,16
centaur_140,BRICK,a house made entirely out of bricks (no wood),AUT,centaur,9
centaur_140,key-door-lock,One day a key was walking down the street when it came upon a door with no lock. The key put itself into the lock so that the door would not remain open.,Story,centaur,33
centaur_140,You look outside one night and see stars disappearing one by one from the sky. What hypotheses do you have about why that is?,a solar flare could have wiped them out or a massive alien ship could have come and stolen all the stars from your view,SCTT-Hypothesis,centaur,24
centaur_140,pen-paper-story,A young girl sat down at her desk and began to write a story with her favorite blue pen and white paper. She wrote until she filled up every page with her amazing tales.,Story,centaur,34
centaur_140,bridge-river-cross,A large wooden bridge spanned across the river which allowed people to cross without getting wet. This was helpful because many people had to travel between the two sides of the river everyday.,Story,centaur,33
centaur_140,You travel on a spaceship to a new planet outside of our galaxy. What scientific questions could you ask about this planet?,I wonder what type of gases make up this planets atmosphere? I wonder how much gravity this planet has compared to Earth?,SCTT-ResearchQuestion,centaur,22
centaur_140,You are introduced to a robot that can learn and think like humans. What scientific questions could you ask about this?,How long does the robots battery last? Does the robot have any self preservation systems built into its software?,SCTT-ResearchQuestion,centaur,19
centaur_140,Develop as many design ideas as you can to increase the use of renewable energy sources.,reward homeowners who switch over to renewable energy sources such as wind power or solar power,Design,centaur,16
centaur_140,You notice that the water in one lake is warmer than the water in another lake even though they both get the same amount of sunlight. What hypotheses do you have about why that is?,Maybe the first lake is located in a valley while the second lake is located on top of a mountain.,SCTT-Hypothesis,centaur,20
centaur_140,BUCKET,a container for dirt for a small garden,AUT,centaur,8
centaur_140,mirror-face-reflection,When he looked at himself in the mirror he saw his own face staring back at him. He thought it was odd that his reflection was a perfect copy of himself.,Story,centaur,31
centaur_140,PENCIL,a tool used to push objects around or scratch things off of surfaces,AUT,centaur,13
centaur_140,Develop as many design ideas as you can to help people with mobility impairments navigate stairs.,a stair lift that is activated by voice recognition commands,Design,centaur,10
centaur_140,KNIFE,,AUT,centaur,0
centaur_141,Develop as many design ideas as you can to assist people with memory impairments remember important tasks.,Voice activated alarms or reminders.,Design,centaur,5
centaur_141,You are introduced to a robot that can learn and think like humans. What scientific questions could you ask about this?,How does it process information?,SCTT-ResearchQuestion,centaur,5
centaur_141,key-door-lock,The key unlocks the door so I can cross the bridge over the river.,Story,centaur,14
centaur_141,You look outside one night and see stars disappearing one by one from the sky. What hypotheses do you have about why that is?,A meteor shower could be blocking my view of the stars.,SCTT-Hypothesis,centaur,11
centaur_141,bridge-river-cross,There's a bridge across the river to cross to the other side.,Story,centaur,12
centaur_141,Develop as many design ideas as you can to reduce traffic congestion in mega cities.,More public transportation.,Design,centaur,3
centaur_141,PENCIL,A pencil can be used to make music.,AUT,centaur,8
centaur_141,Develop as many design ideas as you can to increase the use of renewable energy sources.,Provide financial incentives for companies to switch to renewable energy.,Design,centaur,10
centaur_141,Develop as many design ideas as you can to help people with mobility impairments navigate stairs.,Stair lifts for homes.,Design,centaur,4
centaur_141,BUCKET,Fill buckets of sand and build walls as barriers.,AUT,centaur,9
centaur_141,You travel on a spaceship to a new planet outside of our galaxy. What scientific questions could you ask about this planet?,What type of organisms live on the planet?,SCTT-ResearchQuestion,centaur,8
centaur_141,mirror-face-reflection,I look at myself in the mirror and see a reflection of who I am.,Story,centaur,15
centaur_141,You notice that the water in one lake is warmer than the water in another lake even though they both get the same amount of sunlight. What hypotheses do you have about why that is?,It might be closer to an underwater volcano.,SCTT-Hypothesis,centaur,8
centaur_141,pen-paper-story,Write your own story with paper and pen.,Story,centaur,8
centaur_141,KNIFE,Chop wood into sticks to roast marshmallows.,AUT,centaur,7
centaur_141,BRICK,Build a wall around your property.,AUT,centaur,6
centaur_142,You are introduced to a robot that can learn and think like humans. What scientific questions could you ask about this?,how long would it take for the robot to learn human behavior?,SCTT-ResearchQuestion,centaur,12
centaur_142,Develop as many design ideas as you can to increase the use of renewable energy sources.,make solar panels more affordable,Design,centaur,5
centaur_142,key-door-lock,I went into my room and realized someone broke the lock so I opened the door to find nothing missing.,Story,centaur,20
centaur_142,KNIFE,use it as a prop for a movie,AUT,centaur,8
centaur_142,Develop as many design ideas as you can to assist people with memory impairments remember important tasks.,create a phone app that reminds you of your task at specific times.,Design,centaur,13
centaur_142,BUCKET,plant flowers in it,AUT,centaur,4
centaur_142,pen-paper-story,I write stories with paper and pen but they're never good enough.,Story,centaur,12
centaur_142,You notice that the water in one lake is warmer than the water in another lake even though they both get the same amount of sunlight. What hypotheses do you have about why that is?,there might be certain minerals in one lake causing its temperature to rise.,SCTT-Hypothesis,centaur,13
centaur_142,PENCIL,play darts with it,AUT,centaur,4
centaur_142,bridge-river-cross,I walked across the river by crossing the bridge.,Story,centaur,9
centaur_142,BRICK,use it as a stepping stone,AUT,centaur,6
centaur_142,You look outside one night and see stars disappearing one by one from the sky. What hypotheses do you have about why that is?,maybe someone is taking them out one by one because they are bored,SCTT-Hypothesis,centaur,13
centaur_142,mirror-face-reflection,I looked into the mirror and saw a reflection of myself.,Story,centaur,11
centaur_142,Develop as many design ideas as you can to help people with mobility impairments navigate stairs.,build escalators and elevators,Design,centaur,4
centaur_142,You travel on a spaceship to a new planet outside of our galaxy. What scientific questions could you ask about this planet?,what is the weather like on this planet?,SCTT-ResearchQuestion,centaur,8
centaur_142,Develop as many design ideas as you can to reduce traffic congestion in mega cities.,encourage public transportation,Design,centaur,3
centaur_143,mirror-face-reflection,I walked up to the mirror and looked at my face. It was not my reflection but instead a different person's face. I stepped back and looked again and it had changed once more. The room felt cold all of the sudden.,Story,centaur,42
centaur_143,BRICK,A brick could be used as a paper weight to keep papers from blowing away.,AUT,centaur,15
centaur_143,Develop as many design ideas as you can to assist people with memory impairments remember important tasks.,Use a device that connects to the internet to send reminders to their phone.,Design,centaur,14
centaur_143,You are introduced to a robot that can learn and think like humans. What scientific questions could you ask about this?,How does its brain function? Does it have neurons?,SCTT-ResearchQuestion,centaur,9
centaur_143,BUCKET,You could put a bucket over your head to scare someone who is afraid of ghosts.,AUT,centaur,16
centaur_143,KNIFE,Use the knife as a letter opener.,AUT,centaur,7
centaur_143,You notice that the water in one lake is warmer than the water in another lake even though they both get the same amount of sunlight. What hypotheses do you have about why that is?,There may be an underground spring flowing into one of the lakes making it warmer than the other.,SCTT-Hypothesis,centaur,18
centaur_143,pen-paper-story,"I pick up the pen and begin to write. As I write, the ink begins to disappear and the paper begins to fade. All that remains is blank white space.",Story,centaur,30
centaur_143,bridge-river-cross,I crossed the bridge and looked down at the river below me. The water flowed quickly beneath me and I watched it pass by. Once I reached the other side I turned around and looked back at where I came from.,Story,centaur,41
centaur_143,Develop as many design ideas as you can to help people with mobility impairments navigate stairs.,Create a device that people can sit in which slides them down the stairs safely.,Design,centaur,15
centaur_143,Develop as many design ideas as you can to reduce traffic congestion in mega cities.,Build more highways and widen current streets to accommodate more cars.,Design,centaur,11
centaur_143,You look outside one night and see stars disappearing one by one from the sky. What hypotheses do you have about why that is?,They might be being sucked up into a black hole.,SCTT-Hypothesis,centaur,10
centaur_143,You travel on a spaceship to a new planet outside of our galaxy. What scientific questions could you ask about this planet?,Is there oxygen? Can humans live here without any assistance? What type of climate does it have?,SCTT-ResearchQuestion,centaur,17
centaur_143,Develop as many design ideas as you can to increase the use of renewable energy sources.,Invest money into research and development of new renewable energy technologies.,Design,centaur,11
centaur_143,key-door-lock,He turned his keys and opened the door. Once inside he locked the door behind him. He did this every day. Always locking himself in his home.,Story,centaur,27
centaur_143,PENCIL,Use pencil lead to draw a picture.,AUT,centaur,7
centaur_144,KNIFE,,AUT,centaur,0
centaur_144,mirror-face-reflection,,Story,centaur,0
centaur_144,key-door-lock,,Story,centaur,0
centaur_144,You travel on a spaceship to a new planet outside of our galaxy. What scientific questions could you ask about this planet?,,SCTT-ResearchQuestion,centaur,0
centaur_144,BUCKET,,AUT,centaur,0
centaur_144,pen-paper-story,,Story,centaur,0
centaur_144,Develop as many design ideas as you can to increase the use of renewable energy sources.,,Design,centaur,0
centaur_144,Develop as many design ideas as you can to reduce traffic congestion in mega cities.,,Design,centaur,0
centaur_144,bridge-river-cross,,Story,centaur,0
centaur_144,You are introduced to a robot that can learn and think like humans. What scientific questions could you ask about this?,,SCTT-ResearchQuestion,centaur,0
centaur_144,Develop as many design ideas as you can to assist people with memory impairments remember important tasks.,,Design,centaur,0
centaur_144,Develop as many design ideas as you can to help people with mobility impairments navigate stairs.,,Design,centaur,0
centaur_144,BRICK,,AUT,centaur,0
centaur_144,PENCIL,,AUT,centaur,0
centaur_144,You notice that the water in one lake is warmer than the water in another lake even though they both get the same amount of sunlight. What hypotheses do you have about why that is?,,SCTT-Hypothesis,centaur,0
centaur_144,You look outside one night and see stars disappearing one by one from the sky. What hypotheses do you have about why that is?,,SCTT-Hypothesis,centaur,0
centaur_145,BUCKET,You can put it upside down over your head as a hat if it rains or snows.,AUT,centaur,17
centaur_145,Develop as many design ideas as you can to increase the use of renewable energy sources.,Build more solar panel farms. Or windmill farms. Or water turbines at dams.,Design,centaur,13
centaur_145,mirror-face-reflection,"One day I looked into the mirror, and saw my face staring back at me. It was almost like there were two of us!",Story,centaur,24
centaur_145,KNIFE,Knives can be used to cut fruit. And peel vegetables. And carve meat.,AUT,centaur,13
centaur_145,bridge-river-cross,A bridge connects a city across the river. One must cross it to enter the city. There is a toll to pay before crossing.,Story,centaur,24
centaur_145,key-door-lock,"When you arrive home, take out your keys. Unlock the door, and go inside.",Story,centaur,14
centaur_145,Develop as many design ideas as you can to reduce traffic congestion in mega cities.,Build highways underground. Construct sidewalks above the streets. Build train lines around the outskirts of the city.,Design,centaur,17
centaur_145,You are introduced to a robot that can learn and think like humans. What scientific questions could you ask about this?,How does it learn? Can it retain knowledge? Will it become smarter than us?,SCTT-ResearchQuestion,centaur,14
centaur_145,PENCIL,Pencils can be used to write notes. Draw pictures. Scribble random things.,AUT,centaur,12
centaur_145,You notice that the water in one lake is warmer than the water in another lake even though they both get the same amount of sunlight. What hypotheses do you have about why that is?,The first lake has less depth and so the sun can heat up the whole body of water more efficiently.,SCTT-Hypothesis,centaur,20
centaur_145,Develop as many design ideas as you can to help people with mobility impairments navigate stairs.,Use escalators instead of stairs. Or elevators. Or ramps. Or wheelchairs.,Design,centaur,11
centaur_145,BRICK,Bricks can be used to make walls. Floors. Roads. Buildings. Fireplaces.,AUT,centaur,11
centaur_145,You look outside one night and see stars disappearing one by one from the sky. What hypotheses do you have about why that is?,There's a large storm passing through the atmosphere of earth. That's why we cannot see the stars clearly anymore.,SCTT-Hypothesis,centaur,19
centaur_145,pen-paper-story,"I will pick up the pen, and hold it in my hand. Then I'll grab some paper, and begin writing.",Story,centaur,20
centaur_145,You travel on a spaceship to a new planet outside of our galaxy. What scientific questions could you ask about this planet?,What kind of elements are abundant on this planet? Is this planet habitable? Does life exist here?,SCTT-ResearchQuestion,centaur,17
centaur_145,Develop as many design ideas as you can to assist people with memory impairments remember important tasks.,,Design,centaur,0
centaur_146,bridge-river-cross,,Story,centaur,0
centaur_146,You look outside one night and see stars disappearing one by one from the sky. What hypotheses do you have about why that is?,,SCTT-Hypothesis,centaur,0
centaur_146,You travel on a spaceship to a new planet outside of our galaxy. What scientific questions could you ask about this planet?,,SCTT-ResearchQuestion,centaur,0
centaur_146,You are introduced to a robot that can learn and think like humans. What scientific questions could you ask about this?,,SCTT-ResearchQuestion,centaur,0
centaur_146,Develop as many design ideas as you can to increase the use of renewable energy sources.,,Design,centaur,0
centaur_146,Develop as many design ideas as you can to help people with mobility impairments navigate stairs.,,Design,centaur,0
centaur_146,BUCKET,,AUT,centaur,0
centaur_146,mirror-face-reflection,,Story,centaur,0
centaur_146,key-door-lock,,Story,centaur,0
centaur_146,Develop as many design ideas as you can to assist people with memory impairments remember important tasks.,,Design,centaur,0
centaur_146,You notice that the water in one lake is warmer than the water in another lake even though they both get the same amount of sunlight. What hypotheses do you have about why that is?,,SCTT-Hypothesis,centaur,0
centaur_146,BRICK,,AUT,centaur,0
centaur_146,KNIFE,,AUT,centaur,0
centaur_146,pen-paper-story,,Story,centaur,0
centaur_146,PENCIL,,AUT,centaur,0
centaur_146,Develop as many design ideas as you can to reduce traffic congestion in mega cities.,,Design,centaur,0
centaur_147,BUCKET,,AUT,centaur,0
centaur_147,KNIFE,,AUT,centaur,0
centaur_147,You travel on a spaceship to a new planet outside of our galaxy. What scientific questions could you ask about this planet?,,SCTT-ResearchQuestion,centaur,0
centaur_147,Develop as many design ideas as you can to assist people with memory impairments remember important tasks.,,Design,centaur,0
centaur_147,BRICK,,AUT,centaur,0
centaur_147,pen-paper-story,,Story,centaur,0
centaur_147,Develop as many design ideas as you can to help people with mobility impairments navigate stairs.,,Design,centaur,0
centaur_147,You look outside one night and see stars disappearing one by one from the sky. What hypotheses do you have about why that is?,,SCTT-Hypothesis,centaur,0
centaur_147,You notice that the water in one lake is warmer than the water in another lake even though they both get the same amount of sunlight. What hypotheses do you have about why that is?,,SCTT-Hypothesis,centaur,0
centaur_147,mirror-face-reflection,,Story,centaur,0
centaur_147,PENCIL,,AUT,centaur,0
centaur_147,You are introduced to a robot that can learn and think like humans. What scientific questions could you ask about this?,,SCTT-ResearchQuestion,centaur,0
centaur_147,Develop as many design ideas as you can to increase the use of renewable energy sources.,,Design,centaur,0
centaur_147,bridge-river-cross,,Story,centaur,0
centaur_147,Develop as many design ideas as you can to reduce traffic congestion in mega cities.,,Design,centaur,0
centaur_147,key-door-lock,,Story,centaur,0
centaur_148,Develop as many design ideas as you can to assist people with memory impairments remember important tasks.,A necklace with a piece of paper saying what they need to remember,Design,centaur,13
centaur_148,Develop as many design ideas as you can to reduce traffic congestion in mega cities.,Increase public transportation,Design,centaur,3
centaur_148,key-door-lock,The key was not able to unlock the door because it was missing its lock.,Story,centaur,15
centaur_148,Develop as many design ideas as you can to increase the use of renewable energy sources.,Install solar panels and wind turbines in every house.,Design,centaur,9
centaur_148,BRICK,To make a miniature wall,AUT,centaur,5
centaur_148,You look outside one night and see stars disappearing one by one from the sky. What hypotheses do you have about why that is?,Aliens stole them to power their spaceships,SCTT-Hypothesis,centaur,7
centaur_148,You are introduced to a robot that can learn and think like humans. What scientific questions could you ask about this?,How does it process information?,SCTT-ResearchQuestion,centaur,5
centaur_148,mirror-face-reflection,The mirror showed a reflection of her face without a smile.,Story,centaur,11
centaur_148,KNIFE,As a miniature toy sword,AUT,centaur,5
centaur_148,pen-paper-story,She wrote the story of her life on the paper with her favorite blue pen.,Story,centaur,15
centaur_148,You travel on a spaceship to a new planet outside of our galaxy. What scientific questions could you ask about this planet?,Is there any oxygen? Are there other animals or plants on the planet?,SCTT-ResearchQuestion,centaur,13
centaur_148,PENCIL,As a tent stake,AUT,centaur,4
centaur_148,bridge-river-cross,People crossed over the river on the bridge.,Story,centaur,8
centaur_148,You notice that the water in one lake is warmer than the water in another lake even though they both get the same amount of sunlight. What hypotheses do you have about why that is?,The water had more minerals dissolved in it making it less dense.,SCTT-Hypothesis,centaur,12
centaur_148,BUCKET,As a trash can,AUT,centaur,4
centaur_148,Develop as many design ideas as you can to help people with mobility impairments navigate stairs.,A special staircase with rails,Design,centaur,5
centaur_149,key-door-lock,The man had lost his keys to the door. He looked everywhere but could not find them. Finally he found a lockpick and got inside.,Story,centaur,25
centaur_149,pen-paper-story,The girl wrote her story on paper. She was happy that she finally finished it after a long time.,Story,centaur,19
centaur_149,Develop as many design ideas as you can to assist people with memory impairments remember important tasks.,A smart watch could alert users when they need to complete a certain task at a certain time.,Design,centaur,18
centaur_149,You are introduced to a robot that can learn and think like humans. What scientific questions could you ask about this?,How does the robot process information? Is it similar to how humans process information?,SCTT-ResearchQuestion,centaur,14
centaur_149,You notice that the water in one lake is warmer than the water in another lake even though they both get the same amount of sunlight. What hypotheses do you have about why that is?,One lake might be shallower than the other which would allow more heat to reach the bottom and warm up the water.,SCTT-Hypothesis,centaur,22
centaur_149,KNIFE,"Cut wires, string, or rope to tie something together.",AUT,centaur,9
centaur_149,Develop as many design ideas as you can to increase the use of renewable energy sources.,Make better solar panels that generate more electricity so people will want to use them more.,Design,centaur,16
centaur_149,You travel on a spaceship to a new planet outside of our galaxy. What scientific questions could you ask about this planet?,What type of atmosphere does the planet have? Are there any organisms living on the planet?,SCTT-ResearchQuestion,centaur,16
centaur_149,Develop as many design ideas as you can to reduce traffic congestion in mega cities.,Have cars drive autonomously so they don't have to stop at intersections as much,Design,centaur,14
centaur_149,BUCKET,An umbrella.,AUT,centaur,2
centaur_149,bridge-river-cross,People walked across the bridge over the river to cross to the other side.,Story,centaur,14
centaur_149,Develop as many design ideas as you can to help people with mobility impairments navigate stairs.,A wheelchair lift that goes up and down between floors.,Design,centaur,10
centaur_149,You look outside one night and see stars disappearing one by one from the sky. What hypotheses do you have about why that is?,Someone in space has a powerful laser that is making the stars disappear.,SCTT-Hypothesis,centaur,13
centaur_149,BRICK,Make a table out of bricks.,AUT,centaur,6
centaur_149,PENCIL,To draw pictures on paper.,AUT,centaur,5
centaur_149,mirror-face-reflection,The person looks into the mirror and sees their face reflected back at them.,Story,centaur,14
centaur_150,Develop as many design ideas as you can to reduce traffic congestion in mega cities.,build more tunnels,Design,centaur,3
centaur_150,You look outside one night and see stars disappearing one by one from the sky. What hypotheses do you have about why that is?,aliens or beings have been stealing them,SCTT-Hypothesis,centaur,7
centaur_150,KNIFE,weapon or chop food,AUT,centaur,4
centaur_150,mirror-face-reflection,I saw my reflection in the mirror and realized i had no face,Story,centaur,13
centaur_150,pen-paper-story,I wrote a story on paper with a pen then burned it,Story,centaur,12
centaur_150,bridge-river-cross,The river was deep so we built a bridge to cross it,Story,centaur,12
centaur_150,key-door-lock,The door opened but when i left it locked behind me,Story,centaur,11
centaur_150,You notice that the water in one lake is warmer than the water in another lake even though they both get the same amount of sunlight. What hypotheses do you have about why that is?,Maybe there is dirt underneath the surface of the lake making it absorb heat faster,SCTT-Hypothesis,centaur,15
centaur_150,Develop as many design ideas as you can to increase the use of renewable energy sources.,build more solar panels,Design,centaur,4
centaur_150,Develop as many design ideas as you can to help people with mobility impairments navigate stairs.,build ramps instead of stairs,Design,centaur,5
centaur_150,BUCKET,Use it as a place to sit or play games,AUT,centaur,10
centaur_150,You travel on a spaceship to a new planet outside of our galaxy. What scientific questions could you ask about this planet?,Does the planet have oxygen?,SCTT-ResearchQuestion,centaur,5
centaur_150,Develop as many design ideas as you can to assist people with memory impairments remember important tasks.,Make a schedule or reminder system for them,Design,centaur,8
centaur_150,PENCIL,Use it to draw something without meaning to,AUT,centaur,8
centaur_150,BRICK,Play building blocks with them or make a sculpture,AUT,centaur,9
centaur_150,You are introduced to a robot that can learn and think like humans. What scientific questions could you ask about this?,Can it understand human emotions?,SCTT-ResearchQuestion,centaur,5
centaur_151,KNIFE,"It's not just used as a tool, but also as a weapon.",AUT,centaur,12
centaur_151,Develop as many design ideas as you can to assist people with memory impairments remember important tasks.,Use an alarm system that rings at certain times or on command.,Design,centaur,12
centaur_151,bridge-river-cross,I walked across the bridge and saw the river underneath me.,Story,centaur,11
centaur_151,key-door-lock,You lock your door when someone knocks so no one gets inside.,Story,centaur,12
centaur_151,PENCIL,"They can write things down, but it's a more permanent marker.",AUT,centaur,11
centaur_151,You travel on a spaceship to a new planet outside of our galaxy. What scientific questions could you ask about this planet?,How does the gravity differ from Earth?,SCTT-ResearchQuestion,centaur,7
centaur_151,Develop as many design ideas as you can to help people with mobility impairments navigate stairs.,Create a ramp where there are stairs.,Design,centaur,7
centaur_151,Develop as many design ideas as you can to reduce traffic congestion in mega cities.,Have designated lanes for each car.,Design,centaur,6
centaur_151,You are introduced to a robot that can learn and think like humans. What scientific questions could you ask about this?,Can it learn to feel emotions?,SCTT-ResearchQuestion,centaur,6
centaur_151,BRICK,Used to build houses.,AUT,centaur,4
centaur_151,You look outside one night and see stars disappearing one by one from the sky. What hypotheses do you have about why that is?,The earth is moving away from the sun.,SCTT-Hypothesis,centaur,8
centaur_151,Develop as many design ideas as you can to increase the use of renewable energy sources.,Invest more money into solar panels.,Design,centaur,6
centaur_151,You notice that the water in one lake is warmer than the water in another lake even though they both get the same amount of sunlight. What hypotheses do you have about why that is?,One lake has colder water because it's closer to the ocean.,SCTT-Hypothesis,centaur,11
centaur_151,pen-paper-story,Pick up a piece of paper and start writing a story with a pen.,Story,centaur,14
centaur_151,mirror-face-reflection,Look in the mirror and see yourself reflected back.,Story,centaur,9
centaur_151,BUCKET,Hold water to drink.,AUT,centaur,4
centaur_152,BUCKET,The bucket can also serve as a hat,AUT,centaur,8
centaur_152,PENCIL,A pencil can be used to poke holes into paper,AUT,centaur,10
centaur_152,bridge-river-cross,"I crossed the river after a long hike and found myself on a beautiful island. It was quiet and serene, so I took some time to rest before returning home.",Story,centaur,30
centaur_152,Develop as many design ideas as you can to increase the use of renewable energy sources.,I would harness the power of water to create hydroelectricity,Design,centaur,10
centaur_152,You travel on a spaceship to a new planet outside of our galaxy. What scientific questions could you ask about this planet?,Does this planet have similar gravity as Earth?,SCTT-ResearchQuestion,centaur,8
centaur_152,You are introduced to a robot that can learn and think like humans. What scientific questions could you ask about this?,Can it dream like us?,SCTT-ResearchQuestion,centaur,5
centaur_152,key-door-lock,I unlocked the door with my key to find myself in my own living room. It felt good to finally be home again after a long day at work.,Story,centaur,29
centaur_152,Develop as many design ideas as you can to reduce traffic congestion in mega cities.,We should build more public transit systems such as buses and trains to encourage people to carpool instead of driving their own cars.,Design,centaur,23
centaur_152,KNIFE,A knife can be used to cut vegetables or fruit when cooking meals at home.,AUT,centaur,15
centaur_152,Develop as many design ideas as you can to assist people with memory impairments remember important tasks.,"We should give them devices that remind them of their daily tasks, like a smartwatch or phone app.",Design,centaur,18
centaur_152,pen-paper-story,I wrote down my thoughts on a piece of paper with a pen until I had no more ideas left inside me. My mind was empty but my heart still full of emotion.,Story,centaur,33
centaur_152,You look outside one night and see stars disappearing one by one from the sky. What hypotheses do you have about why that is?,Maybe there's another solar system nearby that's blocking out the light from those stars.,SCTT-Hypothesis,centaur,14
centaur_152,You notice that the water in one lake is warmer than the water in another lake even though they both get the same amount of sunlight. What hypotheses do you have about why that is?,Maybe there's more pollution in one lake compared to another which causes heat retention and warms up the surface temperature.,SCTT-Hypothesis,centaur,20
centaur_152,BRICK,Bricks can be stacked together to form walls for buildings or houses.,AUT,centaur,12
centaur_152,mirror-face-reflection,"When looking into the mirror, all we see is ourselves - our true selves reflected back at us without any filters or masks.",Story,centaur,23
centaur_152,Develop as many design ideas as you can to help people with mobility impairments navigate stairs.,We can install ramps next to staircases so they can easily access higher floors without having trouble climbing steps.,Design,centaur,19
centaur_153,You are introduced to a robot that can learn and think like humans. What scientific questions could you ask about this?,How would it feel if I was friends with the robot?,SCTT-ResearchQuestion,centaur,11
centaur_153,You notice that the water in one lake is warmer than the water in another lake even though they both get the same amount of sunlight. What hypotheses do you have about why that is?,The two lakes are at different elevations.,SCTT-Hypothesis,centaur,7
centaur_153,KNIFE,A knife can cut paper.,AUT,centaur,5
centaur_153,Develop as many design ideas as you can to increase the use of renewable energy sources.,Make solar panels affordable.,Design,centaur,4
centaur_153,You look outside one night and see stars disappearing one by one from the sky. What hypotheses do you have about why that is?,There's a meteor shower coming toward Earth.,SCTT-Hypothesis,centaur,7
centaur_153,Develop as many design ideas as you can to help people with mobility impairments navigate stairs.,Create a lift system.,Design,centaur,4
centaur_153,BUCKET,Use bucket as weight when exercising.,AUT,centaur,6
centaur_153,key-door-lock,She lost her keys so she couldn't open her door to leave her house.,Story,centaur,14
centaur_153,BRICK,Build a castle out of bricks.,AUT,centaur,6
centaur_153,Develop as many design ideas as you can to reduce traffic congestion in mega cities.,Make public transit more accessible.,Design,centaur,5
centaur_153,bridge-river-cross,They built a bridge across the river because no one wanted to swim across it.,Story,centaur,15
centaur_153,PENCIL,Pencil is used for drawing pictures.,AUT,centaur,6
centaur_153,pen-paper-story,She wrote a story on paper with a pen.,Story,centaur,9
centaur_153,Develop as many design ideas as you can to assist people with memory impairments remember important tasks.,Set reminders on their phone.,Design,centaur,5
centaur_153,You travel on a spaceship to a new planet outside of our galaxy. What scientific questions could you ask about this planet?,Is there life on other planets?,SCTT-ResearchQuestion,centaur,6
centaur_153,mirror-face-reflection,He looked into the mirror and saw his reflection.,Story,centaur,9
centaur_154,You notice that the water in one lake is warmer than the water in another lake even though they both get the same amount of sunlight. What hypotheses do you have about why that is?,The first lake may have more thermal energy due to higher solar radiation during certain times of day when compared to the other lake.,SCTT-Hypothesis,centaur,24
centaur_154,You travel on a spaceship to a new planet outside of our galaxy. What scientific questions could you ask about this planet?,Is there life on this planet? Does it resemble Earth?,SCTT-ResearchQuestion,centaur,10
centaur_154,bridge-river-cross,The river runs under a stone bridge where a person walks across to go home.,Story,centaur,15
centaur_154,Develop as many design ideas as you can to reduce traffic congestion in mega cities.,Add extra lanes and add smart intersections that have sensors detecting traffic so that lights turn green as cars approach.,Design,centaur,20
centaur_154,PENCIL,Use pencil shavings as firewood.,AUT,centaur,5
centaur_154,key-door-lock,I grab my keys and unlock the door and walk into my house.,Story,centaur,13
centaur_154,You look outside one night and see stars disappearing one by one from the sky. What hypotheses do you have about why that is?,There may be a satellite blocking the view of the stars.,SCTT-Hypothesis,centaur,11
centaur_154,BRICK,Put bricks together to make a wall.,AUT,centaur,7
centaur_154,Develop as many design ideas as you can to help people with mobility impairments navigate stairs.,Create an elevator to carry disabled people up and down stairs.,Design,centaur,11
centaur_154,You are introduced to a robot that can learn and think like humans. What scientific questions could you ask about this?,How does the robot learn? Can it control emotions?,SCTT-ResearchQuestion,centaur,9
centaur_154,pen-paper-story,With my pen I write a story onto paper.,Story,centaur,9
centaur_154,KNIFE,Cut food with a knife.,AUT,centaur,5
centaur_154,Develop as many design ideas as you can to increase the use of renewable energy sources.,Build more wind turbines and solar panels.,Design,centaur,7
centaur_154,mirror-face-reflection,When I look at my reflection in the mirror I see my face.,Story,centaur,13
centaur_154,Develop as many design ideas as you can to assist people with memory impairments remember important tasks.,Have someone or something remind them what needs to be done.,Design,centaur,11
centaur_154,BUCKET,Fill a bucket with water.,AUT,centaur,5
centaur_155,Develop as many design ideas as you can to reduce traffic congestion in mega cities.,,Design,centaur,0
centaur_155,mirror-face-reflection,,Story,centaur,0
centaur_155,key-door-lock,,Story,centaur,0
centaur_155,You travel on a spaceship to a new planet outside of our galaxy. What scientific questions could you ask about this planet?,,SCTT-ResearchQuestion,centaur,0
centaur_155,Develop as many design ideas as you can to assist people with memory impairments remember important tasks.,,Design,centaur,0
centaur_155,PENCIL,,AUT,centaur,0
centaur_155,Develop as many design ideas as you can to help people with mobility impairments navigate stairs.,,Design,centaur,0
centaur_155,pen-paper-story,,Story,centaur,0
centaur_155,You look outside one night and see stars disappearing one by one from the sky. What hypotheses do you have about why that is?,,SCTT-Hypothesis,centaur,0
centaur_155,bridge-river-cross,,Story,centaur,0
centaur_155,BUCKET,,AUT,centaur,0
centaur_155,BRICK,,AUT,centaur,0
centaur_155,You are introduced to a robot that can learn and think like humans. What scientific questions could you ask about this?,,SCTT-ResearchQuestion,centaur,0
centaur_155,KNIFE,,AUT,centaur,0
centaur_155,Develop as many design ideas as you can to increase the use of renewable energy sources.,,Design,centaur,0
centaur_155,You notice that the water in one lake is warmer than the water in another lake even though they both get the same amount of sunlight. What hypotheses do you have about why that is?,,SCTT-Hypothesis,centaur,0
centaur_156,Develop as many design ideas as you can to assist people with memory impairments remember important tasks.,wearable device that vibrates when it's time for a task,Design,centaur,10
centaur_156,You notice that the water in one lake is warmer than the water in another lake even though they both get the same amount of sunlight. What hypotheses do you have about why that is?,The lakes differ in depth which affects their thermal conductivity,SCTT-Hypothesis,centaur,10
centaur_156,Develop as many design ideas as you can to increase the use of renewable energy sources.,make solar panels more efficient,Design,centaur,5
centaur_156,pen-paper-story,"A man sat down at his desk, picked up his pen, and began writing a story.",Story,centaur,16
centaur_156,You travel on a spaceship to a new planet outside of our galaxy. What scientific questions could you ask about this planet?,How does the atmosphere affect life?,SCTT-ResearchQuestion,centaur,6
centaur_156,BRICK,building a house,AUT,centaur,3
centaur_156,mirror-face-reflection,"When I looked into the mirror, my face reflected back but as a vampire.",Story,centaur,14
centaur_156,Develop as many design ideas as you can to help people with mobility impairments navigate stairs.,elevator,Design,centaur,1
centaur_156,BUCKET,rain catcher,AUT,centaur,2
centaur_156,PENCIL,drawing,AUT,centaur,1
centaur_156,bridge-river-cross,"We had to cross over the river, so we walked across the bridge.",Story,centaur,13
centaur_156,key-door-lock,She put her key in the lock and turned it; she opened the door and entered.,Story,centaur,16
centaur_156,Develop as many design ideas as you can to reduce traffic congestion in mega cities.,build elevated highways,Design,centaur,3
centaur_156,KNIFE,cut vegetables,AUT,centaur,2
centaur_156,You look outside one night and see stars disappearing one by one from the sky. What hypotheses do you have about why that is?,there may be a dust cloud obstructing the view of the stars,SCTT-Hypothesis,centaur,12
centaur_156,You are introduced to a robot that can learn and think like humans. What scientific questions could you ask about this?,how long would it take the robot to learn something?,SCTT-ResearchQuestion,centaur,10
centaur_157,pen-paper-story,,Story,centaur,0
centaur_157,Develop as many design ideas as you can to help people with mobility impairments navigate stairs.,,Design,centaur,0
centaur_157,key-door-lock,,Story,centaur,0
centaur_157,KNIFE,,AUT,centaur,0
centaur_157,bridge-river-cross,,Story,centaur,0
centaur_157,BUCKET,,AUT,centaur,0
centaur_157,PENCIL,,AUT,centaur,0
centaur_157,You notice that the water in one lake is warmer than the water in another lake even though they both get the same amount of sunlight. What hypotheses do you have about why that is?,,SCTT-Hypothesis,centaur,0
centaur_157,BRICK,,AUT,centaur,0
centaur_157,mirror-face-reflection,,Story,centaur,0
centaur_157,You look outside one night and see stars disappearing one by one from the sky. What hypotheses do you have about why that is?,,SCTT-Hypothesis,centaur,0
centaur_157,Develop as many design ideas as you can to reduce traffic congestion in mega cities.,,Design,centaur,0
centaur_157,Develop as many design ideas as you can to increase the use of renewable energy sources.,,Design,centaur,0
centaur_157,Develop as many design ideas as you can to assist people with memory impairments remember important tasks.,,Design,centaur,0
centaur_157,You travel on a spaceship to a new planet outside of our galaxy. What scientific questions could you ask about this planet?,,SCTT-ResearchQuestion,centaur,0
centaur_157,You are introduced to a robot that can learn and think like humans. What scientific questions could you ask about this?,,SCTT-ResearchQuestion,centaur,0
centaur_158,mirror-face-reflection,,Story,centaur,0
centaur_158,Develop as many design ideas as you can to assist people with memory impairments remember important tasks.,,Design,centaur,0
centaur_158,KNIFE,,AUT,centaur,0
centaur_158,BUCKET,,AUT,centaur,0
centaur_158,bridge-river-cross,,Story,centaur,0
centaur_158,You are introduced to a robot that can learn and think like humans. What scientific questions could you ask about this?,,SCTT-ResearchQuestion,centaur,0
centaur_158,Develop as many design ideas as you can to increase the use of renewable energy sources.,,Design,centaur,0
centaur_158,You travel on a spaceship to a new planet outside of our galaxy. What scientific questions could you ask about this planet?,,SCTT-ResearchQuestion,centaur,0
centaur_158,pen-paper-story,,Story,centaur,0
centaur_158,Develop as many design ideas as you can to reduce traffic congestion in mega cities.,,Design,centaur,0
centaur_158,key-door-lock,,Story,centaur,0
centaur_158,PENCIL,,AUT,centaur,0
centaur_158,You look outside one night and see stars disappearing one by one from the sky. What hypotheses do you have about why that is?,,SCTT-Hypothesis,centaur,0
centaur_158,Develop as many design ideas as you can to help people with mobility impairments navigate stairs.,,Design,centaur,0
centaur_158,BRICK,,AUT,centaur,0
centaur_158,You notice that the water in one lake is warmer than the water in another lake even though they both get the same amount of sunlight. What hypotheses do you have about why that is?,,SCTT-Hypothesis,centaur,0
centaur_159,key-door-lock,,Story,centaur,0
centaur_159,BUCKET,,AUT,centaur,0
centaur_159,pen-paper-story,,Story,centaur,0
centaur_159,You are introduced to a robot that can learn and think like humans. What scientific questions could you ask about this?,,SCTT-ResearchQuestion,centaur,0
centaur_159,Develop as many design ideas as you can to help people with mobility impairments navigate stairs.,,Design,centaur,0
centaur_159,mirror-face-reflection,,Story,centaur,0
centaur_159,Develop as many design ideas as you can to assist people with memory impairments remember important tasks.,,Design,centaur,0
centaur_159,KNIFE,,AUT,centaur,0
centaur_159,Develop as many design ideas as you can to reduce traffic congestion in mega cities.,,Design,centaur,0
centaur_159,You look outside one night and see stars disappearing one by one from the sky. What hypotheses do you have about why that is?,,SCTT-Hypothesis,centaur,0
centaur_159,You notice that the water in one lake is warmer than the water in another lake even though they both get the same amount of sunlight. What hypotheses do you have about why that is?,,SCTT-Hypothesis,centaur,0
centaur_159,bridge-river-cross,,Story,centaur,0
centaur_159,PENCIL,,AUT,centaur,0
centaur_159,You travel on a spaceship to a new planet outside of our galaxy. What scientific questions could you ask about this planet?,,SCTT-ResearchQuestion,centaur,0
centaur_159,BRICK,,AUT,centaur,0
centaur_159,Develop as many design ideas as you can to increase the use of renewable energy sources.,,Design,centaur,0
centaur_160,Develop as many design ideas as you can to help people with mobility impairments navigate stairs.,,Design,centaur,0
centaur_160,You notice that the water in one lake is warmer than the water in another lake even though they both get the same amount of sunlight. What hypotheses do you have about why that is?,,SCTT-Hypothesis,centaur,0
centaur_160,PENCIL,,AUT,centaur,0
centaur_160,key-door-lock,,Story,centaur,0
centaur_160,mirror-face-reflection,,Story,centaur,0
centaur_160,pen-paper-story,,Story,centaur,0
centaur_160,You are introduced to a robot that can learn and think like humans. What scientific questions could you ask about this?,,SCTT-ResearchQuestion,centaur,0
centaur_160,You look outside one night and see stars disappearing one by one from the sky. What hypotheses do you have about why that is?,,SCTT-Hypothesis,centaur,0
centaur_160,Develop as many design ideas as you can to increase the use of renewable energy sources.,,Design,centaur,0
centaur_160,Develop as many design ideas as you can to reduce traffic congestion in mega cities.,,Design,centaur,0
centaur_160,bridge-river-cross,,Story,centaur,0
centaur_160,KNIFE,,AUT,centaur,0
centaur_160,BRICK,,AUT,centaur,0
centaur_160,You travel on a spaceship to a new planet outside of our galaxy. What scientific questions could you ask about this planet?,,SCTT-ResearchQuestion,centaur,0
centaur_160,BUCKET,,AUT,centaur,0
centaur_160,Develop as many design ideas as you can to assist people with memory impairments remember important tasks.,,Design,centaur,0
centaur_161,Develop as many design ideas as you can to assist people with memory impairments remember important tasks.,,Design,centaur,0
centaur_161,You are introduced to a robot that can learn and think like humans. What scientific questions could you ask about this?,,SCTT-ResearchQuestion,centaur,0
centaur_161,KNIFE,,AUT,centaur,0
centaur_161,You notice that the water in one lake is warmer than the water in another lake even though they both get the same amount of sunlight. What hypotheses do you have about why that is?,,SCTT-Hypothesis,centaur,0
centaur_161,PENCIL,,AUT,centaur,0
centaur_161,Develop as many design ideas as you can to reduce traffic congestion in mega cities.,,Design,centaur,0
centaur_161,mirror-face-reflection,,Story,centaur,0
centaur_161,You look outside one night and see stars disappearing one by one from the sky. What hypotheses do you have about why that is?,,SCTT-Hypothesis,centaur,0
centaur_161,BRICK,,AUT,centaur,0
centaur_161,Develop as many design ideas as you can to increase the use of renewable energy sources.,,Design,centaur,0
centaur_161,key-door-lock,,Story,centaur,0
centaur_161,bridge-river-cross,,Story,centaur,0
centaur_161,BUCKET,,AUT,centaur,0
centaur_161,pen-paper-story,,Story,centaur,0
centaur_161,Develop as many design ideas as you can to help people with mobility impairments navigate stairs.,,Design,centaur,0
centaur_161,You travel on a spaceship to a new planet outside of our galaxy. What scientific questions could you ask about this planet?,,SCTT-ResearchQuestion,centaur,0
centaur_162,mirror-face-reflection,,Story,centaur,0
centaur_162,BRICK,,AUT,centaur,0
centaur_162,BUCKET,,AUT,centaur,0
centaur_162,Develop as many design ideas as you can to reduce traffic congestion in mega cities.,,Design,centaur,0
centaur_162,Develop as many design ideas as you can to help people with mobility impairments navigate stairs.,,Design,centaur,0
centaur_162,You notice that the water in one lake is warmer than the water in another lake even though they both get the same amount of sunlight. What hypotheses do you have about why that is?,,SCTT-Hypothesis,centaur,0
centaur_162,Develop as many design ideas as you can to assist people with memory impairments remember important tasks.,,Design,centaur,0
centaur_162,You travel on a spaceship to a new planet outside of our galaxy. What scientific questions could you ask about this planet?,,SCTT-ResearchQuestion,centaur,0
centaur_162,key-door-lock,,Story,centaur,0
centaur_162,bridge-river-cross,,Story,centaur,0
centaur_162,Develop as many design ideas as you can to increase the use of renewable energy sources.,,Design,centaur,0
centaur_162,You are introduced to a robot that can learn and think like humans. What scientific questions could you ask about this?,,SCTT-ResearchQuestion,centaur,0
centaur_162,You look outside one night and see stars disappearing one by one from the sky. What hypotheses do you have about why that is?,,SCTT-Hypothesis,centaur,0
centaur_162,pen-paper-story,,Story,centaur,0
centaur_162,KNIFE,,AUT,centaur,0
centaur_162,PENCIL,,AUT,centaur,0
centaur_163,You are introduced to a robot that can learn and think like humans. What scientific questions could you ask about this?,,SCTT-ResearchQuestion,centaur,0
centaur_163,Develop as many design ideas as you can to assist people with memory impairments remember important tasks.,,Design,centaur,0
centaur_163,key-door-lock,,Story,centaur,0
centaur_163,BUCKET,,AUT,centaur,0
centaur_163,pen-paper-story,,Story,centaur,0
centaur_163,KNIFE,,AUT,centaur,0
centaur_163,You notice that the water in one lake is warmer than the water in another lake even though they both get the same amount of sunlight. What hypotheses do you have about why that is?,,SCTT-Hypothesis,centaur,0
centaur_163,bridge-river-cross,,Story,centaur,0
centaur_163,Develop as many design ideas as you can to increase the use of renewable energy sources.,,Design,centaur,0
centaur_163,Develop as many design ideas as you can to help people with mobility impairments navigate stairs.,,Design,centaur,0
centaur_163,Develop as many design ideas as you can to reduce traffic congestion in mega cities.,,Design,centaur,0
centaur_163,You travel on a spaceship to a new planet outside of our galaxy. What scientific questions could you ask about this planet?,,SCTT-ResearchQuestion,centaur,0
centaur_163,You look outside one night and see stars disappearing one by one from the sky. What hypotheses do you have about why that is?,,SCTT-Hypothesis,centaur,0
centaur_163,BRICK,,AUT,centaur,0
centaur_163,mirror-face-reflection,,Story,centaur,0
centaur_163,PENCIL,,AUT,centaur,0
centaur_164,mirror-face-reflection,,Story,centaur,0
centaur_164,You travel on a spaceship to a new planet outside of our galaxy. What scientific questions could you ask about this planet?,,SCTT-ResearchQuestion,centaur,0
centaur_164,Develop as many design ideas as you can to assist people with memory impairments remember important tasks.,,Design,centaur,0
centaur_164,KNIFE,,AUT,centaur,0
centaur_164,You look outside one night and see stars disappearing one by one from the sky. What hypotheses do you have about why that is?,,SCTT-Hypothesis,centaur,0
centaur_164,Develop as many design ideas as you can to reduce traffic congestion in mega cities.,,Design,centaur,0
centaur_164,BRICK,,AUT,centaur,0
centaur_164,You notice that the water in one lake is warmer than the water in another lake even though they both get the same amount of sunlight. What hypotheses do you have about why that is?,,SCTT-Hypothesis,centaur,0
centaur_164,Develop as many design ideas as you can to help people with mobility impairments navigate stairs.,,Design,centaur,0
centaur_164,bridge-river-cross,,Story,centaur,0
centaur_164,key-door-lock,,Story,centaur,0
centaur_164,PENCIL,,AUT,centaur,0
centaur_164,Develop as many design ideas as you can to increase the use of renewable energy sources.,,Design,centaur,0
centaur_164,You are introduced to a robot that can learn and think like humans. What scientific questions could you ask about this?,,SCTT-ResearchQuestion,centaur,0
centaur_164,pen-paper-story,,Story,centaur,0
centaur_164,BUCKET,,AUT,centaur,0
centaur_165,BUCKET,Make it into a seat,AUT,centaur,5
centaur_165,KNIFE,As a paperweight,AUT,centaur,3
centaur_165,You are introduced to a robot that can learn and think like humans. What scientific questions could you ask about this?,What would happen if we left this robot alone?,SCTT-ResearchQuestion,centaur,9
centaur_165,Develop as many design ideas as you can to increase the use of renewable energy sources.,Develop ways to harness energy from other elements such as ocean waves.,Design,centaur,12
centaur_165,You travel on a spaceship to a new planet outside of our galaxy. What scientific questions could you ask about this planet?,How would it differ from Earth?,SCTT-ResearchQuestion,centaur,6
centaur_165,mirror-face-reflection,The man looked at his face in the reflection of the mirror.,Story,centaur,12
centaur_165,key-door-lock,He used his keys to unlock the door which was locked.,Story,centaur,11
centaur_165,BRICK,Use them to build a statue.,AUT,centaur,6
centaur_165,Develop as many design ideas as you can to assist people with memory impairments remember important tasks.,Create a system where family members input tasks into an app. The person can then set alarms for when to complete each task.,Design,centaur,23
centaur_165,PENCIL,As a toothpick,AUT,centaur,3
centaur_165,You look outside one night and see stars disappearing one by one from the sky. What hypotheses do you have about why that is?,Perhaps there is something interfering with the light?,SCTT-Hypothesis,centaur,8
centaur_165,Develop as many design ideas as you can to help people with mobility impairments navigate stairs.,Have elevators within buildings go up and down multiple floors so that people don't need to climb as many stairs.,Design,centaur,20
centaur_165,Develop as many design ideas as you can to reduce traffic congestion in mega cities.,Implement a public transit system with more options such as subways and trains.,Design,centaur,13
centaur_165,pen-paper-story,He wrote his story in his notebook with his pen and paper.,Story,centaur,12
centaur_165,bridge-river-cross,We crossed over the river using the bridge.,Story,centaur,8
centaur_165,You notice that the water in one lake is warmer than the water in another lake even though they both get the same amount of sunlight. What hypotheses do you have about why that is?,Maybe the one lake has less water flowing through it so it gets warmer.,SCTT-Hypothesis,centaur,14
centaur_166,bridge-river-cross,The river was flowing across the bridge and I crossed it successfully.,Story,centaur,12
centaur_166,Develop as many design ideas as you can to help people with mobility impairments navigate stairs.,Use ramps instead of stairs so that people with mobility issues can cross them more easily.,Design,centaur,16
centaur_166,You notice that the water in one lake is warmer than the water in another lake even though they both get the same amount of sunlight. What hypotheses do you have about why that is?,It may be due to how deep the lakes are because deeper lakes retain heat better than shallow ones.,SCTT-Hypothesis,centaur,19
centaur_166,PENCIL,Use it as a tool to make art such as sculpture.,AUT,centaur,11
centaur_166,You travel on a spaceship to a new planet outside of our galaxy. What scientific questions could you ask about this planet?,How does life function on this planet if at all? Is there intelligent life here?,SCTT-ResearchQuestion,centaur,15
centaur_166,pen-paper-story,I wrote a story on paper using my pen and then read the story back to myself.,Story,centaur,17
centaur_166,mirror-face-reflection,When I looked into the mirror I saw not only my face but also my reflection.,Story,centaur,16
centaur_166,BUCKET,Use it as a step stool to reach high places.,AUT,centaur,10
centaur_166,Develop as many design ideas as you can to increase the use of renewable energy sources.,Build solar panels on buildings to harness solar power.,Design,centaur,9
centaur_166,You are introduced to a robot that can learn and think like humans. What scientific questions could you ask about this?,Does the robot have feelings and emotions like we do?,SCTT-ResearchQuestion,centaur,10
centaur_166,Develop as many design ideas as you can to assist people with memory impairments remember important tasks.,Create digital assistants that can send reminders to their users.,Design,centaur,10
centaur_166,key-door-lock,I unlocked the door with my key and entered inside where I locked the door behind me.,Story,centaur,17
centaur_166,You look outside one night and see stars disappearing one by one from the sky. What hypotheses do you have about why that is?,Maybe aliens abducted the stars for some reason.,SCTT-Hypothesis,centaur,8
centaur_166,Develop as many design ideas as you can to reduce traffic congestion in mega cities.,Design roads that go vertically instead of just horizontally to accommodate more cars.,Design,centaur,13
centaur_166,BRICK,Use bricks to build sculptures.,AUT,centaur,5
centaur_166,KNIFE,Use a knife to cut wood.,AUT,centaur,6
centaur_167,You look outside one night and see stars disappearing one by one from the sky. What hypotheses do you have about why that is?,,SCTT-Hypothesis,centaur,0
centaur_167,You are introduced to a robot that can learn and think like humans. What scientific questions could you ask about this?,,SCTT-ResearchQuestion,centaur,0
centaur_167,You travel on a spaceship to a new planet outside of our galaxy. What scientific questions could you ask about this planet?,,SCTT-ResearchQuestion,centaur,0
centaur_167,You notice that the water in one lake is warmer than the water in another lake even though they both get the same amount of sunlight. What hypotheses do you have about why that is?,,SCTT-Hypothesis,centaur,0
centaur_167,mirror-face-reflection,,Story,centaur,0
centaur_167,Develop as many design ideas as you can to help people with mobility impairments navigate stairs.,,Design,centaur,0
centaur_167,PENCIL,,AUT,centaur,0
centaur_167,BRICK,,AUT,centaur,0
centaur_167,Develop as many design ideas as you can to reduce traffic congestion in mega cities.,,Design,centaur,0
centaur_167,Develop as many design ideas as you can to increase the use of renewable energy sources.,,Design,centaur,0
centaur_167,key-door-lock,,Story,centaur,0
centaur_167,Develop as many design ideas as you can to assist people with memory impairments remember important tasks.,,Design,centaur,0
centaur_167,pen-paper-story,,Story,centaur,0
centaur_167,bridge-river-cross,,Story,centaur,0
centaur_167,BUCKET,,AUT,centaur,0
centaur_167,KNIFE,,AUT,centaur,0
centaur_168,Develop as many design ideas as you can to increase the use of renewable energy sources.,Use solar panels on all buildings,Design,centaur,6
centaur_168,You travel on a spaceship to a new planet outside of our galaxy. What scientific questions could you ask about this planet?,How does the environment effect the development of life?,SCTT-ResearchQuestion,centaur,9
centaur_168,You notice that the water in one lake is warmer than the water in another lake even though they both get the same amount of sunlight. What hypotheses do you have about why that is?,The first lake has more nutrients,SCTT-Hypothesis,centaur,6
centaur_168,Develop as many design ideas as you can to reduce traffic congestion in mega cities.,Have cars drive underground,Design,centaur,4
centaur_168,Develop as many design ideas as you can to help people with mobility impairments navigate stairs.,Build a ramp instead of steps,Design,centaur,6
centaur_168,KNIFE,cut a wire so it doesn't electrocute you,AUT,centaur,8
centaur_168,mirror-face-reflection,A woman looked into the mirror and saw her reflection.,Story,centaur,10
centaur_168,bridge-river-cross,I walked across the bridge over a river.,Story,centaur,8
centaur_168,Develop as many design ideas as you can to assist people with memory impairments remember important tasks.,Set up an alarm clock for the person's tasks,Design,centaur,9
centaur_168,You are introduced to a robot that can learn and think like humans. What scientific questions could you ask about this?,Can it feel emotions?,SCTT-ResearchQuestion,centaur,4
centaur_168,PENCIL,hold your hair while you're doing something else,AUT,centaur,8
centaur_168,key-door-lock,I unlocked my door with my key and locked it again.,Story,centaur,11
centaur_168,BRICK,Use it as a stepping stone,AUT,centaur,6
centaur_168,BUCKET,As a seat,AUT,centaur,3
centaur_168,pen-paper-story,I used my pen to write a story on paper.,Story,centaur,10
centaur_168,You look outside one night and see stars disappearing one by one from the sky. What hypotheses do you have about why that is?,It is raining hard,SCTT-Hypothesis,centaur,4
centaur_169,You look outside one night and see stars disappearing one by one from the sky. What hypotheses do you have about why that is?,Some stars may have died out while others might still remain alive.,SCTT-Hypothesis,centaur,12
centaur_169,pen-paper-story,A man once wrote a story about how pens were invented and paper was created so they could be used together.,Story,centaur,21
centaur_169,You travel on a spaceship to a new planet outside of our galaxy. What scientific questions could you ask about this planet?,How long would it take for me to travel back to earth?,SCTT-ResearchQuestion,centaur,12
centaur_169,You notice that the water in one lake is warmer than the water in another lake even though they both get the same amount of sunlight. What hypotheses do you have about why that is?,The first lake has more organisms living inside it compared to the other which means more heat being produced.,SCTT-Hypothesis,centaur,19
centaur_169,You are introduced to a robot that can learn and think like humans. What scientific questions could you ask about this?,"Could I reprogram the robot to make it follow certain commands? And if so, how?",SCTT-ResearchQuestion,centaur,15
centaur_169,BUCKET,A bucket can also be used as a drum.,AUT,centaur,9
centaur_169,KNIFE,A knife can be used to cut through string to open packages.,AUT,centaur,12
centaur_169,key-door-lock,She unlocked the door with her key then locked it again after she went inside.,Story,centaur,15
centaur_169,mirror-face-reflection,"When she looked into the mirror, she saw a distorted reflection of herself.",Story,centaur,13
centaur_169,PENCIL,A pencil can be used as a weapon for self defense.,AUT,centaur,11
centaur_169,Develop as many design ideas as you can to assist people with memory impairments remember important tasks.,They can write down all their tasks on a piece of paper then carry it around with them.,Design,centaur,18
centaur_169,BRICK,Bricks can be placed in front of a house's door to prevent intruders from entering.,AUT,centaur,15
centaur_169,Develop as many design ideas as you can to increase the use of renewable energy sources.,Solar panels can be installed on rooftops to capture solar radiation.,Design,centaur,11
centaur_169,Develop as many design ideas as you can to reduce traffic congestion in mega cities.,Each driver could set up a meeting time where they can arrive at work at a similar time instead of everyone driving at different times causing traffic jams.,Design,centaur,28
centaur_169,Develop as many design ideas as you can to help people with mobility impairments navigate stairs.,Stairs can be designed to move up and down so people who struggle walking up and down can still climb them.,Design,centaur,21
centaur_169,bridge-river-cross,He walked across the bridge over the river to cross to the other side.,Story,centaur,14
centaur_170,PENCIL,pencil eraser,AUT,centaur,2
centaur_170,You look outside one night and see stars disappearing one by one from the sky. What hypotheses do you have about why that is?,there was a supernova explosion of a star,SCTT-Hypothesis,centaur,8
centaur_170,KNIFE,scratch lottery tickets,AUT,centaur,3
centaur_170,BRICK,make a paperweight,AUT,centaur,3
centaur_170,mirror-face-reflection,"when she looked at the mirror, she saw her reflection.",Story,centaur,10
centaur_170,Develop as many design ideas as you can to increase the use of renewable energy sources.,subsidize solar panel installation costs,Design,centaur,5
centaur_170,Develop as many design ideas as you can to assist people with memory impairments remember important tasks.,create a calendar system that sends reminders,Design,centaur,7
centaur_170,key-door-lock,he put his key into the door lock.,Story,centaur,8
centaur_170,You travel on a spaceship to a new planet outside of our galaxy. What scientific questions could you ask about this planet?,how long has it existed?,SCTT-ResearchQuestion,centaur,5
centaur_170,Develop as many design ideas as you can to help people with mobility impairments navigate stairs.,design a stairlift,Design,centaur,3
centaur_170,You are introduced to a robot that can learn and think like humans. What scientific questions could you ask about this?,what are its capabilities?,SCTT-ResearchQuestion,centaur,4
centaur_170,Develop as many design ideas as you can to reduce traffic congestion in mega cities.,implement a rideshare program,Design,centaur,4
centaur_170,BUCKET,flip the bucket over and sit on it.,AUT,centaur,8
centaur_170,You notice that the water in one lake is warmer than the water in another lake even though they both get the same amount of sunlight. What hypotheses do you have about why that is?,the water temperature depends on the depth of the lake,SCTT-Hypothesis,centaur,10
centaur_170,pen-paper-story,he wrote a story on the piece of paper with his pen.,Story,centaur,12
centaur_170,bridge-river-cross,we crossed the river by walking across the bridge.,Story,centaur,9
centaur_171,Develop as many design ideas as you can to reduce traffic congestion in mega cities.,tunnel,Design,centaur,1
centaur_171,You notice that the water in one lake is warmer than the water in another lake even though they both get the same amount of sunlight. What hypotheses do you have about why that is?,The first lake has more algae which makes it warmer.,SCTT-Hypothesis,centaur,10
centaur_171,bridge-river-cross,I crossed the bridge over the river to read my book.,Story,centaur,11
centaur_171,Develop as many design ideas as you can to assist people with memory impairments remember important tasks.,Smartphone reminders.,Design,centaur,2
centaur_171,pen-paper-story,A pen on paper told a story.,Story,centaur,7
centaur_171,You are introduced to a robot that can learn and think like humans. What scientific questions could you ask about this?,Does it actually think like a human?,SCTT-ResearchQuestion,centaur,7
centaur_171,mirror-face-reflection,My face was reflected in the mirror.,Story,centaur,7
centaur_171,Develop as many design ideas as you can to help people with mobility impairments navigate stairs.,Lifts,Design,centaur,1
centaur_171,You travel on a spaceship to a new planet outside of our galaxy. What scientific questions could you ask about this planet?,Is there life on this planet?,SCTT-ResearchQuestion,centaur,6
centaur_171,BRICK,Build houses,AUT,centaur,2
centaur_171,Develop as many design ideas as you can to increase the use of renewable energy sources.,Solar panels,Design,centaur,2
centaur_171,PENCIL,Dig holes,AUT,centaur,2
centaur_171,KNIFE,Open a can,AUT,centaur,3
centaur_171,key-door-lock,He unlocked his door with his key.,Story,centaur,7
centaur_171,BUCKET,Carry water,AUT,centaur,2
centaur_171,You look outside one night and see stars disappearing one by one from the sky. What hypotheses do you have about why that is?,Aliens,SCTT-Hypothesis,centaur,1
centaur_172,You travel on a spaceship to a new planet outside of our galaxy. What scientific questions could you ask about this planet?,Is there life on the planet?,SCTT-ResearchQuestion,centaur,6
centaur_172,Develop as many design ideas as you can to help people with mobility impairments navigate stairs.,create stair lifts,Design,centaur,3
centaur_172,Develop as many design ideas as you can to reduce traffic congestion in mega cities.,improve public transport,Design,centaur,3
centaur_172,mirror-face-reflection,The mirror shows my reflection but I am not there.,Story,centaur,10
centaur_172,key-door-lock,A key opened the door and it was locked again.,Story,centaur,10
centaur_172,Develop as many design ideas as you can to assist people with memory impairments remember important tasks.,create an app,Design,centaur,3
centaur_172,PENCIL,pencil as a weapon,AUT,centaur,4
centaur_172,Develop as many design ideas as you can to increase the use of renewable energy sources.,make clean energy cheaper,Design,centaur,4
centaur_172,You look outside one night and see stars disappearing one by one from the sky. What hypotheses do you have about why that is?,the moon is passing between us and the stars,SCTT-Hypothesis,centaur,9
centaur_172,KNIFE,knife as a screwdriver,AUT,centaur,4
centaur_172,BRICK,brick as a paperweight,AUT,centaur,4
centaur_172,bridge-river-cross,We cross the river over the bridge,Story,centaur,7
centaur_172,You notice that the water in one lake is warmer than the water in another lake even though they both get the same amount of sunlight. What hypotheses do you have about why that is?,a hot spring heats up the first lake more than the second lake,SCTT-Hypothesis,centaur,13
centaur_172,BUCKET,bucket as a stool,AUT,centaur,4
centaur_172,You are introduced to a robot that can learn and think like humans. What scientific questions could you ask about this?,Can we teach robots to do things?,SCTT-ResearchQuestion,centaur,7
centaur_172,pen-paper-story,My pen writes a story on paper,Story,centaur,7
centaur_173,BUCKET,You could put it upside down and use it as a chair.,AUT,centaur,12
centaur_173,PENCIL,Use it as a drumstick when playing the drums.,AUT,centaur,9
centaur_173,KNIFE,You could use it to defend yourself if someone were attacking you.,AUT,centaur,12
centaur_173,mirror-face-reflection,A woman looks into the mirror and sees her own reflection staring back at her.,Story,centaur,15
centaur_173,You are introduced to a robot that can learn and think like humans. What scientific questions could you ask about this?,How does its brain work?,SCTT-ResearchQuestion,centaur,5
centaur_173,pen-paper-story,The man wrote his story on paper with his favorite pen.,Story,centaur,11
centaur_173,You travel on a spaceship to a new planet outside of our galaxy. What scientific questions could you ask about this planet?,What is the temperature on this planet? How many moons does it have?,SCTT-ResearchQuestion,centaur,13
centaur_173,key-door-lock,He used the key to unlock the door and lock it behind him after leaving.,Story,centaur,15
centaur_173,You notice that the water in one lake is warmer than the water in another lake even though they both get the same amount of sunlight. What hypotheses do you have about why that is?,"There are more fish swimming in one lake, which increases the temperature because there is less room for them all to swim.",SCTT-Hypothesis,centaur,22
centaur_173,Develop as many design ideas as you can to help people with mobility impairments navigate stairs.,Build a ramp on either side of the stairs so they can still move up and down the steps.,Design,centaur,19
centaur_173,Develop as many design ideas as you can to reduce traffic congestion in mega cities.,Make every car electric and change all gas stations to charging stations.,Design,centaur,12
centaur_173,bridge-river-cross,She crossed the river over the bridge to meet her friend who was waiting on the other side.,Story,centaur,18
centaur_173,Develop as many design ideas as you can to increase the use of renewable energy sources.,Create a solar power plant that takes up the size of a small town and powers half the city.,Design,centaur,19
centaur_173,Develop as many design ideas as you can to assist people with memory impairments remember important tasks.,Give them a watch with alarms set throughout the day.,Design,centaur,10
centaur_173,You look outside one night and see stars disappearing one by one from the sky. What hypotheses do you have about why that is?,Someone created a machine that sucks up all the light coming from the sun.,SCTT-Hypothesis,centaur,14
centaur_173,BRICK,You could use it to make a fireplace.,AUT,centaur,8
centaur_174,Develop as many design ideas as you can to increase the use of renewable energy sources.,Solar powered cars.,Design,centaur,3
centaur_174,PENCIL,Use it as a drumstick.,AUT,centaur,5
centaur_174,Develop as many design ideas as you can to help people with mobility impairments navigate stairs.,Stair lifts,Design,centaur,2
centaur_174,BUCKET,A foot rest.,AUT,centaur,3
centaur_174,Develop as many design ideas as you can to reduce traffic congestion in mega cities.,Have certain times where only public transport can enter the city centre.,Design,centaur,12
centaur_174,pen-paper-story,I write my story with a pen on paper and so it goes.,Story,centaur,13
centaur_174,You notice that the water in one lake is warmer than the water in another lake even though they both get the same amount of sunlight. What hypotheses do you have about why that is?,The lakes are at different elevations,SCTT-Hypothesis,centaur,6
centaur_174,You look outside one night and see stars disappearing one by one from the sky. What hypotheses do you have about why that is?,Pollution has increased over time causing visibility issues,SCTT-Hypothesis,centaur,8
centaur_174,bridge-river-cross,I walked across the bridge over the river to cross to the other side,Story,centaur,14
centaur_174,BRICK,Use it as a doorstopper,AUT,centaur,5
centaur_174,Develop as many design ideas as you can to assist people with memory impairments remember important tasks.,Use an app on your phone that reminds you when it's time for something.,Design,centaur,14
centaur_174,key-door-lock,I locked the door with my key before leaving home,Story,centaur,10
centaur_174,You are introduced to a robot that can learn and think like humans. What scientific questions could you ask about this?,What is its operating system?,SCTT-ResearchQuestion,centaur,5
centaur_174,mirror-face-reflection,"When I looked into the mirror, I saw my reflection looking back at me.",Story,centaur,14
centaur_174,You travel on a spaceship to a new planet outside of our galaxy. What scientific questions could you ask about this planet?,How does life evolve on this planet? Is it similar to earth?,SCTT-ResearchQuestion,centaur,12
centaur_174,KNIFE,Use it as a pencil sharpener,AUT,centaur,6
centaur_175,bridge-river-cross,A young girl tries to cross a river over a rickety old bridge.,Story,centaur,13
centaur_175,Develop as many design ideas as you can to help people with mobility impairments navigate stairs.,Create a stair lift.,Design,centaur,4
centaur_175,Develop as many design ideas as you can to reduce traffic congestion in mega cities.,Create a subway system that runs underneath major highways.,Design,centaur,9
centaur_175,pen-paper-story,An author writes down his ideas on paper before publishing them into books.,Story,centaur,13
centaur_175,PENCIL,Use it as a weapon.,AUT,centaur,5
centaur_175,You travel on a spaceship to a new planet outside of our galaxy. What scientific questions could you ask about this planet?,Is there life on the planet? What are the conditions like on the planet?,SCTT-ResearchQuestion,centaur,14
centaur_175,key-door-lock,A person needs to unlock their door but first must find their keys.,Story,centaur,13
centaur_175,Develop as many design ideas as you can to increase the use of renewable energy sources.,Create solar panels and place them everywhere.,Design,centaur,7
centaur_175,You are introduced to a robot that can learn and think like humans. What scientific questions could you ask about this?,How does it work? Can I interact with it?,SCTT-ResearchQuestion,centaur,9
centaur_175,mirror-face-reflection,A woman looks at herself in the mirror while she puts her makeup on.,Story,centaur,14
centaur_175,Develop as many design ideas as you can to assist people with memory impairments remember important tasks.,Attach a GPS tracking device to people so they don't lose their way home.,Design,centaur,14
centaur_175,You look outside one night and see stars disappearing one by one from the sky. What hypotheses do you have about why that is?,Maybe there's a big meteorite flying through space that's blocking out the light from the sun?,SCTT-Hypothesis,centaur,16
centaur_175,You notice that the water in one lake is warmer than the water in another lake even though they both get the same amount of sunlight. What hypotheses do you have about why that is?,The other lake might not be as deep which would cause it to heat up faster.,SCTT-Hypothesis,centaur,16
centaur_175,BRICK,Break it open and create a mosaic with it.,AUT,centaur,9
centaur_175,KNIFE,Shave your hair with it.,AUT,centaur,5
centaur_175,BUCKET,Turn it upside down and fill it with soil and plant seeds inside.,AUT,centaur,13
centaur_176,BRICK,A brick could be used as a paperweight!,AUT,centaur,8
centaur_176,Develop as many design ideas as you can to help people with mobility impairments navigate stairs.,Build an escalator!,Design,centaur,3
centaur_176,mirror-face-reflection,"When I looked at my reflection in the mirror, I saw a face that didn't resemble mine. The next day it was gone, but I still felt a sense of unease. Where did she go? Who was she?",Story,centaur,38
centaur_176,You notice that the water in one lake is warmer than the water in another lake even though they both get the same amount of sunlight. What hypotheses do you have about why that is?,"Maybe there's more organic matter in the other lake which causes it to heat up faster. Or maybe its deeper so less sunlight reaches the bottom, and since the other is shallower it heats up faster.",SCTT-Hypothesis,centaur,36
centaur_176,pen-paper-story,"Once upon a time there was a story. This story had a beginning, a middle, and an end. There were many characters in this story. But no one could tell who wrote it.",Story,centaur,33
centaur_176,PENCIL,"You could use a pencil to prop open your door, or something else that needs propping open.",AUT,centaur,17
centaur_176,key-door-lock,"I put the key into the lock, but the door wouldn't budge. Maybe it wasn't locked? No. I tried again. Still nothing. I'd have to find another way inside.",Story,centaur,29
centaur_176,bridge-river-cross,"There was once a river that ran through a town. One day, someone built a bridge across the river. Now everyone could cross easily!",Story,centaur,24
centaur_176,You are introduced to a robot that can learn and think like humans. What scientific questions could you ask about this?,How does the robot process information? How long does it take them to come to conclusions? Can we communicate with them in a meaningful way?,SCTT-ResearchQuestion,centaur,25
centaur_176,BUCKET,"If you're out camping, you could make your own shower by filling a bucket full of water and punching holes in the bottom.",AUT,centaur,23
centaur_176,KNIFE,You could use a knife as a screwdriver if you didn't have one handy.,AUT,centaur,14
centaur_176,Develop as many design ideas as you can to assist people with memory impairments remember important tasks.,"Set up some kind of alert system, where the person receives regular text messages or phone calls reminding them to complete their tasks.",Design,centaur,23
centaur_176,Develop as many design ideas as you can to increase the use of renewable energy sources.,"Build solar panels everywhere possible. If every building had solar panels, the whole city would run off renewable energy.",Design,centaur,19
centaur_176,Develop as many design ideas as you can to reduce traffic congestion in mega cities.,"Build elevated roads above the ground-level ones, and use those for cars while the lower levels are for pedestrians and bicyclists.",Design,centaur,21
centaur_176,You travel on a spaceship to a new planet outside of our galaxy. What scientific questions could you ask about this planet?,What's the atmosphere like? Is there oxygen? Are there any life forms here? What is the gravitational pull like?,SCTT-ResearchQuestion,centaur,19
centaur_176,You look outside one night and see stars disappearing one by one from the sky. What hypotheses do you have about why that is?,Is there a massive storm brewing? Is there a meteor crashing down onto earth? Is the sun dying?,SCTT-Hypothesis,centaur,18
centaur_177,Develop as many design ideas as you can to increase the use of renewable energy sources.,Use solar panels,Design,centaur,3
centaur_177,pen-paper-story,The pen writes a story about paper.,Story,centaur,7
centaur_177,You look outside one night and see stars disappearing one by one from the sky. What hypotheses do you have about why that is?,The air pollution is blocking out the sun's light.,SCTT-Hypothesis,centaur,9
centaur_177,BUCKET,A rocket ship,AUT,centaur,3
centaur_177,Develop as many design ideas as you can to help people with mobility impairments navigate stairs.,A stair chair lift,Design,centaur,4
centaur_177,key-door-lock,I locked my door with a key so no one can come inside.,Story,centaur,13
centaur_177,You notice that the water in one lake is warmer than the water in another lake even though they both get the same amount of sunlight. What hypotheses do you have about why that is?,The first lake has more pollution which warms up quicker than the second lake.,SCTT-Hypothesis,centaur,14
centaur_177,mirror-face-reflection,"When I looked into the mirror, I saw someone else.",Story,centaur,10
centaur_177,Develop as many design ideas as you can to assist people with memory impairments remember important tasks.,An alarm clock,Design,centaur,3
centaur_177,Develop as many design ideas as you can to reduce traffic congestion in mega cities.,Have self driving cars,Design,centaur,4
centaur_177,You travel on a spaceship to a new planet outside of our galaxy. What scientific questions could you ask about this planet?,Is there oxygen?,SCTT-ResearchQuestion,centaur,3
centaur_177,You are introduced to a robot that can learn and think like humans. What scientific questions could you ask about this?,How does it think?,SCTT-ResearchQuestion,centaur,4
centaur_177,bridge-river-cross,I crossed the river by going over the bridge.,Story,centaur,9
centaur_177,KNIFE,To chop wood,AUT,centaur,3
centaur_177,PENCIL,As a lever,AUT,centaur,3
centaur_177,BRICK,A flower pot,AUT,centaur,3
centaur_178,Develop as many design ideas as you can to increase the use of renewable energy sources.,,Design,centaur,0
centaur_178,You notice that the water in one lake is warmer than the water in another lake even though they both get the same amount of sunlight. What hypotheses do you have about why that is?,,SCTT-Hypothesis,centaur,0
centaur_178,bridge-river-cross,,Story,centaur,0
centaur_178,BRICK,,AUT,centaur,0
centaur_178,BUCKET,,AUT,centaur,0
centaur_178,key-door-lock,,Story,centaur,0
centaur_178,Develop as many design ideas as you can to assist people with memory impairments remember important tasks.,,Design,centaur,0
centaur_178,KNIFE,,AUT,centaur,0
centaur_178,mirror-face-reflection,,Story,centaur,0
centaur_178,You travel on a spaceship to a new planet outside of our galaxy. What scientific questions could you ask about this planet?,,SCTT-ResearchQuestion,centaur,0
centaur_178,PENCIL,,AUT,centaur,0
centaur_178,pen-paper-story,,Story,centaur,0
centaur_178,Develop as many design ideas as you can to reduce traffic congestion in mega cities.,,Design,centaur,0
centaur_178,You are introduced to a robot that can learn and think like humans. What scientific questions could you ask about this?,,SCTT-ResearchQuestion,centaur,0
centaur_178,You look outside one night and see stars disappearing one by one from the sky. What hypotheses do you have about why that is?,,SCTT-Hypothesis,centaur,0
centaur_178,Develop as many design ideas as you can to help people with mobility impairments navigate stairs.,,Design,centaur,0
centaur_179,Develop as many design ideas as you can to increase the use of renewable energy sources.,,Design,centaur,0
centaur_179,BUCKET,,AUT,centaur,0
centaur_179,PENCIL,,AUT,centaur,0
centaur_179,You travel on a spaceship to a new planet outside of our galaxy. What scientific questions could you ask about this planet?,,SCTT-ResearchQuestion,centaur,0
centaur_179,You are introduced to a robot that can learn and think like humans. What scientific questions could you ask about this?,,SCTT-ResearchQuestion,centaur,0
centaur_179,mirror-face-reflection,,Story,centaur,0
centaur_179,Develop as many design ideas as you can to assist people with memory impairments remember important tasks.,,Design,centaur,0
centaur_179,BRICK,,AUT,centaur,0
centaur_179,You notice that the water in one lake is warmer than the water in another lake even though they both get the same amount of sunlight. What hypotheses do you have about why that is?,,SCTT-Hypothesis,centaur,0
centaur_179,bridge-river-cross,,Story,centaur,0
centaur_179,key-door-lock,,Story,centaur,0
centaur_179,KNIFE,,AUT,centaur,0
centaur_179,Develop as many design ideas as you can to help people with mobility impairments navigate stairs.,,Design,centaur,0
centaur_179,Develop as many design ideas as you can to reduce traffic congestion in mega cities.,,Design,centaur,0
centaur_179,pen-paper-story,,Story,centaur,0
centaur_179,You look outside one night and see stars disappearing one by one from the sky. What hypotheses do you have about why that is?,,SCTT-Hypothesis,centaur,0
centaur_180,You look outside one night and see stars disappearing one by one from the sky. What hypotheses do you have about why that is?,The sun has dimmed and no longer provides enough light to reach the Earth.,SCTT-Hypothesis,centaur,14
centaur_180,Develop as many design ideas as you can to reduce traffic congestion in mega cities.,Autonomous cars that only drive at certain times of day.,Design,centaur,10
centaur_180,Develop as many design ideas as you can to assist people with memory impairments remember important tasks.,A smart watch or phone app with reminders,Design,centaur,8
centaur_180,PENCIL,As a weapon,AUT,centaur,3
centaur_180,pen-paper-story,I wrote my story with a pencil. Then I used paper to make it into a book. My story was complete so I put it away.,Story,centaur,26
centaur_180,bridge-river-cross,There was a river. People had to cross the river. They built a bridge to cross it.,Story,centaur,17
centaur_180,KNIFE,To cut a tomato,AUT,centaur,4
centaur_180,key-door-lock,The key unlocks the door. It locks it as well. The lock keeps the door closed until the key is inserted.,Story,centaur,21
centaur_180,You are introduced to a robot that can learn and think like humans. What scientific questions could you ask about this?,How does it function?,SCTT-ResearchQuestion,centaur,4
centaur_180,Develop as many design ideas as you can to help people with mobility impairments navigate stairs.,An escalator,Design,centaur,2
centaur_180,BRICK,Build a wall,AUT,centaur,3
centaur_180,mirror-face-reflection,I looked in the mirror and saw myself. But then I started to think I was not who I thought I was. Was I really there? Who was I?,Story,centaur,29
centaur_180,You travel on a spaceship to a new planet outside of our galaxy. What scientific questions could you ask about this planet?,Is it habitable?,SCTT-ResearchQuestion,centaur,3
centaur_180,BUCKET,Carry paint,AUT,centaur,2
centaur_180,You notice that the water in one lake is warmer than the water in another lake even though they both get the same amount of sunlight. What hypotheses do you have about why that is?,The first lake receives more heat from underground volcanic activity.,SCTT-Hypothesis,centaur,10
centaur_180,Develop as many design ideas as you can to increase the use of renewable energy sources.,More solar panels,Design,centaur,3
centaur_181,You travel on a spaceship to a new planet outside of our galaxy. What scientific questions could you ask about this planet?,,SCTT-ResearchQuestion,centaur,0
centaur_181,You notice that the water in one lake is warmer than the water in another lake even though they both get the same amount of sunlight. What hypotheses do you have about why that is?,,SCTT-Hypothesis,centaur,0
centaur_181,Develop as many design ideas as you can to increase the use of renewable energy sources.,,Design,centaur,0
centaur_181,You are introduced to a robot that can learn and think like humans. What scientific questions could you ask about this?,,SCTT-ResearchQuestion,centaur,0
centaur_181,key-door-lock,,Story,centaur,0
centaur_181,Develop as many design ideas as you can to help people with mobility impairments navigate stairs.,,Design,centaur,0
centaur_181,Develop as many design ideas as you can to assist people with memory impairments remember important tasks.,,Design,centaur,0
centaur_181,BUCKET,,AUT,centaur,0
centaur_181,KNIFE,,AUT,centaur,0
centaur_181,bridge-river-cross,,Story,centaur,0
centaur_181,Develop as many design ideas as you can to reduce traffic congestion in mega cities.,,Design,centaur,0
centaur_181,BRICK,,AUT,centaur,0
centaur_181,PENCIL,,AUT,centaur,0
centaur_181,You look outside one night and see stars disappearing one by one from the sky. What hypotheses do you have about why that is?,,SCTT-Hypothesis,centaur,0
centaur_181,pen-paper-story,,Story,centaur,0
centaur_181,mirror-face-reflection,,Story,centaur,0
centaur_182,You look outside one night and see stars disappearing one by one from the sky. What hypotheses do you have about why that is?,The stars are being pulled into a black hole.,SCTT-Hypothesis,centaur,9
centaur_182,You notice that the water in one lake is warmer than the water in another lake even though they both get the same amount of sunlight. What hypotheses do you have about why that is?,One lake has more salt content which makes it warm up faster than the other lake.,SCTT-Hypothesis,centaur,16
centaur_182,bridge-river-cross,I cross the bridge over the river where I love to fish.,Story,centaur,12
centaur_182,key-door-lock,I lock my door when I leave but I forget my keys inside so I need to unlock it.,Story,centaur,19
centaur_182,BRICK,Build a house out of bricks,AUT,centaur,6
centaur_182,mirror-face-reflection,I look at myself in the mirror every day after taking a shower.,Story,centaur,13
centaur_182,Develop as many design ideas as you can to assist people with memory impairments remember important tasks.,Wear a bracelet with a reminder written on it,Design,centaur,9
centaur_182,Develop as many design ideas as you can to help people with mobility impairments navigate stairs.,Have stairs with handrails and wider steps.,Design,centaur,7
centaur_182,Develop as many design ideas as you can to reduce traffic congestion in mega cities.,Create an efficient public transportation system.,Design,centaur,6
centaur_182,PENCIL,Use a pencil as a support beam in a building.,AUT,centaur,10
centaur_182,You travel on a spaceship to a new planet outside of our galaxy. What scientific questions could you ask about this planet?,Is there life on this planet?,SCTT-ResearchQuestion,centaur,6
centaur_182,BUCKET,Carry dirt in a bucket and then plant flowers in it.,AUT,centaur,11
centaur_182,Develop as many design ideas as you can to increase the use of renewable energy sources.,Provide tax incentives for solar panel installation.,Design,centaur,7
centaur_182,pen-paper-story,I write stories with paper and pens.,Story,centaur,7
centaur_182,KNIFE,Use knives to cut wood.,AUT,centaur,5
centaur_182,You are introduced to a robot that can learn and think like humans. What scientific questions could you ask about this?,Can it feel emotions?,SCTT-ResearchQuestion,centaur,4
centaur_183,Develop as many design ideas as you can to help people with mobility impairments navigate stairs.,ADD A RAILING THAT CAN BE MOVED UP AND DOWN LIKE A DRAWBRIDGE TO ALLOW FOR MORE SPACE WHEN NEEDED.,Design,centaur,20
centaur_183,You look outside one night and see stars disappearing one by one from the sky. What hypotheses do you have about why that is?,THE STARS ARE BEING EATEN BY SOMETHING IN SPACE (A BLACK HOLE?),SCTT-Hypothesis,centaur,12
centaur_183,BUCKET,USE AS AN END TABLE TO HOLD PLANTS OR OTHER ITEMS ON TOP OF IT.,AUT,centaur,15
centaur_183,bridge-river-cross,I WALKED ACROSS THE LONG BRIDGE OVER THE WATER. BUT THEN A BOAT CAME UNDERNEATH SO I HAD TO JUMP OFF INTO THE RIVER.,Story,centaur,24
centaur_183,PENCIL,CHOPSTICKS FOR COOKING FOOD.,AUT,centaur,4
centaur_183,KNIFE,OPENING JAR LIDS WHEN YOUR HANDS SLIP FROM SWEATY PALMS.,AUT,centaur,10
centaur_183,Develop as many design ideas as you can to reduce traffic congestion in mega cities.,DESIGN STREETS THAT ARE DESIGNED LIKE A MAZE TO MAKE DRIVERS GO THROUGH TWISTY TURNS.,Design,centaur,15
centaur_183,mirror-face-reflection,HE LOOKED AT HIS FACE IN THE MIRROR BUT DID NOT SEE HIMSELF. HE ONLY SAW THE IMAGE OF SOMEONE ELSE.,Story,centaur,21
centaur_183,key-door-lock,I TRIED TO UNLOCK MY DOOR WITH THE KEY BUT IT WAS TOO WEAK. I HAD TO FORCEFULLY PUSH IT TO OPEN THE DOOR.,Story,centaur,24
centaur_183,Develop as many design ideas as you can to assist people with memory impairments remember important tasks.,ALARM CLOCK SETTING REMINDERS EVERY FEW MINUTES.,Design,centaur,7
centaur_183,You notice that the water in one lake is warmer than the water in another lake even though they both get the same amount of sunlight. What hypotheses do you have about why that is?,THERE IS A HOT SPRING IN THE LAKE THAT WARMS IT UP.,SCTT-Hypothesis,centaur,12
centaur_183,BRICK,PLACE A FLAT BRICK ON THE GROUND AND PLAY CHECKERS WITH PIECES OF ROCKS.,AUT,centaur,14
centaur_183,Develop as many design ideas as you can to increase the use of renewable energy sources.,CREATE SMALL WINDMILLS THAT PEOPLE CAN AFFIX TO THEIR HOUSES FOR PERSONAL ENERGY GENERATION.,Design,centaur,14
centaur_183,pen-paper-story,SHE WROTE HER STORY ON A BLANK PIECE OF PAPER USING A PEN. BUT AFTERWARDS THE INK FADED AWAY.,Story,centaur,19
centaur_183,You travel on a spaceship to a new planet outside of our galaxy. What scientific questions could you ask about this planet?,DOES THIS PLANET HAVE OXYGEN? DOES IT SUPPORT LIFE?,SCTT-ResearchQuestion,centaur,9
centaur_183,You are introduced to a robot that can learn and think like humans. What scientific questions could you ask about this?,HOW CLOSELY DO ROBOTS THINK AND LEARN LIKE HUMANS?,SCTT-ResearchQuestion,centaur,9
centaur_184,pen-paper-story,,Story,centaur,0
centaur_184,BUCKET,,AUT,centaur,0
centaur_184,PENCIL,,AUT,centaur,0
centaur_184,You travel on a spaceship to a new planet outside of our galaxy. What scientific questions could you ask about this planet?,,SCTT-ResearchQuestion,centaur,0
centaur_184,BRICK,,AUT,centaur,0
centaur_184,Develop as many design ideas as you can to reduce traffic congestion in mega cities.,,Design,centaur,0
centaur_184,Develop as many design ideas as you can to increase the use of renewable energy sources.,,Design,centaur,0
centaur_184,You notice that the water in one lake is warmer than the water in another lake even though they both get the same amount of sunlight. What hypotheses do you have about why that is?,,SCTT-Hypothesis,centaur,0
centaur_184,You look outside one night and see stars disappearing one by one from the sky. What hypotheses do you have about why that is?,,SCTT-Hypothesis,centaur,0
centaur_184,Develop as many design ideas as you can to help people with mobility impairments navigate stairs.,,Design,centaur,0
centaur_184,KNIFE,,AUT,centaur,0
centaur_184,Develop as many design ideas as you can to assist people with memory impairments remember important tasks.,,Design,centaur,0
centaur_184,You are introduced to a robot that can learn and think like humans. What scientific questions could you ask about this?,,SCTT-ResearchQuestion,centaur,0
centaur_184,key-door-lock,,Story,centaur,0
centaur_184,bridge-river-cross,,Story,centaur,0
centaur_184,mirror-face-reflection,,Story,centaur,0
centaur_185,bridge-river-cross,"The bridge connects two sides of the river. When you cross it, you are able to see all of nature surrounding you.",Story,centaur,22
centaur_185,You travel on a spaceship to a new planet outside of our galaxy. What scientific questions could you ask about this planet?,How does gravity work on this planet? Is there any water on this planet?,SCTT-ResearchQuestion,centaur,14
centaur_185,PENCIL,You can use a pencil as a microphone when you sing!,AUT,centaur,11
centaur_185,You notice that the water in one lake is warmer than the water in another lake even though they both get the same amount of sunlight. What hypotheses do you have about why that is?,I believe the warm lake has a higher salinity level.,SCTT-Hypothesis,centaur,10
centaur_185,BRICK,"You can use bricks to make buildings, walls, and walkways.",AUT,centaur,10
centaur_185,Develop as many design ideas as you can to assist people with memory impairments remember important tasks.,A mobile app where family members can send reminders to loved ones who need them,Design,centaur,15
centaur_185,Develop as many design ideas as you can to help people with mobility impairments navigate stairs.,There needs to be an elevator system installed next to every flight of stairs so those who cannot climb stairs have access to multiple floors.,Design,centaur,25
centaur_185,Develop as many design ideas as you can to reduce traffic congestion in mega cities.,I would remove car lanes and create bike only lanes instead.,Design,centaur,11
centaur_185,Develop as many design ideas as you can to increase the use of renewable energy sources.,Solar panels should be mandatory for all businesses,Design,centaur,8
centaur_185,pen-paper-story,"With paper and pen, you can write any story you want.",Story,centaur,11
centaur_185,mirror-face-reflection,"When I looked into my reflection, I saw my face staring back at me. This was me.",Story,centaur,17
centaur_185,key-door-lock,You must unlock the door before entering the room.,Story,centaur,9
centaur_185,BUCKET,You can fill buckets with water during a flood and dump them outside.,AUT,centaur,13
centaur_185,KNIFE,You can cut your hair with a knife if you don't have scissors,AUT,centaur,13
centaur_185,You are introduced to a robot that can learn and think like humans. What scientific questions could you ask about this?,Can robots feel pain and emotions? Can robots dream?,SCTT-ResearchQuestion,centaur,9
centaur_185,You look outside one night and see stars disappearing one by one from the sky. What hypotheses do you have about why that is?,Aliens are stealing the stars,SCTT-Hypothesis,centaur,5
centaur_186,pen-paper-story,The pencil writes a love letter to paper. Paper responds. They go on a date.,Story,centaur,15
centaur_186,Develop as many design ideas as you can to help people with mobility impairments navigate stairs.,An elevator,Design,centaur,2
centaur_186,BRICK,A step ladder,AUT,centaur,3
centaur_186,You are introduced to a robot that can learn and think like humans. What scientific questions could you ask about this?,How long does it take to learn a specific language?,SCTT-ResearchQuestion,centaur,10
centaur_186,You look outside one night and see stars disappearing one by one from the sky. What hypotheses do you have about why that is?,"It's a visual effect caused by an eclipse, where the sun passes over the moon which causes the light to fade out.",SCTT-Hypothesis,centaur,22
centaur_186,bridge-river-cross,I walk across the bridge to cross the river. I keep my head down so I don't fall off into the river.,Story,centaur,22
centaur_186,Develop as many design ideas as you can to increase the use of renewable energy sources.,Make solar panels more affordable for everyone to buy,Design,centaur,9
centaur_186,mirror-face-reflection,I look at myself in the reflection of the mirror. I turn around and look behind me but no one is there. I look back again and someone else is looking back at me.,Story,centaur,34
centaur_186,Develop as many design ideas as you can to assist people with memory impairments remember important tasks.,A device that will send reminders to your phone when you need to do something,Design,centaur,15
centaur_186,You travel on a spaceship to a new planet outside of our galaxy. What scientific questions could you ask about this planet?,Is life sustainable here? Do we have all of the resources necessary to survive?,SCTT-ResearchQuestion,centaur,14
centaur_186,Develop as many design ideas as you can to reduce traffic congestion in mega cities.,Use public transportation instead of driving individually,Design,centaur,7
centaur_186,PENCIL,A drum stick,AUT,centaur,3
centaur_186,key-door-lock,I put the key in the door lock but it doesn't open. I try again but still nothing happens. I check if I'm at the right house and realize it's not mine.,Story,centaur,32
centaur_186,BUCKET,Stool,AUT,centaur,1
centaur_186,You notice that the water in one lake is warmer than the water in another lake even though they both get the same amount of sunlight. What hypotheses do you have about why that is?,One lake has a larger body of water than the other and therefore heats up faster,SCTT-Hypothesis,centaur,16
centaur_186,KNIFE,Use as a weapon,AUT,centaur,4
centaur_187,Develop as many design ideas as you can to assist people with memory impairments remember important tasks.,The person could wear a bracelet that buzzes when it's time to perform a certain task.,Design,centaur,16
centaur_187,Develop as many design ideas as you can to reduce traffic congestion in mega cities.,Increase public transportation so that more people ride buses instead of driving their own cars,Design,centaur,15
centaur_187,Develop as many design ideas as you can to help people with mobility impairments navigate stairs.,A stair lift can help them move up the stairs without too much effort.,Design,centaur,14
centaur_187,You travel on a spaceship to a new planet outside of our galaxy. What scientific questions could you ask about this planet?,Is there oxygen? Does life exist here?,SCTT-ResearchQuestion,centaur,7
centaur_187,pen-paper-story,They wrote a story on paper and shared it through the internet.,Story,centaur,12
centaur_187,bridge-river-cross,I cross the river over the bridge to meet my friend on the other side.,Story,centaur,15
centaur_187,BUCKET,It holds sand and makes a sandbox for kids to play in.,AUT,centaur,12
centaur_187,Develop as many design ideas as you can to increase the use of renewable energy sources.,Create incentives for people to install solar panels on their roofs.,Design,centaur,11
centaur_187,You notice that the water in one lake is warmer than the water in another lake even though they both get the same amount of sunlight. What hypotheses do you have about why that is?,There might be a dam blocking the flow of water to the first lake.,SCTT-Hypothesis,centaur,14
centaur_187,PENCIL,Sharpen it into a spear and use it as a weapon.,AUT,centaur,11
centaur_187,You are introduced to a robot that can learn and think like humans. What scientific questions could you ask about this?,How was this robot created? Was it built or did it evolve naturally?,SCTT-ResearchQuestion,centaur,13
centaur_187,KNIFE,Use it as a tool to dig holes in the ground.,AUT,centaur,11
centaur_187,BRICK,Use bricks to create a house made out of lego blocks.,AUT,centaur,11
centaur_187,key-door-lock,I open the door with my key and lock it behind me once inside my home.,Story,centaur,16
centaur_187,mirror-face-reflection,I looked into the mirror and saw myself staring back at me.,Story,centaur,12
centaur_187,You look outside one night and see stars disappearing one by one from the sky. What hypotheses do you have about why that is?,Perhaps something is blocking the light from the stars so we cannot see them anymore.,SCTT-Hypothesis,centaur,15
centaur_188,BUCKET,```,AUT,centaur,1
centaur_188,You travel on a spaceship to a new planet outside of our galaxy. What scientific questions could you ask about this planet?,```,SCTT-ResearchQuestion,centaur,1
centaur_188,You look outside one night and see stars disappearing one by one from the sky. What hypotheses do you have about why that is?,```,SCTT-Hypothesis,centaur,1
centaur_188,Develop as many design ideas as you can to help people with mobility impairments navigate stairs.,```,Design,centaur,1
centaur_188,key-door-lock,```,Story,centaur,1
centaur_188,mirror-face-reflection,```,Story,centaur,1
centaur_188,You are introduced to a robot that can learn and think like humans. What scientific questions could you ask about this?,```,SCTT-ResearchQuestion,centaur,1
centaur_188,KNIFE,```,AUT,centaur,1
centaur_188,bridge-river-cross,```,Story,centaur,1
centaur_188,BRICK,```,AUT,centaur,1
centaur_188,You notice that the water in one lake is warmer than the water in another lake even though they both get the same amount of sunlight. What hypotheses do you have about why that is?,```,SCTT-Hypothesis,centaur,1
centaur_188,Develop as many design ideas as you can to assist people with memory impairments remember important tasks.,```,Design,centaur,1
centaur_188,Develop as many design ideas as you can to increase the use of renewable energy sources.,```,Design,centaur,1
centaur_188,Develop as many design ideas as you can to reduce traffic congestion in mega cities.,```,Design,centaur,1
centaur_188,pen-paper-story,```,Story,centaur,1
centaur_188,PENCIL,```,AUT,centaur,1
centaur_189,PENCIL,SCENARIO: PENCIL,AUT,centaur,2
centaur_189,BUCKET,SCENARIO: BUCKET,AUT,centaur,2
centaur_189,pen-paper-story,SCENARIO: pen-paper-story,Story,centaur,2
centaur_189,Develop as many design ideas as you can to help people with mobility impairments navigate stairs.,SCENARIO: help people with mobility impairments navigate stairs.,Design,centaur,8
centaur_189,Develop as many design ideas as you can to assist people with memory impairments remember important tasks.,SCENARIO: assist people with memory impairments remember important tasks.,Design,centaur,9
centaur_189,BRICK,SCENARIO: BRICK,AUT,centaur,2
centaur_189,You notice that the water in one lake is warmer than the water in another lake even though they both get the same amount of sunlight. What hypotheses do you have about why that is?,SCENARIO: You notice that the water in one lake is warmer than the water in another lake even though they both get the same amount of sunlight. What hypotheses do you have about why that is?,SCTT-Hypothesis,centaur,36
centaur_189,You are introduced to a robot that can learn and think like humans. What scientific questions could you ask about this?,SCENARIO: You are introduced to a robot that can learn and think like humans. What scientific questions could you ask about this?,SCTT-ResearchQuestion,centaur,22
centaur_189,mirror-face-reflection,SCENARIO: mirror-face-reflection,Story,centaur,2
centaur_189,You travel on a spaceship to a new planet outside of our galaxy. What scientific questions could you ask about this planet?,SCENARIO: You travel on a spaceship to a new planet outside of our galaxy. What scientific questions could you ask about this planet?,SCTT-ResearchQuestion,centaur,23
centaur_189,Develop as many design ideas as you can to reduce traffic congestion in mega cities.,SCENARIO: reduce traffic congestion in mega cities.,Design,centaur,7
centaur_189,key-door-lock,SCENARIO: key-door-lock,Story,centaur,2
centaur_189,Develop as many design ideas as you can to increase the use of renewable energy sources.,SCENARIO: increase the use of renewable energy sources.,Design,centaur,8
centaur_189,You look outside one night and see stars disappearing one by one from the sky. What hypotheses do you have about why that is?,SCENARIO: You look outside one night and see stars disappearing one by one from the sky. What hypotheses do you have about why that is?,SCTT-Hypothesis,centaur,25
centaur_189,KNIFE,SCENARIO: KNIFE,AUT,centaur,2
centaur_189,bridge-river-cross,SCENARIO: bridge-river-cross,Story,centaur,2
centaur_190,You look outside one night and see stars disappearing one by one from the sky. What hypotheses do you have about why that is?,A large star has gone supernova causing a wave of destruction throughout the universe.,SCTT-Hypothesis,centaur,14
centaur_190,Develop as many design ideas as you can to increase the use of renewable energy sources.,Build more solar panels to harness the sun's power.,Design,centaur,9
centaur_190,key-door-lock,I looked into my room and saw a key on top of the door frame. It was locked so I had to unlock it before going inside.,Story,centaur,27
centaur_190,You notice that the water in one lake is warmer than the water in another lake even though they both get the same amount of sunlight. What hypotheses do you have about why that is?,The first lake contains hot springs which heat up the surrounding water while the second does not.,SCTT-Hypothesis,centaur,17
centaur_190,Develop as many design ideas as you can to help people with mobility impairments navigate stairs.,Install an elevator system to transport people to higher levels.,Design,centaur,10
centaur_190,Develop as many design ideas as you can to assist people with memory impairments remember important tasks.,Make a wearable device that reminds people when their next appointment is.,Design,centaur,12
centaur_190,BUCKET,Use the bucket as a seat during camping trips.,AUT,centaur,9
centaur_190,You are introduced to a robot that can learn and think like humans. What scientific questions could you ask about this?,How long did it take for the robot to develop human-like intelligence?,SCTT-ResearchQuestion,centaur,12
centaur_190,bridge-river-cross,We went over a bridge that crossed the river. On the other side we crossed a small creek and continued walking until we reached our destination.,Story,centaur,26
centaur_190,BRICK,Use bricks to create roads.,AUT,centaur,5
centaur_190,pen-paper-story,I picked up a pencil and started writing down ideas for a story. As I wrote I realized that some of them were actually really good.,Story,centaur,26
centaur_190,PENCIL,Use the pencil as a weapon during a fight.,AUT,centaur,9
centaur_190,KNIFE,Use the knife to cut through rope.,AUT,centaur,7
centaur_190,Develop as many design ideas as you can to reduce traffic congestion in mega cities.,Create multiple routes into the city so cars can spread out.,Design,centaur,11
centaur_190,You travel on a spaceship to a new planet outside of our galaxy. What scientific questions could you ask about this planet?,Does the planet contain any life forms?,SCTT-ResearchQuestion,centaur,7
centaur_190,mirror-face-reflection,I looked at myself in the mirror but didn't recognize who I saw.,Story,centaur,13
centaur_191,KNIFE,A knife can be used as a lever or crowbar.,AUT,centaur,10
centaur_191,bridge-river-cross,I went across the river using the bridge but when I returned it was gone so I had to cross again!,Story,centaur,21
centaur_191,Develop as many design ideas as you can to help people with mobility impairments navigate stairs.,An escalator would solve the issue of climbing up stairs.,Design,centaur,10
centaur_191,Develop as many design ideas as you can to increase the use of renewable energy sources.,Solar panels and wind turbines can produce renewable electricity.,Design,centaur,9
centaur_191,You notice that the water in one lake is warmer than the water in another lake even though they both get the same amount of sunlight. What hypotheses do you have about why that is?,The first lake has dark sediment underneath which absorbs heat better.,SCTT-Hypothesis,centaur,11
centaur_191,key-door-lock,I turned my door key but the lock didn't open so I jiggled the handle.,Story,centaur,15
centaur_191,mirror-face-reflection,I looked into the mirror and saw my face reflected back at me.,Story,centaur,13
centaur_191,You travel on a spaceship to a new planet outside of our galaxy. What scientific questions could you ask about this planet?,Is there gravity? Are there oceans? Does it have an atmosphere?,SCTT-ResearchQuestion,centaur,11
centaur_191,pen-paper-story,I wrote down my thoughts and ideas onto paper using a pen.,Story,centaur,12
centaur_191,You are introduced to a robot that can learn and think like humans. What scientific questions could you ask about this?,How did it learn to be sentient? Can it feel emotions like us?,SCTT-ResearchQuestion,centaur,13
centaur_191,Develop as many design ideas as you can to reduce traffic congestion in mega cities.,More trains and buses will free up roads and reduce traffic.,Design,centaur,11
centaur_191,You look outside one night and see stars disappearing one by one from the sky. What hypotheses do you have about why that is?,There's a chemical reaction occurring in the atmosphere.,SCTT-Hypothesis,centaur,8
centaur_191,Develop as many design ideas as you can to assist people with memory impairments remember important tasks.,A calendar or planner will keep track of dates and times.,Design,centaur,11
centaur_191,BRICK,Bricks can be used to build structures or hold things down.,AUT,centaur,11
centaur_191,PENCIL,Pencils can draw or write down information.,AUT,centaur,7
centaur_191,BUCKET,Buckets can store liquids or catch rainwater.,AUT,centaur,7
centaur_192,You are introduced to a robot that can learn and think like humans. What scientific questions could you ask about this?,How does it make decisions?,SCTT-ResearchQuestion,centaur,5
centaur_192,pen-paper-story,A pen and paper is used to write a story about a pen and paper.,Story,centaur,15
centaur_192,Develop as many design ideas as you can to help people with mobility impairments navigate stairs.,Use ramps and/or elevators instead of stairs,Design,centaur,7
centaur_192,Develop as many design ideas as you can to assist people with memory impairments remember important tasks.,"Use reminder devices (e.g., alarms)",Design,centaur,5
centaur_192,PENCIL,It can be used as a back scratcher if sharpened correctly,AUT,centaur,11
centaur_192,Develop as many design ideas as you can to increase the use of renewable energy sources.,Implement solar panels on rooftops,Design,centaur,5
centaur_192,bridge-river-cross,I cross a river on a wooden bridge built across it,Story,centaur,11
centaur_192,You look outside one night and see stars disappearing one by one from the sky. What hypotheses do you have about why that is?,The sun is covered by clouds and there's no starlight,SCTT-Hypothesis,centaur,10
centaur_192,key-door-lock,I unlock my door with my house key and open the door,Story,centaur,12
centaur_192,BRICK,Use bricks as stepping stones to step over muddy areas,AUT,centaur,10
centaur_192,You notice that the water in one lake is warmer than the water in another lake even though they both get the same amount of sunlight. What hypotheses do you have about why that is?,The lakes may be at different altitudes and thus receive more/less sunlight,SCTT-Hypothesis,centaur,12
centaur_192,BUCKET,Use buckets as stools,AUT,centaur,4
centaur_192,mirror-face-reflection,When I look into a mirror I see myself looking at me,Story,centaur,12
centaur_192,Develop as many design ideas as you can to reduce traffic congestion in mega cities.,Build better roads to accommodate more cars,Design,centaur,7
centaur_192,You travel on a spaceship to a new planet outside of our galaxy. What scientific questions could you ask about this planet?,How far away is this planet?,SCTT-ResearchQuestion,centaur,6
centaur_192,KNIFE,Use a knife as a toothpick,AUT,centaur,6
centaur_193,pen-paper-story,,Story,centaur,0
centaur_193,BRICK,,AUT,centaur,0
centaur_193,Develop as many design ideas as you can to increase the use of renewable energy sources.,,Design,centaur,0
centaur_193,You notice that the water in one lake is warmer than the water in another lake even though they both get the same amount of sunlight. What hypotheses do you have about why that is?,,SCTT-Hypothesis,centaur,0
centaur_193,Develop as many design ideas as you can to assist people with memory impairments remember important tasks.,,Design,centaur,0
centaur_193,key-door-lock,,Story,centaur,0
centaur_193,Develop as many design ideas as you can to help people with mobility impairments navigate stairs.,,Design,centaur,0
centaur_193,You travel on a spaceship to a new planet outside of our galaxy. What scientific questions could you ask about this planet?,,SCTT-ResearchQuestion,centaur,0
centaur_193,mirror-face-reflection,,Story,centaur,0
centaur_193,bridge-river-cross,,Story,centaur,0
centaur_193,PENCIL,,AUT,centaur,0
centaur_193,You are introduced to a robot that can learn and think like humans. What scientific questions could you ask about this?,,SCTT-ResearchQuestion,centaur,0
centaur_193,You look outside one night and see stars disappearing one by one from the sky. What hypotheses do you have about why that is?,,SCTT-Hypothesis,centaur,0
centaur_193,KNIFE,,AUT,centaur,0
centaur_193,Develop as many design ideas as you can to reduce traffic congestion in mega cities.,,Design,centaur,0
centaur_193,BUCKET,,AUT,centaur,0
centaur_194,Develop as many design ideas as you can to help people with mobility impairments navigate stairs.,,Design,centaur,0
centaur_194,PENCIL,,AUT,centaur,0
centaur_194,key-door-lock,,Story,centaur,0
centaur_194,mirror-face-reflection,,Story,centaur,0
centaur_194,You are introduced to a robot that can learn and think like humans. What scientific questions could you ask about this?,,SCTT-ResearchQuestion,centaur,0
centaur_194,Develop as many design ideas as you can to assist people with memory impairments remember important tasks.,,Design,centaur,0
centaur_194,bridge-river-cross,,Story,centaur,0
centaur_194,You look outside one night and see stars disappearing one by one from the sky. What hypotheses do you have about why that is?,,SCTT-Hypothesis,centaur,0
centaur_194,You travel on a spaceship to a new planet outside of our galaxy. What scientific questions could you ask about this planet?,,SCTT-ResearchQuestion,centaur,0
centaur_194,KNIFE,,AUT,centaur,0
centaur_194,Develop as many design ideas as you can to increase the use of renewable energy sources.,,Design,centaur,0
centaur_194,You notice that the water in one lake is warmer than the water in another lake even though they both get the same amount of sunlight. What hypotheses do you have about why that is?,,SCTT-Hypothesis,centaur,0
centaur_194,pen-paper-story,,Story,centaur,0
centaur_194,BRICK,,AUT,centaur,0
centaur_194,BUCKET,,AUT,centaur,0
centaur_194,Develop as many design ideas as you can to reduce traffic congestion in mega cities.,,Design,centaur,0
centaur_195,bridge-river-cross,"The bridge spanned across the river, connecting two shores together.",Story,centaur,10
centaur_195,mirror-face-reflection,I looked into the mirror and saw my face reflected back at me.,Story,centaur,13
centaur_195,Develop as many design ideas as you can to help people with mobility impairments navigate stairs.,Design staircases that use ramps instead of stairs.,Design,centaur,8
centaur_195,BUCKET,Use it as a plant holder.,AUT,centaur,6
centaur_195,You travel on a spaceship to a new planet outside of our galaxy. What scientific questions could you ask about this planet?,How long did it take for life to evolve on this planet? When did it form?,SCTT-ResearchQuestion,centaur,16
centaur_195,You are introduced to a robot that can learn and think like humans. What scientific questions could you ask about this?,How does the robot's brain work differently than ours?,SCTT-ResearchQuestion,centaur,9
centaur_195,KNIFE,Use it as a weapon.,AUT,centaur,5
centaur_195,Develop as many design ideas as you can to assist people with memory impairments remember important tasks.,Create a bracelet that sends reminders via text message.,Design,centaur,9
centaur_195,You look outside one night and see stars disappearing one by one from the sky. What hypotheses do you have about why that is?,A group of aliens is traveling through space and stealing our stars!,SCTT-Hypothesis,centaur,12
centaur_195,PENCIL,Use it to conduct electricity.,AUT,centaur,5
centaur_195,pen-paper-story,I wrote a story with a pen and paper.,Story,centaur,9
centaur_195,Develop as many design ideas as you can to reduce traffic congestion in mega cities.,Use automated vehicles that drive themselves.,Design,centaur,6
centaur_195,BRICK,Use them as a building material for homes.,AUT,centaur,8
centaur_195,key-door-lock,I used the key to unlock the door so I could lock it shut.,Story,centaur,14
centaur_195,You notice that the water in one lake is warmer than the water in another lake even though they both get the same amount of sunlight. What hypotheses do you have about why that is?,One lake has a hotter source underneath it.,SCTT-Hypothesis,centaur,8
centaur_195,Develop as many design ideas as you can to increase the use of renewable energy sources.,Develop more efficient solar panels.,Design,centaur,5
centaur_196,You are introduced to a robot that can learn and think like humans. What scientific questions could you ask about this?,How much power does it require?,SCTT-ResearchQuestion,centaur,6
centaur_196,BUCKET,collect rain water,AUT,centaur,3
centaur_196,mirror-face-reflection,The person looked at their reflection in the mirror and saw someone else.,Story,centaur,13
centaur_196,You look outside one night and see stars disappearing one by one from the sky. What hypotheses do you have about why that is?,Aliens abducted them as part of an experiment,SCTT-Hypothesis,centaur,8
centaur_196,Develop as many design ideas as you can to reduce traffic congestion in mega cities.,create more public transportation options,Design,centaur,5
centaur_196,BRICK,build a fire pit,AUT,centaur,4
centaur_196,Develop as many design ideas as you can to assist people with memory impairments remember important tasks.,set alarms and reminders,Design,centaur,4
centaur_196,Develop as many design ideas as you can to help people with mobility impairments navigate stairs.,install lifts,Design,centaur,2
centaur_196,You travel on a spaceship to a new planet outside of our galaxy. What scientific questions could you ask about this planet?,how do life forms differ from Earth?,SCTT-ResearchQuestion,centaur,7
centaur_196,bridge-river-cross,Crossed the river over a long bridge to find a forest on the other side.,Story,centaur,15
centaur_196,You notice that the water in one lake is warmer than the water in another lake even though they both get the same amount of sunlight. What hypotheses do you have about why that is?,one lake has a higher salinity level,SCTT-Hypothesis,centaur,7
centaur_196,PENCIL,a tool to make art,AUT,centaur,5
centaur_196,Develop as many design ideas as you can to increase the use of renewable energy sources.,make solar panels cheaper,Design,centaur,4
centaur_196,key-door-lock,Locks keep your belongings safe from intruders.,Story,centaur,7
centaur_196,pen-paper-story,The writer used a pen and paper to write their story.,Story,centaur,11
centaur_196,KNIFE,cut through a wall,AUT,centaur,4
centaur_197,Develop as many design ideas as you can to reduce traffic congestion in mega cities.,Make carpooling easier,Design,centaur,3
centaur_197,You notice that the water in one lake is warmer than the water in another lake even though they both get the same amount of sunlight. What hypotheses do you have about why that is?,The first lake has more algae growing in it which makes it warmer.,SCTT-Hypothesis,centaur,13
centaur_197,Develop as many design ideas as you can to help people with mobility impairments navigate stairs.,Add ramps to stairs,Design,centaur,4
centaur_197,BRICK,Use as a foundation for building,AUT,centaur,6
centaur_197,bridge-river-cross,A group of people walk across the bridge to cross over the river.,Story,centaur,13
centaur_197,Develop as many design ideas as you can to increase the use of renewable energy sources.,Create incentives for businesses to switch to solar power,Design,centaur,9
centaur_197,You look outside one night and see stars disappearing one by one from the sky. What hypotheses do you have about why that is?,It's because there is a plane spraying chemicals into the air causing it to become hazy.,SCTT-Hypothesis,centaur,16
centaur_197,PENCIL,Stick pencil into the ground to mark where seeds will go,AUT,centaur,11
centaur_197,pen-paper-story,Write a story on paper with pen,Story,centaur,7
centaur_197,You are introduced to a robot that can learn and think like humans. What scientific questions could you ask about this?,Is the robot self-aware? Can the robot feel emotions?,SCTT-ResearchQuestion,centaur,9
centaur_197,KNIFE,Use knife to scrape labels off jars,AUT,centaur,7
centaur_197,mirror-face-reflection,You look into the mirror and see your reflection,Story,centaur,9
centaur_197,key-door-lock,Place key in door and turn lock to unlock door,Story,centaur,10
centaur_197,Develop as many design ideas as you can to assist people with memory impairments remember important tasks.,Give them an alarm clock that reminds them when tasks need to be done,Design,centaur,14
centaur_197,You travel on a spaceship to a new planet outside of our galaxy. What scientific questions could you ask about this planet?,What kind of life forms exist on the planet?,SCTT-ResearchQuestion,centaur,9
centaur_197,BUCKET,Use bucket to store rainwater,AUT,centaur,5
centaur_198,BRICK,This brick could be used as a paper weight.,AUT,centaur,9
centaur_198,Develop as many design ideas as you can to assist people with memory impairments remember important tasks.,I would create a smart watch that has alarms for specific tasks.,Design,centaur,12
centaur_198,You are introduced to a robot that can learn and think like humans. What scientific questions could you ask about this?,How does it process information?,SCTT-ResearchQuestion,centaur,5
centaur_198,Develop as many design ideas as you can to help people with mobility impairments navigate stairs.,There should be moving platforms at every stair case so people don't have to climb up them.,Design,centaur,17
centaur_198,Develop as many design ideas as you can to increase the use of renewable energy sources.,We need to educate people about renewable energy so that more people will use it.,Design,centaur,15
centaur_198,key-door-lock,A person tries to open their door but the lock doesn't work so they use a different key and then it works.,Story,centaur,22
centaur_198,You notice that the water in one lake is warmer than the water in another lake even though they both get the same amount of sunlight. What hypotheses do you have about why that is?,The lake might be deeper which makes it take longer to warm up.,SCTT-Hypothesis,centaur,13
centaur_198,KNIFE,It can cut through metal,AUT,centaur,5
centaur_198,You look outside one night and see stars disappearing one by one from the sky. What hypotheses do you have about why that is?,Maybe a massive cloud is covering the sky which causes us not to see the stars.,SCTT-Hypothesis,centaur,16
centaur_198,PENCIL,It can write in multiple colors depending on the tip,AUT,centaur,10
centaur_198,pen-paper-story,People use pens to write down stories in books made out of paper.,Story,centaur,13
centaur_198,mirror-face-reflection,When looking into a mirror we see our reflection back which can sometimes be scary.,Story,centaur,15
centaur_198,You travel on a spaceship to a new planet outside of our galaxy. What scientific questions could you ask about this planet?,Is there life on the planet?,SCTT-ResearchQuestion,centaur,6
centaur_198,Develop as many design ideas as you can to reduce traffic congestion in mega cities.,We should make public transportation better so people won't want to drive.,Design,centaur,12
centaur_198,BUCKET,It can hold a lot of food.,AUT,centaur,7
centaur_198,bridge-river-cross,A man crosses over a river on a bridge so he can get to the other side.,Story,centaur,17
centaur_199,BRICK,The brick can be used as a paperweight,AUT,centaur,8
centaur_199,Develop as many design ideas as you can to increase the use of renewable energy sources.,create more incentives for companies to switch to renewable energy sources,Design,centaur,11
centaur_199,bridge-river-cross,A family crossed the river on their way home.,Story,centaur,9
centaur_199,You look outside one night and see stars disappearing one by one from the sky. What hypotheses do you have about why that is?,The stars might have been blocked by clouds or other objects in space.,SCTT-Hypothesis,centaur,13
centaur_199,mirror-face-reflection,She looked at her reflection in the mirror and saw herself looking back at her.,Story,centaur,15
centaur_199,You travel on a spaceship to a new planet outside of our galaxy. What scientific questions could you ask about this planet?,Is this planet habitable?,SCTT-ResearchQuestion,centaur,4
centaur_199,Develop as many design ideas as you can to help people with mobility impairments navigate stairs.,Install lifts or escalators instead of traditional staircases.,Design,centaur,8
centaur_199,BUCKET,The bucket can hold liquids such as water or paint.,AUT,centaur,10
centaur_199,Develop as many design ideas as you can to assist people with memory impairments remember important tasks.,Provide daily reminders through text messages or phone calls.,Design,centaur,9
centaur_199,PENCIL,Pencils can draw pictures or write notes.,AUT,centaur,7
centaur_199,Develop as many design ideas as you can to reduce traffic congestion in mega cities.,Implement carpool lanes during rush hour times.,Design,centaur,7
centaur_199,pen-paper-story,"Once upon a time, there was once a man named John who loved writing stories.",Story,centaur,15
centaur_199,You are introduced to a robot that can learn and think like humans. What scientific questions could you ask about this?,Can robots feel emotions just like humans do?,SCTT-ResearchQuestion,centaur,8
centaur_199,key-door-lock,,Story,centaur,0
centaur_199,You notice that the water in one lake is warmer than the water in another lake even though they both get the same amount of sunlight. What hypotheses do you have about why that is?,,SCTT-Hypothesis,centaur,0
centaur_199,KNIFE,,AUT,centaur,0
centaur_200,PENCIL,(SCENARIO: PENCIL),AUT,centaur,2
centaur_200,Develop as many design ideas as you can to help people with mobility impairments navigate stairs.,(SCENARIO: help people with mobility impairments navigate stairs.),Design,centaur,8
centaur_200,key-door-lock,(SCENARIO: key-door-lock),Story,centaur,2
centaur_200,BUCKET,(SCENARIO: BUCKET),AUT,centaur,2
centaur_200,KNIFE,(SCENARIO: KNIFE),AUT,centaur,2
centaur_200,Develop as many design ideas as you can to assist people with memory impairments remember important tasks.,(SCENARIO: assist people with memory impairments remember important tasks.),Design,centaur,9
centaur_200,You are introduced to a robot that can learn and think like humans. What scientific questions could you ask about this?,(SCENARIO: You are introduced to a robot that can learn and think like humans. What scientific questions could you ask about this?),SCTT-ResearchQuestion,centaur,22
centaur_200,bridge-river-cross,(SCENARIO: bridge-river-cross),Story,centaur,2
centaur_200,BRICK,(SCENARIO: BRICK),AUT,centaur,2
centaur_200,You look outside one night and see stars disappearing one by one from the sky. What hypotheses do you have about why that is?,(SCENARIO: You look outside one night and see stars disappearing one by one from the sky. What hypotheses do you have about why that is?),SCTT-Hypothesis,centaur,25
centaur_200,mirror-face-reflection,(SCENARIO: mirror-face-reflection),Story,centaur,2
centaur_200,pen-paper-story,(SCENARIO: pen-paper-story),Story,centaur,2
centaur_200,Develop as many design ideas as you can to reduce traffic congestion in mega cities.,(SCENARIO: reduce traffic congestion in mega cities.),Design,centaur,7
centaur_200,You travel on a spaceship to a new planet outside of our galaxy. What scientific questions could you ask about this planet?,(SCENARIO: You travel on a spaceship to a new planet outside of our galaxy. What scientific questions could you ask about this planet?),SCTT-ResearchQuestion,centaur,23
centaur_200,You notice that the water in one lake is warmer than the water in another lake even though they both get the same amount of sunlight. What hypotheses do you have about why that is?,(SCENARIO: You notice that the water in one lake is warmer than the water in another lake even though they both get the same amount of sunlight. What hypotheses do you have about why that is?),SCTT-Hypothesis,centaur,36
centaur_200,Develop as many design ideas as you can to increase the use of renewable energy sources.,(SCENARIO: increase the use of renewable energy sources.),Design,centaur,8
centaur_201,You are introduced to a robot that can learn and think like humans. What scientific questions could you ask about this?,How does it acquire knowledge?,SCTT-ResearchQuestion,centaur,5
centaur_201,Develop as many design ideas as you can to reduce traffic congestion in mega cities.,implement carpooling.,Design,centaur,2
centaur_201,You travel on a spaceship to a new planet outside of our galaxy. What scientific questions could you ask about this planet?,Is there life on this planet?,SCTT-ResearchQuestion,centaur,6
centaur_201,bridge-river-cross,The man crossed the bridge over the river and began his journey.,Story,centaur,12
centaur_201,mirror-face-reflection,She looked into her reflection in the mirror and saw herself as she truly was.,Story,centaur,15
centaur_201,pen-paper-story,He wrote his story down on paper with his pen.,Story,centaur,10
centaur_201,PENCIL,A pencil can be used as a percussion instrument.,AUT,centaur,9
centaur_201,BRICK,Bricks can be stacked into houses.,AUT,centaur,6
centaur_201,You notice that the water in one lake is warmer than the water in another lake even though they both get the same amount of sunlight. What hypotheses do you have about why that is?,The water in one lake may be shallower than the other.,SCTT-Hypothesis,centaur,11
centaur_201,KNIFE,Use a knife as a lever.,AUT,centaur,6
centaur_201,BUCKET,Use a bucket as a container to carry food.,AUT,centaur,9
centaur_201,Develop as many design ideas as you can to help people with mobility impairments navigate stairs.,Install a lift,Design,centaur,3
centaur_201,Develop as many design ideas as you can to increase the use of renewable energy sources.,Make solar panels more accessible.,Design,centaur,5
centaur_201,Develop as many design ideas as you can to assist people with memory impairments remember important tasks.,Wear a watch that reminds them when to take medication.,Design,centaur,10
centaur_201,key-door-lock,The man unlocked the door with his key and stepped inside his home.,Story,centaur,13
centaur_201,You look outside one night and see stars disappearing one by one from the sky. What hypotheses do you have about why that is?,There may be a large cloud cover.,SCTT-Hypothesis,centaur,7
centaur_202,You travel on a spaceship to a new planet outside of our galaxy. What scientific questions could you ask about this planet?,How much gravity does it have?,SCTT-ResearchQuestion,centaur,6
centaur_202,You look outside one night and see stars disappearing one by one from the sky. What hypotheses do you have about why that is?,The aliens are stealing them,SCTT-Hypothesis,centaur,5
centaur_202,Develop as many design ideas as you can to help people with mobility impairments navigate stairs.,Have a lift that brings them up so they don't have to take the stairs,Design,centaur,15
centaur_202,bridge-river-cross,A man crosses a river over a bridge because he lost his key.,Story,centaur,13
centaur_202,BUCKET,Use it as a stool if you need to reach something high,AUT,centaur,12
centaur_202,key-door-lock,I tried to unlock my door but the lock broke and I was locked out of my house.,Story,centaur,18
centaur_202,KNIFE,Use it as a paperweight,AUT,centaur,5
centaur_202,PENCIL,Use it as a weapon,AUT,centaur,5
centaur_202,Develop as many design ideas as you can to assist people with memory impairments remember important tasks.,They could wear a watch that reminds them what their tasks are,Design,centaur,12
centaur_202,Develop as many design ideas as you can to increase the use of renewable energy sources.,Install solar panels,Design,centaur,3
centaur_202,You are introduced to a robot that can learn and think like humans. What scientific questions could you ask about this?,Can it feel emotions?,SCTT-ResearchQuestion,centaur,4
centaur_202,mirror-face-reflection,A woman looks into her reflection and sees her face is disfigured.,Story,centaur,12
centaur_202,BRICK,Use it as a stepping stone,AUT,centaur,6
centaur_202,pen-paper-story,A girl writes a poem about her life.,Story,centaur,8
centaur_202,You notice that the water in one lake is warmer than the water in another lake even though they both get the same amount of sunlight. What hypotheses do you have about why that is?,Maybe there's pollution in one lake that's heating up the water.,SCTT-Hypothesis,centaur,11
centaur_202,Develop as many design ideas as you can to reduce traffic congestion in mega cities.,Make public transportation free,Design,centaur,4
centaur_203,PENCIL,,AUT,centaur,0
centaur_203,Develop as many design ideas as you can to help people with mobility impairments navigate stairs.,,Design,centaur,0
centaur_203,Develop as many design ideas as you can to reduce traffic congestion in mega cities.,,Design,centaur,0
centaur_203,pen-paper-story,,Story,centaur,0
centaur_203,key-door-lock,,Story,centaur,0
centaur_203,BRICK,,AUT,centaur,0
centaur_203,bridge-river-cross,,Story,centaur,0
centaur_203,mirror-face-reflection,,Story,centaur,0
centaur_203,Develop as many design ideas as you can to assist people with memory impairments remember important tasks.,,Design,centaur,0
centaur_203,You notice that the water in one lake is warmer than the water in another lake even though they both get the same amount of sunlight. What hypotheses do you have about why that is?,,SCTT-Hypothesis,centaur,0
centaur_203,You are introduced to a robot that can learn and think like humans. What scientific questions could you ask about this?,,SCTT-ResearchQuestion,centaur,0
centaur_203,Develop as many design ideas as you can to increase the use of renewable energy sources.,,Design,centaur,0
centaur_203,BUCKET,,AUT,centaur,0
centaur_203,KNIFE,,AUT,centaur,0
centaur_203,You travel on a spaceship to a new planet outside of our galaxy. What scientific questions could you ask about this planet?,,SCTT-ResearchQuestion,centaur,0
centaur_203,You look outside one night and see stars disappearing one by one from the sky. What hypotheses do you have about why that is?,,SCTT-Hypothesis,centaur,0
centaur_204,BUCKET,Use it as a flotation device.,AUT,centaur,6
centaur_204,key-door-lock,The man used his keys to unlock the door before he walked inside to write a story.,Story,centaur,17
centaur_204,BRICK,Use them to build a home.,AUT,centaur,6
centaur_204,pen-paper-story,A girl grabbed her pen and paper so she could begin writing her story.,Story,centaur,14
centaur_204,You notice that the water in one lake is warmer than the water in another lake even though they both get the same amount of sunlight. What hypotheses do you have about why that is?,One lake may have been closer to the sun or had less shade over it than the other lake did.,SCTT-Hypothesis,centaur,20
centaur_204,You look outside one night and see stars disappearing one by one from the sky. What hypotheses do you have about why that is?,"There was a large meteorite shower that happened overnight, making the stars disappear.",SCTT-Hypothesis,centaur,13
centaur_204,You travel on a spaceship to a new planet outside of our galaxy. What scientific questions could you ask about this planet?,Is there air? Can we breathe on this planet?,SCTT-ResearchQuestion,centaur,9
centaur_204,bridge-river-cross,The boy crossed the river via a wooden bridge.,Story,centaur,9
centaur_204,Develop as many design ideas as you can to help people with mobility impairments navigate stairs.,Install ramps next to all staircases.,Design,centaur,6
centaur_204,PENCIL,Use a pencil as a lockpick.,AUT,centaur,6
centaur_204,Develop as many design ideas as you can to assist people with memory impairments remember important tasks.,Have them wear watches that periodically remind them of their important tasks.,Design,centaur,12
centaur_204,Develop as many design ideas as you can to increase the use of renewable energy sources.,Invest more money into solar power plants.,Design,centaur,7
centaur_204,Develop as many design ideas as you can to reduce traffic congestion in mega cities.,Build better public transportation systems.,Design,centaur,5
centaur_204,KNIFE,Chop food,AUT,centaur,2
centaur_204,mirror-face-reflection,The girl looked into the mirror at her reflection.,Story,centaur,9
centaur_204,You are introduced to a robot that can learn and think like humans. What scientific questions could you ask about this?,Can the robot feel emotion?,SCTT-ResearchQuestion,centaur,5
centaur_205,PENCIL,,AUT,centaur,0
centaur_205,BUCKET,,AUT,centaur,0
centaur_205,BRICK,,AUT,centaur,0
centaur_205,You look outside one night and see stars disappearing one by one from the sky. What hypotheses do you have about why that is?,,SCTT-Hypothesis,centaur,0
centaur_205,pen-paper-story,,Story,centaur,0
centaur_205,You travel on a spaceship to a new planet outside of our galaxy. What scientific questions could you ask about this planet?,,SCTT-ResearchQuestion,centaur,0
centaur_205,You are introduced to a robot that can learn and think like humans. What scientific questions could you ask about this?,,SCTT-ResearchQuestion,centaur,0
centaur_205,bridge-river-cross,,Story,centaur,0
centaur_205,Develop as many design ideas as you can to reduce traffic congestion in mega cities.,,Design,centaur,0
centaur_205,Develop as many design ideas as you can to help people with mobility impairments navigate stairs.,,Design,centaur,0
centaur_205,key-door-lock,,Story,centaur,0
centaur_205,mirror-face-reflection,,Story,centaur,0
centaur_205,Develop as many design ideas as you can to increase the use of renewable energy sources.,,Design,centaur,0
centaur_205,Develop as many design ideas as you can to assist people with memory impairments remember important tasks.,,Design,centaur,0
centaur_205,KNIFE,,AUT,centaur,0
centaur_205,You notice that the water in one lake is warmer than the water in another lake even though they both get the same amount of sunlight. What hypotheses do you have about why that is?,,SCTT-Hypothesis,centaur,0
centaur_206,You travel on a spaceship to a new planet outside of our galaxy. What scientific questions could you ask about this planet?,How does the planet's gravity compare to earth?,SCTT-ResearchQuestion,centaur,8
centaur_206,Develop as many design ideas as you can to increase the use of renewable energy sources.,Invest more money into researching new forms of renewable energy,Design,centaur,10
centaur_206,BUCKET,"Use it as a weightlifting device, put rocks inside of it and lift it up and down.",AUT,centaur,17
centaur_206,You notice that the water in one lake is warmer than the water in another lake even though they both get the same amount of sunlight. What hypotheses do you have about why that is?,The first lake has a larger surface area so the sun is able to heat more of the water at once.,SCTT-Hypothesis,centaur,21
centaur_206,mirror-face-reflection,A person looks at their reflection in the mirror. They see themselves in the mirror and they look back at themself.,Story,centaur,21
centaur_206,BRICK,"Build a brick house, or use it as a stepping stone while walking through mud.",AUT,centaur,15
centaur_206,You are introduced to a robot that can learn and think like humans. What scientific questions could you ask about this?,Does the robot have emotions? Can the robot feel pain?,SCTT-ResearchQuestion,centaur,10
centaur_206,PENCIL,Use it as a weapon to protect yourself if someone breaks into your home.,AUT,centaur,14
centaur_206,pen-paper-story,The pencil writes a story on paper about how it wants to become a piece of art.,Story,centaur,17
centaur_206,KNIFE,Use the knife to cut open a bag of chips since you don't have any scissors around.,AUT,centaur,17
centaur_206,key-door-lock,Someone loses their keys. They search all over their house but can not find the keys anywhere. Their door is locked and they are stuck outside.,Story,centaur,26
centaur_206,Develop as many design ideas as you can to help people with mobility impairments navigate stairs.,Add handrails to each step and put a ramp next to the steps.,Design,centaur,13
centaur_206,Develop as many design ideas as you can to assist people with memory impairments remember important tasks.,Make a calendar that shows the dates of when tasks need to be done.,Design,centaur,14
centaur_206,Develop as many design ideas as you can to reduce traffic congestion in mega cities.,Put cars underground instead of driving above ground level.,Design,centaur,9
centaur_206,You look outside one night and see stars disappearing one by one from the sky. What hypotheses do you have about why that is?,An alien race has come to steal our stars for unknown reasons.,SCTT-Hypothesis,centaur,12
centaur_206,bridge-river-cross,A person walks along a path. They see a river ahead and decide to cross the river.,Story,centaur,17
centaur_207,Develop as many design ideas as you can to help people with mobility impairments navigate stairs.,SCENARIO: help people with mobility impairments navigate stairs.,Design,centaur,8
centaur_207,pen-paper-story,SCENARIO: pen-paper-story,Story,centaur,2
centaur_207,BUCKET,SCENARIO: BUCKET,AUT,centaur,2
centaur_207,key-door-lock,SCENARIO: key-door-lock,Story,centaur,2
centaur_207,Develop as many design ideas as you can to reduce traffic congestion in mega cities.,SCENARIO: reduce traffic congestion in mega cities.,Design,centaur,7
centaur_207,Develop as many design ideas as you can to assist people with memory impairments remember important tasks.,SCENARIO: assist people with memory impairments remember important tasks.,Design,centaur,9
centaur_207,You look outside one night and see stars disappearing one by one from the sky. What hypotheses do you have about why that is?,SCENARIO: You look outside one night and see stars disappearing one by one from the sky. What hypotheses do you have about why that is?,SCTT-Hypothesis,centaur,25
centaur_207,mirror-face-reflection,SCENARIO: mirror-face-reflection,Story,centaur,2
centaur_207,BRICK,SCENARIO: BRICK,AUT,centaur,2
centaur_207,Develop as many design ideas as you can to increase the use of renewable energy sources.,SCENARIO: increase the use of renewable energy sources.,Design,centaur,8
centaur_207,KNIFE,SCENARIO: KNIFE,AUT,centaur,2
centaur_207,bridge-river-cross,SCENARIO: bridge-river-cross,Story,centaur,2
centaur_207,You travel on a spaceship to a new planet outside of our galaxy. What scientific questions could you ask about this planet?,SCENARIO: You travel on a spaceship to a new planet outside of our galaxy. What scientific questions could you ask about this planet?,SCTT-ResearchQuestion,centaur,23
centaur_207,You are introduced to a robot that can learn and think like humans. What scientific questions could you ask about this?,SCENARIO: You are introduced to a robot that can learn and think like humans. What scientific questions could you ask about this?,SCTT-ResearchQuestion,centaur,22
centaur_207,You notice that the water in one lake is warmer than the water in another lake even though they both get the same amount of sunlight. What hypotheses do you have about why that is?,SCENARIO: You notice that the water in one lake is warmer than the water in another lake even though they both get the same amount of sunlight. What hypotheses do you have about why that is?,SCTT-Hypothesis,centaur,36
centaur_207,PENCIL,SCENARIO: PENCIL,AUT,centaur,2
centaur_208,pen-paper-story,,Story,centaur,0
centaur_208,You are introduced to a robot that can learn and think like humans. What scientific questions could you ask about this?,,SCTT-ResearchQuestion,centaur,0
centaur_208,KNIFE,,AUT,centaur,0
centaur_208,Develop as many design ideas as you can to help people with mobility impairments navigate stairs.,,Design,centaur,0
centaur_208,key-door-lock,,Story,centaur,0
centaur_208,You travel on a spaceship to a new planet outside of our galaxy. What scientific questions could you ask about this planet?,,SCTT-ResearchQuestion,centaur,0
centaur_208,PENCIL,,AUT,centaur,0
centaur_208,mirror-face-reflection,,Story,centaur,0
centaur_208,Develop as many design ideas as you can to assist people with memory impairments remember important tasks.,,Design,centaur,0
centaur_208,Develop as many design ideas as you can to reduce traffic congestion in mega cities.,,Design,centaur,0
centaur_208,BUCKET,,AUT,centaur,0
centaur_208,You look outside one night and see stars disappearing one by one from the sky. What hypotheses do you have about why that is?,,SCTT-Hypothesis,centaur,0
centaur_208,Develop as many design ideas as you can to increase the use of renewable energy sources.,,Design,centaur,0
centaur_208,bridge-river-cross,,Story,centaur,0
centaur_208,BRICK,,AUT,centaur,0
centaur_208,You notice that the water in one lake is warmer than the water in another lake even though they both get the same amount of sunlight. What hypotheses do you have about why that is?,,SCTT-Hypothesis,centaur,0
centaur_209,You look outside one night and see stars disappearing one by one from the sky. What hypotheses do you have about why that is?,Aliens are stealing them,SCTT-Hypothesis,centaur,4
centaur_209,BRICK,Build a house,AUT,centaur,3
centaur_209,You notice that the water in one lake is warmer than the water in another lake even though they both get the same amount of sunlight. What hypotheses do you have about why that is?,The second lake has more algae,SCTT-Hypothesis,centaur,6
centaur_209,You are introduced to a robot that can learn and think like humans. What scientific questions could you ask about this?,How does it learn?,SCTT-ResearchQuestion,centaur,4
centaur_209,You travel on a spaceship to a new planet outside of our galaxy. What scientific questions could you ask about this planet?,Is there life?,SCTT-ResearchQuestion,centaur,3
centaur_209,key-door-lock,I unlocked my door with a key,Story,centaur,7
centaur_209,Develop as many design ideas as you can to assist people with memory impairments remember important tasks.,Use technology to remind them,Design,centaur,5
centaur_209,Develop as many design ideas as you can to reduce traffic congestion in mega cities.,Make public transport more efficient,Design,centaur,5
centaur_209,mirror-face-reflection,My reflection looked back at me,Story,centaur,6
centaur_209,BUCKET,Grow plants,AUT,centaur,2
centaur_209,pen-paper-story,I write a story with paper and pen,Story,centaur,8
centaur_209,Develop as many design ideas as you can to increase the use of renewable energy sources.,Increase efficiency,Design,centaur,2
centaur_209,KNIFE,Cut food,AUT,centaur,2
centaur_209,PENCIL,Draw a picture,AUT,centaur,3
centaur_209,bridge-river-cross,A bridge crosses a river,Story,centaur,5
centaur_209,Develop as many design ideas as you can to help people with mobility impairments navigate stairs.,Build ramps,Design,centaur,2
centaur_210,You travel on a spaceship to a new planet outside of our galaxy. What scientific questions could you ask about this planet?,How long would it take us to adapt to the planet's atmosphere? How strong is the gravity there compared to earth?,SCTT-ResearchQuestion,centaur,21
centaur_210,KNIFE,"cut up food (e.g., meat) into smaller pieces for your dog/cat/fish to eat.",AUT,centaur,13
centaur_210,BUCKET,water collector during rainy season; collect rainwater to drink or wash clothes.,AUT,centaur,12
centaur_210,Develop as many design ideas as you can to reduce traffic congestion in mega cities.,create more public transportation options.,Design,centaur,5
centaur_210,You look outside one night and see stars disappearing one by one from the sky. What hypotheses do you have about why that is?,The planets are being sucked out of their orbit due to some disturbance in the gravitational field of the solar system.,SCTT-Hypothesis,centaur,21
centaur_210,Develop as many design ideas as you can to increase the use of renewable energy sources.,use less electricity at home and install solar panels.,Design,centaur,9
centaur_210,pen-paper-story,A young boy was writing his story about his life as he grew up. He started writing since he was 5 years old until now when he's 20.,Story,centaur,28
centaur_210,Develop as many design ideas as you can to assist people with memory impairments remember important tasks.,Use Alexa or Google Assistant to set reminders.,Design,centaur,8
centaur_210,PENCIL,use it as a straw to suck liquids through.,AUT,centaur,9
centaur_210,BRICK,"use bricks as building material for a house, or a wall around your yard.",AUT,centaur,14
centaur_210,key-door-lock,A man lost his keys while trying to unlock his door. He had no choice but to break open the lock because he needed to go inside urgently.,Story,centaur,28
centaur_210,bridge-river-cross,"There was once a river too wide to cross. One day, someone built a bridge across it so people could easily cross over to the other side without getting wet.",Story,centaur,30
centaur_210,You are introduced to a robot that can learn and think like humans. What scientific questions could you ask about this?,Is the robot able to process information and make decisions faster than humans?,SCTT-ResearchQuestion,centaur,13
centaur_210,You notice that the water in one lake is warmer than the water in another lake even though they both get the same amount of sunlight. What hypotheses do you have about why that is?,It may be because the first lake has a higher concentration of salt which increases its boiling point thus making it hotter than the second lake which doesn't contain much salt.,SCTT-Hypothesis,centaur,31
centaur_210,Develop as many design ideas as you can to help people with mobility impairments navigate stairs.,Build a ramp next to the staircase for them to push their wheelchairs up and down.,Design,centaur,16
centaur_210,mirror-face-reflection,"In the morning, she woke up and walked towards her bathroom. She looked herself in the mirror and saw how beautiful she was.",Story,centaur,23
centaur_211,KNIFE,knife - use it as a weapon,AUT,centaur,7
centaur_211,You travel on a spaceship to a new planet outside of our galaxy. What scientific questions could you ask about this planet?,what is the atmospheric composition of the planet?,SCTT-ResearchQuestion,centaur,8
centaur_211,BRICK,brick - use it to build a house,AUT,centaur,8
centaur_211,Develop as many design ideas as you can to increase the use of renewable energy sources.,use wind power instead of fossil fuels,Design,centaur,7
centaur_211,key-door-lock,I opened my door with my key but nothing was behind there. There was no lock.,Story,centaur,16
centaur_211,Develop as many design ideas as you can to assist people with memory impairments remember important tasks.,create an app that sends reminders at certain times,Design,centaur,9
centaur_211,Develop as many design ideas as you can to reduce traffic congestion in mega cities.,encourage people to carpool to work,Design,centaur,6
centaur_211,You are introduced to a robot that can learn and think like humans. What scientific questions could you ask about this?,how long does it take for the robot to learn? How much information can it hold?,SCTT-ResearchQuestion,centaur,16
centaur_211,mirror-face-reflection,When I looked into the mirror I saw my own reflection looking back at me.,Story,centaur,15
centaur_211,Develop as many design ideas as you can to help people with mobility impairments navigate stairs.,create a stair lift so they can sit down while ascending up the stairs.,Design,centaur,14
centaur_211,pen-paper-story,I wrote my story with a pencil on paper.,Story,centaur,9
centaur_211,You look outside one night and see stars disappearing one by one from the sky. What hypotheses do you have about why that is?,Aliens were abducting the stars.,SCTT-Hypothesis,centaur,5
centaur_211,PENCIL,pencil - use it to draw pictures,AUT,centaur,7
centaur_211,bridge-river-cross,We crossed the river by walking across the bridge.,Story,centaur,9
centaur_211,You notice that the water in one lake is warmer than the water in another lake even though they both get the same amount of sunlight. What hypotheses do you have about why that is?,The first lake has darker algae growing in it so it absorbs more heat.,SCTT-Hypothesis,centaur,14
centaur_211,BUCKET,bucket - use it to carry liquid,AUT,centaur,7
centaur_212,bridge-river-cross,,Story,centaur,0
centaur_212,Develop as many design ideas as you can to help people with mobility impairments navigate stairs.,,Design,centaur,0
centaur_212,You notice that the water in one lake is warmer than the water in another lake even though they both get the same amount of sunlight. What hypotheses do you have about why that is?,,SCTT-Hypothesis,centaur,0
centaur_212,Develop as many design ideas as you can to increase the use of renewable energy sources.,,Design,centaur,0
centaur_212,You travel on a spaceship to a new planet outside of our galaxy. What scientific questions could you ask about this planet?,,SCTT-ResearchQuestion,centaur,0
centaur_212,BRICK,,AUT,centaur,0
centaur_212,BUCKET,,AUT,centaur,0
centaur_212,Develop as many design ideas as you can to reduce traffic congestion in mega cities.,,Design,centaur,0
centaur_212,key-door-lock,,Story,centaur,0
centaur_212,mirror-face-reflection,,Story,centaur,0
centaur_212,Develop as many design ideas as you can to assist people with memory impairments remember important tasks.,,Design,centaur,0
centaur_212,You are introduced to a robot that can learn and think like humans. What scientific questions could you ask about this?,,SCTT-ResearchQuestion,centaur,0
centaur_212,KNIFE,,AUT,centaur,0
centaur_212,PENCIL,,AUT,centaur,0
centaur_212,pen-paper-story,,Story,centaur,0
centaur_212,You look outside one night and see stars disappearing one by one from the sky. What hypotheses do you have about why that is?,,SCTT-Hypothesis,centaur,0
centaur_213,You travel on a spaceship to a new planet outside of our galaxy. What scientific questions could you ask about this planet?,,SCTT-ResearchQuestion,centaur,0
centaur_213,PENCIL,,AUT,centaur,0
centaur_213,mirror-face-reflection,,Story,centaur,0
centaur_213,BRICK,,AUT,centaur,0
centaur_213,You notice that the water in one lake is warmer than the water in another lake even though they both get the same amount of sunlight. What hypotheses do you have about why that is?,,SCTT-Hypothesis,centaur,0
centaur_213,bridge-river-cross,,Story,centaur,0
centaur_213,Develop as many design ideas as you can to increase the use of renewable energy sources.,,Design,centaur,0
centaur_213,You look outside one night and see stars disappearing one by one from the sky. What hypotheses do you have about why that is?,,SCTT-Hypothesis,centaur,0
centaur_213,pen-paper-story,,Story,centaur,0
centaur_213,Develop as many design ideas as you can to help people with mobility impairments navigate stairs.,,Design,centaur,0
centaur_213,Develop as many design ideas as you can to reduce traffic congestion in mega cities.,,Design,centaur,0
centaur_213,Develop as many design ideas as you can to assist people with memory impairments remember important tasks.,,Design,centaur,0
centaur_213,BUCKET,,AUT,centaur,0
centaur_213,key-door-lock,,Story,centaur,0
centaur_213,KNIFE,,AUT,centaur,0
centaur_213,You are introduced to a robot that can learn and think like humans. What scientific questions could you ask about this?,,SCTT-ResearchQuestion,centaur,0
centaur_214,PENCIL,SCENARIO: PENCIL,AUT,centaur,2
centaur_214,BRICK,SCENARIO: BRICK,AUT,centaur,2
centaur_214,You are introduced to a robot that can learn and think like humans. What scientific questions could you ask about this?,SCENARIO: You are introduced to a robot that can learn and think like humans. What scientific questions could you ask about this?,SCTT-ResearchQuestion,centaur,22
centaur_214,mirror-face-reflection,SCENARIO: mirror-face-reflection,Story,centaur,2
centaur_214,You notice that the water in one lake is warmer than the water in another lake even though they both get the same amount of sunlight. What hypotheses do you have about why that is?,SCENARIO: You notice that the water in one lake is warmer than the water in another lake even though they both get the same amount of sunlight. What hypotheses do you have about why that is?,SCTT-Hypothesis,centaur,36
centaur_214,key-door-lock,SCENARIO: key-door-lock,Story,centaur,2
centaur_214,You travel on a spaceship to a new planet outside of our galaxy. What scientific questions could you ask about this planet?,SCENARIO: You travel on a spaceship to a new planet outside of our galaxy. What scientific questions could you ask about this planet?,SCTT-ResearchQuestion,centaur,23
centaur_214,KNIFE,SCENARIO: KNIFE,AUT,centaur,2
centaur_214,Develop as many design ideas as you can to help people with mobility impairments navigate stairs.,SCENARIO: help people with mobility impairments navigate stairs.,Design,centaur,8
centaur_214,Develop as many design ideas as you can to reduce traffic congestion in mega cities.,SCENARIO: reduce traffic congestion in mega cities.,Design,centaur,7
centaur_214,Develop as many design ideas as you can to increase the use of renewable energy sources.,SCENARIO: increase the use of renewable energy sources.,Design,centaur,8
centaur_214,Develop as many design ideas as you can to assist people with memory impairments remember important tasks.,SCENARIO: assist people with memory impairments remember important tasks.,Design,centaur,9
centaur_214,pen-paper-story,SCENARIO: pen-paper-story,Story,centaur,2
centaur_214,bridge-river-cross,SCENARIO: bridge-river-cross,Story,centaur,2
centaur_214,BUCKET,SCENARIO: BUCKET,AUT,centaur,2
centaur_214,You look outside one night and see stars disappearing one by one from the sky. What hypotheses do you have about why that is?,SCENARIO: You look outside one night and see stars disappearing one by one from the sky. What hypotheses do you have about why that is?,SCTT-Hypothesis,centaur,25
centaur_215,Develop as many design ideas as you can to assist people with memory impairments remember important tasks.,reminders,Design,centaur,1
centaur_215,You notice that the water in one lake is warmer than the water in another lake even though they both get the same amount of sunlight. What hypotheses do you have about why that is?,the first lake has more algae,SCTT-Hypothesis,centaur,6
centaur_215,PENCIL,make wood blocks,AUT,centaur,3
centaur_215,pen-paper-story,a pencil made of paper writes a short story,Story,centaur,9
centaur_215,Develop as many design ideas as you can to help people with mobility impairments navigate stairs.,have a chair lift,Design,centaur,4
centaur_215,BRICK,use as a vase for flowers,AUT,centaur,6
centaur_215,bridge-river-cross,people cross a river over a bridge,Story,centaur,7
centaur_215,BUCKET,water pail,AUT,centaur,2
centaur_215,mirror-face-reflection,my face stares back at me in the reflection,Story,centaur,9
centaur_215,You are introduced to a robot that can learn and think like humans. What scientific questions could you ask about this?,can it feel emotions?,SCTT-ResearchQuestion,centaur,4
centaur_215,key-door-lock,you unlock the door with a key,Story,centaur,7
centaur_215,You travel on a spaceship to a new planet outside of our galaxy. What scientific questions could you ask about this planet?,is there life on the planet?,SCTT-ResearchQuestion,centaur,6
centaur_215,You look outside one night and see stars disappearing one by one from the sky. What hypotheses do you have about why that is?,there was a solar eclipse,SCTT-Hypothesis,centaur,5
centaur_215,Develop as many design ideas as you can to increase the use of renewable energy sources.,solar power,Design,centaur,2
centaur_215,Develop as many design ideas as you can to reduce traffic congestion in mega cities.,public transport,Design,centaur,2
centaur_215,KNIFE,open cans,AUT,centaur,2
centaur_216,BRICK,brick car,AUT,centaur,2
centaur_216,PENCIL,use it as a weapon against someone who broke into your house,AUT,centaur,12
centaur_216,key-door-lock,The door was locked so I grabbed my keys and opened the lock,Story,centaur,13
centaur_216,Develop as many design ideas as you can to help people with mobility impairments navigate stairs.,A ramp to go up the stairs,Design,centaur,7
centaur_216,mirror-face-reflection,He looked at his reflection in the mirror and noticed he had a face tattoo of the number 13,Story,centaur,19
centaur_216,You are introduced to a robot that can learn and think like humans. What scientific questions could you ask about this?,How did scientists manage to create a robot that thinks like us?,SCTT-ResearchQuestion,centaur,12
centaur_216,Develop as many design ideas as you can to reduce traffic congestion in mega cities.,Create more roads,Design,centaur,3
centaur_216,You notice that the water in one lake is warmer than the water in another lake even though they both get the same amount of sunlight. What hypotheses do you have about why that is?,It may be because the one lake has a darker color which absorbs heat better,SCTT-Hypothesis,centaur,15
centaur_216,Develop as many design ideas as you can to increase the use of renewable energy sources.,Put wind turbines everywhere,Design,centaur,4
centaur_216,BUCKET,Use it as a hat,AUT,centaur,5
centaur_216,bridge-river-cross,They crossed the river via a long bridge,Story,centaur,8
centaur_216,You look outside one night and see stars disappearing one by one from the sky. What hypotheses do you have about why that is?,Someone is pulling a blanket over the stars,SCTT-Hypothesis,centaur,8
centaur_216,pen-paper-story,He wrote down his thoughts on paper with his favorite red pen,Story,centaur,12
centaur_216,KNIFE,Cut through metal to get inside a safe,AUT,centaur,8
centaur_216,Develop as many design ideas as you can to assist people with memory impairments remember important tasks.,An alarm clock that goes off every morning reminding them to take their medication,Design,centaur,14
centaur_216,You travel on a spaceship to a new planet outside of our galaxy. What scientific questions could you ask about this planet?,What kind of atmosphere does this planet have?,SCTT-ResearchQuestion,centaur,8
centaur_217,Develop as many design ideas as you can to assist people with memory impairments remember important tasks.,set up reminder system on phones,Design,centaur,6
centaur_217,KNIFE,use as wall decoration,AUT,centaur,4
centaur_217,mirror-face-reflection,a man looks at his face in the mirror and sees his reflection change into someone else's.,Story,centaur,17
centaur_217,BUCKET,use as trashcan,AUT,centaur,3
centaur_217,pen-paper-story,I pick up my pen and write a story on paper.,Story,centaur,11
centaur_217,Develop as many design ideas as you can to increase the use of renewable energy sources.,create more solar panels,Design,centaur,4
centaur_217,You notice that the water in one lake is warmer than the water in another lake even though they both get the same amount of sunlight. What hypotheses do you have about why that is?,The lakes may have different depths. Deep lakes retain heat better so it will stay warm longer.,SCTT-Hypothesis,centaur,17
centaur_217,You travel on a spaceship to a new planet outside of our galaxy. What scientific questions could you ask about this planet?,How many seasons does the planet have? Does life exist there? Are their mountains and oceans there?,SCTT-ResearchQuestion,centaur,17
centaur_217,key-door-lock,She uses her key to unlock the door and enters the room.,Story,centaur,12
centaur_217,Develop as many design ideas as you can to reduce traffic congestion in mega cities.,make cars go faster,Design,centaur,4
centaur_217,You look outside one night and see stars disappearing one by one from the sky. What hypotheses do you have about why that is?,A comet or black hole is passing through space and blocking out the light.,SCTT-Hypothesis,centaur,14
centaur_217,PENCIL,Use pencil to draw pictures,AUT,centaur,5
centaur_217,bridge-river-cross,People walk across the bridge over the river.,Story,centaur,8
centaur_217,You are introduced to a robot that can learn and think like humans. What scientific questions could you ask about this?,Can it feel emotions? Is it self-aware? Does it have human rights?,SCTT-ResearchQuestion,centaur,12
centaur_217,Develop as many design ideas as you can to help people with mobility impairments navigate stairs.,create elevators,Design,centaur,2
centaur_217,BRICK,break brick to make gravel,AUT,centaur,5
centaur_218,key-door-lock,I lost my house key so I couldn't open my door. I looked under my mat but it wasn't there. I asked my mom if she had seen it and she said no. I decided to go to school without going inside first.,Story,centaur,43
centaur_218,Develop as many design ideas as you can to reduce traffic congestion in mega cities.,Make more trains available to commute through the city as well as adding more lanes to roads,Design,centaur,17
centaur_218,You are introduced to a robot that can learn and think like humans. What scientific questions could you ask about this?,How many things can it process at once? Does it ever forget information?,SCTT-ResearchQuestion,centaur,13
centaur_218,BRICK,A stepping stone to cross a stream,AUT,centaur,7
centaur_218,pen-paper-story,"One day I wrote a story. It was called ""The girl who never smiled"". She was sad until her friends told funny jokes. Then she started smiling again.",Story,centaur,28
centaur_218,Develop as many design ideas as you can to increase the use of renewable energy sources.,Create stronger incentives for companies to switch over to renewable energy such as tax breaks or free solar panels,Design,centaur,19
centaur_218,KNIFE,Use it to slice up fruits and vegetables to cook,AUT,centaur,10
centaur_218,bridge-river-cross,There was a river I wanted to cross. It was too deep to swim across. Luckily there was a bridge nearby so I crossed safely.,Story,centaur,25
centaur_218,Develop as many design ideas as you can to assist people with memory impairments remember important tasks.,"Have someone with a loud voice call out reminders periodically throughout the day (ex. ""Time to take your medicine!"" or ""Take out the trash!"")",Design,centaur,24
centaur_218,mirror-face-reflection,I saw myself in the reflection. But when I stepped back the image stayed in place.,Story,centaur,16
centaur_218,PENCIL,Poke holes in paper to make a homemade lace design,AUT,centaur,10
centaur_218,Develop as many design ideas as you can to help people with mobility impairments navigate stairs.,Build a ramp next to every staircase,Design,centaur,7
centaur_218,BUCKET,Use it as a makeshift chair,AUT,centaur,6
centaur_218,You notice that the water in one lake is warmer than the water in another lake even though they both get the same amount of sunlight. What hypotheses do you have about why that is?,The second lake may contain less salt which would cause it to absorb heat better,SCTT-Hypothesis,centaur,15
centaur_218,You look outside one night and see stars disappearing one by one from the sky. What hypotheses do you have about why that is?,They are being blocked by something else in space or they are falling into black holes,SCTT-Hypothesis,centaur,16
centaur_218,You travel on a spaceship to a new planet outside of our galaxy. What scientific questions could you ask about this planet?,Is there any life present? How far away is the closest star?,SCTT-ResearchQuestion,centaur,12
centaur_219,bridge-river-cross,They looked out over the river from their bridge crossing.,Story,centaur,10
centaur_219,Develop as many design ideas as you can to increase the use of renewable energy sources.,Reuse old batteries instead of throwing them away.,Design,centaur,8
centaur_219,You notice that the water in one lake is warmer than the water in another lake even though they both get the same amount of sunlight. What hypotheses do you have about why that is?,The topography of each lake causes it to absorb more heat.,SCTT-Hypothesis,centaur,11
centaur_219,BRICK,A brick can be used as a paper weight.,AUT,centaur,9
centaur_219,BUCKET,A bucket can be used as a step ladder.,AUT,centaur,9
centaur_219,Develop as many design ideas as you can to assist people with memory impairments remember important tasks.,Use a reminder system (like on a phone) to keep track of things to do.,Design,centaur,15
centaur_219,PENCIL,A pencil can be used as a lock pick.,AUT,centaur,9
centaur_219,mirror-face-reflection,"When she looked at her reflection in the mirror, she saw the face of her younger self.",Story,centaur,17
centaur_219,You travel on a spaceship to a new planet outside of our galaxy. What scientific questions could you ask about this planet?,How does the atmosphere differ between Earth and this new planet?,SCTT-ResearchQuestion,centaur,11
centaur_219,pen-paper-story,"Using his pen and paper, he wrote the most beautiful story.",Story,centaur,11
centaur_219,key-door-lock,He used his key to open the door and enter the room.,Story,centaur,12
centaur_219,You are introduced to a robot that can learn and think like humans. What scientific questions could you ask about this?,"Can this robot feel human emotions? If so, how would we know?",SCTT-ResearchQuestion,centaur,12
centaur_219,You look outside one night and see stars disappearing one by one from the sky. What hypotheses do you have about why that is?,An explosion in space caused dust clouds to cover up the view of the stars.,SCTT-Hypothesis,centaur,15
centaur_219,Develop as many design ideas as you can to help people with mobility impairments navigate stairs.,Make staircases more shallow to make climbing them easier.,Design,centaur,9
centaur_219,Develop as many design ideas as you can to reduce traffic congestion in mega cities.,Increase public transportation options to reduce private cars.,Design,centaur,8
centaur_219,KNIFE,A knife can be used as a screwdriver.,AUT,centaur,8
centaur_220,key-door-lock,The door wouldn't open because it was locked. I tried my key but it didn't work. It was a dark room so I couldn't tell what was wrong.,Story,centaur,28
centaur_220,You notice that the water in one lake is warmer than the water in another lake even though they both get the same amount of sunlight. What hypotheses do you have about why that is?,"Because of global warming, the ice melted into the water making it warm.",SCTT-Hypothesis,centaur,13
centaur_220,You look outside one night and see stars disappearing one by one from the sky. What hypotheses do you have about why that is?,The sun has started to burn out and its light no longer reaches earth as strongly.,SCTT-Hypothesis,centaur,16
centaur_220,mirror-face-reflection,In the reflection she saw herself dressed up as a princess.,Story,centaur,11
centaur_220,Develop as many design ideas as you can to increase the use of renewable energy sources.,Power plants should be replaced with solar panels.,Design,centaur,8
centaur_220,You are introduced to a robot that can learn and think like humans. What scientific questions could you ask about this?,What parts of the brain does it emulate?,SCTT-ResearchQuestion,centaur,8
centaur_220,bridge-river-cross,They crossed the river on the bridge to reach the other side.,Story,centaur,12
centaur_220,Develop as many design ideas as you can to reduce traffic congestion in mega cities.,A subway system would take many cars off the road.,Design,centaur,10
centaur_220,Develop as many design ideas as you can to help people with mobility impairments navigate stairs.,A stairlift would help them climb the stairs.,Design,centaur,8
centaur_220,BRICK,A brick could be used to build a fireplace.,AUT,centaur,9
centaur_220,pen-paper-story,She wrote her story on paper using a pen.,Story,centaur,9
centaur_220,BUCKET,Buckets can be used to carry water.,AUT,centaur,7
centaur_220,Develop as many design ideas as you can to assist people with memory impairments remember important tasks.,An alarm clock can ring at certain times to remind them to do things.,Design,centaur,14
centaur_220,You travel on a spaceship to a new planet outside of our galaxy. What scientific questions could you ask about this planet?,How did life develop here? How long ago did it develop?,SCTT-ResearchQuestion,centaur,11
centaur_220,PENCIL,Pencils can be used to draw pictures.,AUT,centaur,7
centaur_220,KNIFE,Knifes can cut through food.,AUT,centaur,5
centaur_221,You travel on a spaceship to a new planet outside of our galaxy. What scientific questions could you ask about this planet?,How does this planet compare to Earth? Does it have similar properties such as gravity?,SCTT-ResearchQuestion,centaur,15
centaur_221,Develop as many design ideas as you can to help people with mobility impairments navigate stairs.,Stairs that go up and down but have rollers underneath so that there's less friction.,Design,centaur,15
centaur_221,pen-paper-story,The man sat at his desk writing a story when he realized the end was near.,Story,centaur,16
centaur_221,You look outside one night and see stars disappearing one by one from the sky. What hypotheses do you have about why that is?,There may be something blocking the starlight or some sort of space phenomenon.,SCTT-Hypothesis,centaur,13
centaur_221,PENCIL,Use pencils to make a maze game.,AUT,centaur,7
centaur_221,KNIFE,Cut through thick rope,AUT,centaur,4
centaur_221,Develop as many design ideas as you can to increase the use of renewable energy sources.,Solar panels in every home.,Design,centaur,5
centaur_221,BRICK,Build a small house.,AUT,centaur,4
centaur_221,mirror-face-reflection,A woman looks into the mirror and sees herself smiling back.,Story,centaur,11
centaur_221,key-door-lock,She opens the door and enters her room.,Story,centaur,8
centaur_221,Develop as many design ideas as you can to assist people with memory impairments remember important tasks.,A phone app that reminds them each day what they need to do.,Design,centaur,13
centaur_221,You notice that the water in one lake is warmer than the water in another lake even though they both get the same amount of sunlight. What hypotheses do you have about why that is?,The sun's rays are blocked from reaching the lake.,SCTT-Hypothesis,centaur,9
centaur_221,BUCKET,Make a sandcastle,AUT,centaur,3
centaur_221,Develop as many design ideas as you can to reduce traffic congestion in mega cities.,Add more lanes to the highway.,Design,centaur,6
centaur_221,You are introduced to a robot that can learn and think like humans. What scientific questions could you ask about this?,What kind of material is the robot made out of?,SCTT-ResearchQuestion,centaur,10
centaur_221,bridge-river-cross,They cross over the river via a bridge.,Story,centaur,8
centaur_222,PENCIL,"Think of a clever, unusual, interesting, uncommon, humorous, innovative, or different use for the following object. Your response should be a few words to a sentence MAX.",AUT,centaur,27
centaur_222,KNIFE,"Think of a clever, unusual, interesting, uncommon, humorous, innovative, or different use for the following object. Your response should be a few words to a sentence MAX.",AUT,centaur,27
centaur_222,mirror-face-reflection,Write a very short story using the provided words. Your story should be 4-5 short sentences MAX.,Story,centaur,17
centaur_222,BUCKET,"Think of a clever, unusual, interesting, uncommon, humorous, innovative, or different use for the following object. Your response should be a few words to a sentence MAX.",AUT,centaur,27
centaur_222,Develop as many design ideas as you can to reduce traffic congestion in mega cities.,Think of a solution to a real-world design problem. Generate an idea that is original and effective. Your response should be a few words to a sentence MAX.,Design,centaur,28
centaur_222,You notice that the water in one lake is warmer than the water in another lake even though they both get the same amount of sunlight. What hypotheses do you have about why that is?,"Think of an original, scientifically plausible hypothesis to explain the following scenario. Your response should be a single sentence MAX.",SCTT-Hypothesis,centaur,20
centaur_222,You look outside one night and see stars disappearing one by one from the sky. What hypotheses do you have about why that is?,"Think of an original, scientifically plausible hypothesis to explain the following scenario. Your response should be a single sentence MAX.",SCTT-Hypothesis,centaur,20
centaur_222,Develop as many design ideas as you can to increase the use of renewable energy sources.,Think of a solution to a real-world design problem. Generate an idea that is original and effective. Your response should be a few words to a sentence MAX.,Design,centaur,28
centaur_222,You travel on a spaceship to a new planet outside of our galaxy. What scientific questions could you ask about this planet?,"Think of an original, scientifically plausible question about the following scenario. Your response should be a single sentence MAX.",SCTT-ResearchQuestion,centaur,19
centaur_222,bridge-river-cross,Write a very short story using the provided words. Your story should be 4-5 short sentences MAX.,Story,centaur,17
centaur_222,pen-paper-story,Write a very short story using the provided words. Your story should be 4-5 short sentences MAX.,Story,centaur,17
centaur_222,You are introduced to a robot that can learn and think like humans. What scientific questions could you ask about this?,"Think of an original, scientifically plausible question about the following scenario. Your response should be a single sentence MAX.",SCTT-ResearchQuestion,centaur,19
centaur_222,key-door-lock,Write a very short story using the provided words. Your story should be 4-5 short sentences MAX.,Story,centaur,17
centaur_222,Develop as many design ideas as you can to assist people with memory impairments remember important tasks.,Think of a solution to a real-world design problem. Generate an idea that is original and effective. Your response should be a few words to a sentence MAX.,Design,centaur,28
centaur_222,BRICK,"Think of a clever, unusual, interesting, uncommon, humorous, innovative, or different use for the following object. Your response should be a few words to a sentence MAX.",AUT,centaur,27
centaur_222,Develop as many design ideas as you can to help people with mobility impairments navigate stairs.,Think of a solution to a real-world design problem. Generate an idea that is original and effective. Your response should be a few words to a sentence MAX.,Design,centaur,28
centaur_223,bridge-river-cross,,Story,centaur,0
centaur_223,Develop as many design ideas as you can to help people with mobility impairments navigate stairs.,,Design,centaur,0
centaur_223,Develop as many design ideas as you can to reduce traffic congestion in mega cities.,,Design,centaur,0
centaur_223,PENCIL,,AUT,centaur,0
centaur_223,You are introduced to a robot that can learn and think like humans. What scientific questions could you ask about this?,,SCTT-ResearchQuestion,centaur,0
centaur_223,You travel on a spaceship to a new planet outside of our galaxy. What scientific questions could you ask about this planet?,,SCTT-ResearchQuestion,centaur,0
centaur_223,You notice that the water in one lake is warmer than the water in another lake even though they both get the same amount of sunlight. What hypotheses do you have about why that is?,,SCTT-Hypothesis,centaur,0
centaur_223,key-door-lock,,Story,centaur,0
centaur_223,You look outside one night and see stars disappearing one by one from the sky. What hypotheses do you have about why that is?,,SCTT-Hypothesis,centaur,0
centaur_223,BRICK,,AUT,centaur,0
centaur_223,Develop as many design ideas as you can to increase the use of renewable energy sources.,,Design,centaur,0
centaur_223,BUCKET,,AUT,centaur,0
centaur_223,Develop as many design ideas as you can to assist people with memory impairments remember important tasks.,,Design,centaur,0
centaur_223,mirror-face-reflection,,Story,centaur,0
centaur_223,KNIFE,,AUT,centaur,0
centaur_223,pen-paper-story,,Story,centaur,0
centaur_224,Develop as many design ideas as you can to assist people with memory impairments remember important tasks.,Wearable device to remind them of their next scheduled appointment.,Design,centaur,10
centaur_224,bridge-river-cross,Two friends cross a river over a rickety wooden bridge because it's the only way to visit each other across the river.,Story,centaur,22
centaur_224,PENCIL,Toothpick.,AUT,centaur,1
centaur_224,You look outside one night and see stars disappearing one by one from the sky. What hypotheses do you have about why that is?,The stars are burning out because their fuel is running low.,SCTT-Hypothesis,centaur,11
centaur_224,BUCKET,A footstool.,AUT,centaur,2
centaur_224,Develop as many design ideas as you can to help people with mobility impairments navigate stairs.,Build ramps instead of stairs.,Design,centaur,5
centaur_224,key-door-lock,Person locks door with a key.,Story,centaur,6
centaur_224,pen-paper-story,Person writes story on paper with a pen.,Story,centaur,8
centaur_224,You notice that the water in one lake is warmer than the water in another lake even though they both get the same amount of sunlight. What hypotheses do you have about why that is?,Lake has less ice cover during winter.,SCTT-Hypothesis,centaur,7
centaur_224,Develop as many design ideas as you can to reduce traffic congestion in mega cities.,Underground tunnels.,Design,centaur,2
centaur_224,You travel on a spaceship to a new planet outside of our galaxy. What scientific questions could you ask about this planet?,Does life exist here?,SCTT-ResearchQuestion,centaur,4
centaur_224,BRICK,Art installation.,AUT,centaur,2
centaur_224,mirror-face-reflection,Reflection looks back at person in a mirror.,Story,centaur,8
centaur_224,KNIFE,Poke holes into wood.,AUT,centaur,4
centaur_224,Develop as many design ideas as you can to increase the use of renewable energy sources.,Tax non-renewables more.,Design,centaur,3
centaur_224,You are introduced to a robot that can learn and think like humans. What scientific questions could you ask about this?,How does it work?,SCTT-ResearchQuestion,centaur,4
centaur_225,BUCKET,,AUT,centaur,0
centaur_225,You are introduced to a robot that can learn and think like humans. What scientific questions could you ask about this?,,SCTT-ResearchQuestion,centaur,0
centaur_225,You notice that the water in one lake is warmer than the water in another lake even though they both get the same amount of sunlight. What hypotheses do you have about why that is?,,SCTT-Hypothesis,centaur,0
centaur_225,Develop as many design ideas as you can to help people with mobility impairments navigate stairs.,,Design,centaur,0
centaur_225,You look outside one night and see stars disappearing one by one from the sky. What hypotheses do you have about why that is?,,SCTT-Hypothesis,centaur,0
centaur_225,BRICK,,AUT,centaur,0
centaur_225,Develop as many design ideas as you can to reduce traffic congestion in mega cities.,,Design,centaur,0
centaur_225,PENCIL,,AUT,centaur,0
centaur_225,bridge-river-cross,,Story,centaur,0
centaur_225,pen-paper-story,,Story,centaur,0
centaur_225,mirror-face-reflection,,Story,centaur,0
centaur_225,You travel on a spaceship to a new planet outside of our galaxy. What scientific questions could you ask about this planet?,,SCTT-ResearchQuestion,centaur,0
centaur_225,key-door-lock,,Story,centaur,0
centaur_225,KNIFE,,AUT,centaur,0
centaur_225,Develop as many design ideas as you can to assist people with memory impairments remember important tasks.,,Design,centaur,0
centaur_225,Develop as many design ideas as you can to increase the use of renewable energy sources.,,Design,centaur,0
centaur_226,bridge-river-cross,"The river was wide so I built a bridge. When I was done, I crossed it and kept walking.",Story,centaur,19
centaur_226,KNIFE,Use it as a weapon.,AUT,centaur,5
centaur_226,You are introduced to a robot that can learn and think like humans. What scientific questions could you ask about this?,How does it learn? Can it make mistakes? What kind of human characteristics does it have?,SCTT-ResearchQuestion,centaur,16
centaur_226,You look outside one night and see stars disappearing one by one from the sky. What hypotheses do you have about why that is?,It's because there is a giant creature eating them.,SCTT-Hypothesis,centaur,9
centaur_226,BRICK,Build a house out of bricks.,AUT,centaur,6
centaur_226,mirror-face-reflection,I looked into the mirror and saw myself. I didn't recognize my own face.,Story,centaur,14
centaur_226,pen-paper-story,"Once upon a time, I wrote a story with pen and paper. It was really good.",Story,centaur,16
centaur_226,BUCKET,Use it as a seat.,AUT,centaur,5
centaur_226,Develop as many design ideas as you can to reduce traffic congestion in mega cities.,Change the way we build roads to allow for more cars at once.,Design,centaur,13
centaur_226,Develop as many design ideas as you can to increase the use of renewable energy sources.,Incentivize companies to switch over to renewable energy through tax breaks.,Design,centaur,11
centaur_226,You notice that the water in one lake is warmer than the water in another lake even though they both get the same amount of sunlight. What hypotheses do you have about why that is?,Maybe there are more living things in the first lake that generate heat.,SCTT-Hypothesis,centaur,13
centaur_226,Develop as many design ideas as you can to help people with mobility impairments navigate stairs.,Put in an escalator.,Design,centaur,4
centaur_226,You travel on a spaceship to a new planet outside of our galaxy. What scientific questions could you ask about this planet?,Are there any lifeforms? Is the atmosphere breathable? Does the planet rotate around the sun?,SCTT-ResearchQuestion,centaur,15
centaur_226,Develop as many design ideas as you can to assist people with memory impairments remember important tasks.,Create a device that reminds people when to do certain activities throughout the day.,Design,centaur,14
centaur_226,key-door-lock,I lost the key to the door. I had to lockpick the door and unlock it.,Story,centaur,16
centaur_226,PENCIL,Make music notes.,AUT,centaur,3
centaur_227,PENCIL,To write a letter.,AUT,centaur,4
centaur_227,BUCKET,Catching rainwater.,AUT,centaur,2
centaur_227,pen-paper-story,"I wrote a story about paper and pens. It was called ""the story of pen and paper.""",Story,centaur,17
centaur_227,You look outside one night and see stars disappearing one by one from the sky. What hypotheses do you have about why that is?,The stars were being hidden by something.,SCTT-Hypothesis,centaur,7
centaur_227,KNIFE,To slice pizza.,AUT,centaur,3
centaur_227,You are introduced to a robot that can learn and think like humans. What scientific questions could you ask about this?,How does it work?,SCTT-ResearchQuestion,centaur,4
centaur_227,Develop as many design ideas as you can to increase the use of renewable energy sources.,Build wind turbines everywhere.,Design,centaur,4
centaur_227,key-door-lock,The door was locked so I used my key to unlock it.,Story,centaur,12
centaur_227,bridge-river-cross,We built a bridge across the river so we could cross it.,Story,centaur,12
centaur_227,mirror-face-reflection,I saw myself in the mirror.,Story,centaur,6
centaur_227,Develop as many design ideas as you can to reduce traffic congestion in mega cities.,Create more roads.,Design,centaur,3
centaur_227,You notice that the water in one lake is warmer than the water in another lake even though they both get the same amount of sunlight. What hypotheses do you have about why that is?,One lake had a higher temperature.,SCTT-Hypothesis,centaur,6
centaur_227,BRICK,To build a house.,AUT,centaur,4
centaur_227,You travel on a spaceship to a new planet outside of our galaxy. What scientific questions could you ask about this planet?,What type of atmosphere did the planet have? Does it have any life forms?,SCTT-ResearchQuestion,centaur,14
centaur_227,Develop as many design ideas as you can to help people with mobility impairments navigate stairs.,Use escalators instead.,Design,centaur,3
centaur_227,Develop as many design ideas as you can to assist people with memory impairments remember important tasks.,Use alarms.,Design,centaur,2
centaur_228,pen-paper-story,,Story,centaur,0
centaur_228,Develop as many design ideas as you can to reduce traffic congestion in mega cities.,,Design,centaur,0
centaur_228,mirror-face-reflection,,Story,centaur,0
centaur_228,You are introduced to a robot that can learn and think like humans. What scientific questions could you ask about this?,,SCTT-ResearchQuestion,centaur,0
centaur_228,key-door-lock,,Story,centaur,0
centaur_228,bridge-river-cross,,Story,centaur,0
centaur_228,BUCKET,,AUT,centaur,0
centaur_228,BRICK,,AUT,centaur,0
centaur_228,You notice that the water in one lake is warmer than the water in another lake even though they both get the same amount of sunlight. What hypotheses do you have about why that is?,,SCTT-Hypothesis,centaur,0
centaur_228,Develop as many design ideas as you can to assist people with memory impairments remember important tasks.,,Design,centaur,0
centaur_228,You travel on a spaceship to a new planet outside of our galaxy. What scientific questions could you ask about this planet?,,SCTT-ResearchQuestion,centaur,0
centaur_228,KNIFE,,AUT,centaur,0
centaur_228,Develop as many design ideas as you can to help people with mobility impairments navigate stairs.,,Design,centaur,0
centaur_228,Develop as many design ideas as you can to increase the use of renewable energy sources.,,Design,centaur,0
centaur_228,You look outside one night and see stars disappearing one by one from the sky. What hypotheses do you have about why that is?,,SCTT-Hypothesis,centaur,0
centaur_228,PENCIL,,AUT,centaur,0
centaur_229,Develop as many design ideas as you can to reduce traffic congestion in mega cities.,Make it easier to drive cars (e.g. no traffic lights) so there are less traffic jams.,Design,centaur,16
centaur_229,PENCIL,Use the pencil as a small backscratcher,AUT,centaur,7
centaur_229,Develop as many design ideas as you can to assist people with memory impairments remember important tasks.,Give them reminders through mobile devices,Design,centaur,6
centaur_229,BUCKET,Use bucket as extra seat,AUT,centaur,5
centaur_229,Develop as many design ideas as you can to help people with mobility impairments navigate stairs.,Add rails onto the side of staircases to provide additional support,Design,centaur,11
centaur_229,Develop as many design ideas as you can to increase the use of renewable energy sources.,Incentives to encourage more citizens to buy solar panels/energy saving appliances,Design,centaur,11
centaur_229,key-door-lock,She used her keys to unlock the door. But she realized that someone had already unlocked the door before she did.,Story,centaur,21
centaur_229,bridge-river-cross,"The river was too big to cross on foot, so we built a bridge over it instead.",Story,centaur,17
centaur_229,BRICK,Use bricks to build tables/chairs,AUT,centaur,5
centaur_229,You travel on a spaceship to a new planet outside of our galaxy. What scientific questions could you ask about this planet?,What is the temperature? Does gravity exist?,SCTT-ResearchQuestion,centaur,7
centaur_229,You look outside one night and see stars disappearing one by one from the sky. What hypotheses do you have about why that is?,An asteroid hit Earth and created dust clouds which blocked out the light from the sun,SCTT-Hypothesis,centaur,16
centaur_229,You notice that the water in one lake is warmer than the water in another lake even though they both get the same amount of sunlight. What hypotheses do you have about why that is?,One lake might be smaller than the other,SCTT-Hypothesis,centaur,8
centaur_229,mirror-face-reflection,He looked at himself in the mirror and saw that he hadn't aged a day since he last checked. This made him worried.,Story,centaur,23
centaur_229,KNIFE,Use knife to carve wood sculptures,AUT,centaur,6
centaur_229,pen-paper-story,"She wrote a story on paper using a pen. When she finished writing, she read it again and again.",Story,centaur,19
centaur_229,You are introduced to a robot that can learn and think like humans. What scientific questions could you ask about this?,"Can robots feel emotions? If yes, how do they process emotion?",SCTT-ResearchQuestion,centaur,11
centaur_230,pen-paper-story,A man writes his life story on paper with a pen.,Story,centaur,11
centaur_230,Develop as many design ideas as you can to reduce traffic congestion in mega cities.,"Create a public transportation system where there are many buses, trains, and subways that run frequently, so that people will not need to drive their own cars as much.",Design,centaur,29
centaur_230,BRICK,"Use bricks to build a wall around your home, garden, or other property.",AUT,centaur,13
centaur_230,bridge-river-cross,I crossed the river over the bridge to reach the opposite side.,Story,centaur,12
centaur_230,BUCKET,"Place your bucket at the bottom of a tree during rain so it fills up with water. Then, take that water to water any plants or trees.",AUT,centaur,27
centaur_230,KNIFE,"If you want to cut through food quickly, use a knife.",AUT,centaur,11
centaur_230,You are introduced to a robot that can learn and think like humans. What scientific questions could you ask about this?,How long does it take for the robot to process information?,SCTT-ResearchQuestion,centaur,11
centaur_230,You notice that the water in one lake is warmer than the water in another lake even though they both get the same amount of sunlight. What hypotheses do you have about why that is?,The first lake may have more heat-trapping materials underneath the surface which causes the water to stay warm longer.,SCTT-Hypothesis,centaur,19
centaur_230,PENCIL,Draw a picture using your pencil.,AUT,centaur,6
centaur_230,You look outside one night and see stars disappearing one by one from the sky. What hypotheses do you have about why that is?,It might be a solar eclipse or a meteor shower.,SCTT-Hypothesis,centaur,10
centaur_230,Develop as many design ideas as you can to assist people with memory impairments remember important tasks.,Have them keep a notebook or device with reminders written down.,Design,centaur,11
centaur_230,Develop as many design ideas as you can to increase the use of renewable energy sources.,Put wind turbines and solar panels on every building.,Design,centaur,9
centaur_230,mirror-face-reflection,I looked into the mirror and saw my reflection looking back at me.,Story,centaur,13
centaur_230,Develop as many design ideas as you can to help people with mobility impairments navigate stairs.,Build elevators everywhere.,Design,centaur,3
centaur_230,You travel on a spaceship to a new planet outside of our galaxy. What scientific questions could you ask about this planet?,"Does the planet have oxygen and if so, how much?",SCTT-ResearchQuestion,centaur,10
centaur_230,key-door-lock,I used my key to open the door after unlocking it.,Story,centaur,11
centaur_231,KNIFE,,AUT,centaur,0
centaur_231,You travel on a spaceship to a new planet outside of our galaxy. What scientific questions could you ask about this planet?,,SCTT-ResearchQuestion,centaur,0
centaur_231,pen-paper-story,,Story,centaur,0
centaur_231,You look outside one night and see stars disappearing one by one from the sky. What hypotheses do you have about why that is?,,SCTT-Hypothesis,centaur,0
centaur_231,key-door-lock,,Story,centaur,0
centaur_231,Develop as many design ideas as you can to reduce traffic congestion in mega cities.,,Design,centaur,0
centaur_231,BUCKET,,AUT,centaur,0
centaur_231,Develop as many design ideas as you can to assist people with memory impairments remember important tasks.,,Design,centaur,0
centaur_231,bridge-river-cross,,Story,centaur,0
centaur_231,You notice that the water in one lake is warmer than the water in another lake even though they both get the same amount of sunlight. What hypotheses do you have about why that is?,,SCTT-Hypothesis,centaur,0
centaur_231,You are introduced to a robot that can learn and think like humans. What scientific questions could you ask about this?,,SCTT-ResearchQuestion,centaur,0
centaur_231,Develop as many design ideas as you can to increase the use of renewable energy sources.,,Design,centaur,0
centaur_231,Develop as many design ideas as you can to help people with mobility impairments navigate stairs.,,Design,centaur,0
centaur_231,mirror-face-reflection,,Story,centaur,0
centaur_231,PENCIL,,AUT,centaur,0
centaur_231,BRICK,,AUT,centaur,0
centaur_232,PENCIL,,AUT,centaur,0
centaur_232,You notice that the water in one lake is warmer than the water in another lake even though they both get the same amount of sunlight. What hypotheses do you have about why that is?,,SCTT-Hypothesis,centaur,0
centaur_232,BUCKET,,AUT,centaur,0
centaur_232,bridge-river-cross,,Story,centaur,0
centaur_232,pen-paper-story,,Story,centaur,0
centaur_232,Develop as many design ideas as you can to help people with mobility impairments navigate stairs.,,Design,centaur,0
centaur_232,You look outside one night and see stars disappearing one by one from the sky. What hypotheses do you have about why that is?,,SCTT-Hypothesis,centaur,0
centaur_232,You are introduced to a robot that can learn and think like humans. What scientific questions could you ask about this?,,SCTT-ResearchQuestion,centaur,0
centaur_232,Develop as many design ideas as you can to assist people with memory impairments remember important tasks.,,Design,centaur,0
centaur_232,Develop as many design ideas as you can to increase the use of renewable energy sources.,,Design,centaur,0
centaur_232,You travel on a spaceship to a new planet outside of our galaxy. What scientific questions could you ask about this planet?,,SCTT-ResearchQuestion,centaur,0
centaur_232,BRICK,,AUT,centaur,0
centaur_232,Develop as many design ideas as you can to reduce traffic congestion in mega cities.,,Design,centaur,0
centaur_232,key-door-lock,,Story,centaur,0
centaur_232,KNIFE,,AUT,centaur,0
centaur_232,mirror-face-reflection,,Story,centaur,0
centaur_233,Develop as many design ideas as you can to help people with mobility impairments navigate stairs.,You can build elevators for buildings with more than two floors.,Design,centaur,11
centaur_233,mirror-face-reflection,I walked up to a mirror only to realize it was another person's face.,Story,centaur,14
centaur_233,You are introduced to a robot that can learn and think like humans. What scientific questions could you ask about this?,How long would it take the robot to understand human thought processes? Will the robot act exactly how a human would when presented with a problem?,SCTT-ResearchQuestion,centaur,26
centaur_233,You travel on a spaceship to a new planet outside of our galaxy. What scientific questions could you ask about this planet?,Can we breathe on this planet? Is there oxygen? Can we survive on this planet without needing anything else?,SCTT-ResearchQuestion,centaur,19
centaur_233,You notice that the water in one lake is warmer than the water in another lake even though they both get the same amount of sunlight. What hypotheses do you have about why that is?,The first lake has more algae which absorb heat faster than the second lake.,SCTT-Hypothesis,centaur,14
centaur_233,Develop as many design ideas as you can to increase the use of renewable energy sources.,We can make solar panels cheaper so everyone can afford them. We can also provide tax breaks to those who install solar panels in their homes.,Design,centaur,26
centaur_233,PENCIL,You can create a wood carving out of pencils.,AUT,centaur,9
centaur_233,BUCKET,It can hold soil and seeds to grow plants.,AUT,centaur,9
centaur_233,key-door-lock,I walked into my house with a key but couldn't unlock the door because I didn't turn the key enough times.,Story,centaur,21
centaur_233,BRICK,You can put bricks together and make a wall for protection.,AUT,centaur,11
centaur_233,Develop as many design ideas as you can to assist people with memory impairments remember important tasks.,You can use post-it notes to write down important information that needs to be remembered.,Design,centaur,15
centaur_233,Develop as many design ideas as you can to reduce traffic congestion in mega cities.,"People can drive at different hours of the day. For example, some people leave work early so they can avoid rush hour traffic.",Design,centaur,23
centaur_233,bridge-river-cross,I wanted to cross the river so I built a bridge.,Story,centaur,11
centaur_233,You look outside one night and see stars disappearing one by one from the sky. What hypotheses do you have about why that is?,There is a giant black hole sucking in all of the stars.,SCTT-Hypothesis,centaur,12
centaur_233,pen-paper-story,I wrote a story on paper and read it back to myself.,Story,centaur,12
centaur_233,KNIFE,You can cut food into small pieces.,AUT,centaur,7
centaur_234,KNIFE,The knife could serve as a miniature sword used by kids in imaginative play.,AUT,centaur,14
centaur_234,bridge-river-cross,"There was once a man who wanted to cross over a river, so he built a bridge.",Story,centaur,17
centaur_234,You look outside one night and see stars disappearing one by one from the sky. What hypotheses do you have about why that is?,The stars might be burning out because the sun's light is blinding them.,SCTT-Hypothesis,centaur,13
centaur_234,key-door-lock,"A person forgot his keys, so he locked himself out of his house.",Story,centaur,13
centaur_234,mirror-face-reflection,A person saw their reflection in a mirror and became sad when they realized how old they were.,Story,centaur,18
centaur_234,Develop as many design ideas as you can to reduce traffic congestion in mega cities.,Traffic lights should operate at higher speeds during rush hour times.,Design,centaur,11
centaur_234,BUCKET,The bucket could act as a drum if it was hit with a stick.,AUT,centaur,14
centaur_234,You notice that the water in one lake is warmer than the water in another lake even though they both get the same amount of sunlight. What hypotheses do you have about why that is?,One of the lakes may contain more salt than the other which causes the water to hold heat better.,SCTT-Hypothesis,centaur,19
centaur_234,PENCIL,Pencil shavings could be used as kindling for a campfire.,AUT,centaur,10
centaur_234,BRICK,Bricks could be stacked up to create a makeshift wall.,AUT,centaur,10
centaur_234,You travel on a spaceship to a new planet outside of our galaxy. What scientific questions could you ask about this planet?,We could test whether the planet has any life forms.,SCTT-ResearchQuestion,centaur,10
centaur_234,Develop as many design ideas as you can to increase the use of renewable energy sources.,Solar panels could be installed on houses around the world.,Design,centaur,10
centaur_234,You are introduced to a robot that can learn and think like humans. What scientific questions could you ask about this?,I wonder how much power the robot uses compared to a human brain.,SCTT-ResearchQuestion,centaur,13
centaur_234,Develop as many design ideas as you can to help people with mobility impairments navigate stairs.,Staircases could be replaced with ramps.,Design,centaur,6
centaur_234,pen-paper-story,A person wrote a story on paper with a pen.,Story,centaur,10
centaur_234,Develop as many design ideas as you can to assist people with memory impairments remember important tasks.,People with memory impairments could wear watches that remind them of daily tasks.,Design,centaur,13
centaur_235,Develop as many design ideas as you can to increase the use of renewable energy sources.,use solar panels,Design,centaur,3
centaur_235,pen-paper-story,The man was writing a story on paper using his pen. It was going well until he ran out of ink so he put down his pen.,Story,centaur,27
centaur_235,You look outside one night and see stars disappearing one by one from the sky. What hypotheses do you have about why that is?,aliens could be abducting them,SCTT-Hypothesis,centaur,5
centaur_235,You notice that the water in one lake is warmer than the water in another lake even though they both get the same amount of sunlight. What hypotheses do you have about why that is?,it could be geothermal activity under the lake,SCTT-Hypothesis,centaur,8
centaur_235,key-door-lock,The man locked the door with his key. He heard a knock at the door so he unlocked it and opened it.,Story,centaur,22
centaur_235,Develop as many design ideas as you can to reduce traffic congestion in mega cities.,underground metro system,Design,centaur,3
centaur_235,You are introduced to a robot that can learn and think like humans. What scientific questions could you ask about this?,How does it work? Can it speak multiple languages? Does it feel emotion?,SCTT-ResearchQuestion,centaur,13
centaur_235,BUCKET,carry water to plants,AUT,centaur,4
centaur_235,Develop as many design ideas as you can to help people with mobility impairments navigate stairs.,escalators,Design,centaur,1
centaur_235,PENCIL,throw away your gum,AUT,centaur,4
centaur_235,mirror-face-reflection,I looked into the mirror but did not see my reflection. I was scared because I didn't know where it went.,Story,centaur,21
centaur_235,You travel on a spaceship to a new planet outside of our galaxy. What scientific questions could you ask about this planet?,Is there life here? What kind of environment is it? Will we survive here?,SCTT-ResearchQuestion,centaur,14
centaur_235,KNIFE,open presents during christmas,AUT,centaur,4
centaur_235,BRICK,build a wall around your garden,AUT,centaur,6
centaur_235,bridge-river-cross,A man walked across a long bridge over a river to cross to the other side.,Story,centaur,16
centaur_235,Develop as many design ideas as you can to assist people with memory impairments remember important tasks.,set alarms on their phones,Design,centaur,5
centaur_236,You are introduced to a robot that can learn and think like humans. What scientific questions could you ask about this?,How does it learn and develop its thinking process?,SCTT-ResearchQuestion,centaur,9
centaur_236,Develop as many design ideas as you can to help people with mobility impairments navigate stairs.,An elevator or escalator,Design,centaur,4
centaur_236,bridge-river-cross,The river was so beautiful I had to cross it.,Story,centaur,10
centaur_236,Develop as many design ideas as you can to assist people with memory impairments remember important tasks.,Use a personal assistant app,Design,centaur,5
centaur_236,You look outside one night and see stars disappearing one by one from the sky. What hypotheses do you have about why that is?,Stars were being blocked by a cloud,SCTT-Hypothesis,centaur,7
centaur_236,You notice that the water in one lake is warmer than the water in another lake even though they both get the same amount of sunlight. What hypotheses do you have about why that is?,One lake has more salt content which makes it warmer,SCTT-Hypothesis,centaur,10
centaur_236,mirror-face-reflection,My reflection stared back at me,Story,centaur,6
centaur_236,KNIFE,To cut food into small pieces,AUT,centaur,6
centaur_236,You travel on a spaceship to a new planet outside of our galaxy. What scientific questions could you ask about this planet?,Are there any living creatures here,SCTT-ResearchQuestion,centaur,6
centaur_236,pen-paper-story,"Using a pen and paper, I wrote my story",Story,centaur,9
centaur_236,key-door-lock,The door was locked but I didn't have my keys,Story,centaur,10
centaur_236,BRICK,To build a structure,AUT,centaur,4
centaur_236,PENCIL,To write words,AUT,centaur,3
centaur_236,Develop as many design ideas as you can to reduce traffic congestion in mega cities.,Increase carpooling,Design,centaur,2
centaur_236,Develop as many design ideas as you can to increase the use of renewable energy sources.,Develop solar panels,Design,centaur,3
centaur_236,BUCKET,To hold water,AUT,centaur,3
centaur_237,key-door-lock,SCENARIO: key-door-lock,Story,centaur,2
centaur_237,You are introduced to a robot that can learn and think like humans. What scientific questions could you ask about this?,SCENARIO: You are introduced to a robot that can learn and think like humans. What scientific questions could you ask about this?,SCTT-ResearchQuestion,centaur,22
centaur_237,KNIFE,SCENARIO: KNIFE,AUT,centaur,2
centaur_237,You look outside one night and see stars disappearing one by one from the sky. What hypotheses do you have about why that is?,SCENARIO: You look outside one night and see stars disappearing one by one from the sky. What hypotheses do you have about why that is?,SCTT-Hypothesis,centaur,25
centaur_237,You travel on a spaceship to a new planet outside of our galaxy. What scientific questions could you ask about this planet?,SCENARIO: You travel on a spaceship to a new planet outside of our galaxy. What scientific questions could you ask about this planet?,SCTT-ResearchQuestion,centaur,23
centaur_237,pen-paper-story,SCENARIO: pen-paper-story,Story,centaur,2
centaur_237,bridge-river-cross,SCENARIO: bridge-river-cross,Story,centaur,2
centaur_237,Develop as many design ideas as you can to reduce traffic congestion in mega cities.,SCENARIO: reduce traffic congestion in mega cities.,Design,centaur,7
centaur_237,Develop as many design ideas as you can to assist people with memory impairments remember important tasks.,SCENARIO: assist people with memory impairments remember important tasks.,Design,centaur,9
centaur_237,BRICK,SCENARIO: BRICK,AUT,centaur,2
centaur_237,You notice that the water in one lake is warmer than the water in another lake even though they both get the same amount of sunlight. What hypotheses do you have about why that is?,SCENARIO: You notice that the water in one lake is warmer than the water in another lake even though they both get the same amount of sunlight. What hypotheses do you have about why that is?,SCTT-Hypothesis,centaur,36
centaur_237,Develop as many design ideas as you can to increase the use of renewable energy sources.,SCENARIO: increase the use of renewable energy sources.,Design,centaur,8
centaur_237,PENCIL,SCENARIO: PENCIL,AUT,centaur,2
centaur_237,BUCKET,SCENARIO: BUCKET,AUT,centaur,2
centaur_237,mirror-face-reflection,SCENARIO: mirror-face-reflection,Story,centaur,2
centaur_237,Develop as many design ideas as you can to help people with mobility impairments navigate stairs.,SCENARIO: help people with mobility impairments navigate stairs.,Design,centaur,8
centaur_238,BUCKET,bucket as a helmet,AUT,centaur,4
centaur_238,Develop as many design ideas as you can to reduce traffic congestion in mega cities.,create public transport that goes underground so it doesn't interfere with road traffic,Design,centaur,13
centaur_238,Develop as many design ideas as you can to help people with mobility impairments navigate stairs.,"make a system where users can input their location and be directed to nearby stairs with accessibility features (e.g., elevator, escalator)",Design,centaur,21
centaur_238,You look outside one night and see stars disappearing one by one from the sky. What hypotheses do you have about why that is?,There is an entity destroying each star individually.,SCTT-Hypothesis,centaur,8
centaur_238,Develop as many design ideas as you can to assist people with memory impairments remember important tasks.,Use a watch or clock to notify the person at certain intervals when there is a task due.,Design,centaur,18
centaur_238,BRICK,bricks used as a bookshelf,AUT,centaur,5
centaur_238,PENCIL,pencils as drumsticks,AUT,centaur,3
centaur_238,You are introduced to a robot that can learn and think like humans. What scientific questions could you ask about this?,Can robots feel emotions?,SCTT-ResearchQuestion,centaur,4
centaur_238,Develop as many design ideas as you can to increase the use of renewable energy sources.,Develop cars that run off of renewable energy,Design,centaur,8
centaur_238,mirror-face-reflection,"A man looks into a mirror and sees his reflection staring back at him. As he stares, his face begins to morph into someone else's, making him wonder if he is going insane.",Story,centaur,33
centaur_238,pen-paper-story,A woman writes a story about how she met her husband. She uses many details to describe her first meeting and the events leading up to the wedding day.,Story,centaur,29
centaur_238,bridge-river-cross,"Two men are walking across a bridge over a river. They take a moment to admire the view, then continue on their journey.",Story,centaur,23
centaur_238,KNIFE,knife as a weapon,AUT,centaur,4
centaur_238,You notice that the water in one lake is warmer than the water in another lake even though they both get the same amount of sunlight. What hypotheses do you have about why that is?,"One lake may be deeper than the other, therefore the heat has less effect on its temperature.",SCTT-Hypothesis,centaur,17
centaur_238,You travel on a spaceship to a new planet outside of our galaxy. What scientific questions could you ask about this planet?,How did life originate on this planet?,SCTT-ResearchQuestion,centaur,7
centaur_238,key-door-lock,"A man locks his house door before leaving. He puts his keys in his pocket and walks away, not knowing that he left his wallet behind.",Story,centaur,26
centaur_239,pen-paper-story,I put my pen down and started writing a story. It was too long so I cut out some words and made it shorter. Then I added more details and made it longer again.,Story,centaur,34
centaur_239,bridge-river-cross,"The river was flowing rapidly and the bridge looked unstable. We crossed quickly without stopping to rest. On the other side, we found a place to sleep for the night.",Story,centaur,30
centaur_239,You look outside one night and see stars disappearing one by one from the sky. What hypotheses do you have about why that is?,Maybe there's something blocking the light from reaching Earth such as clouds or pollution.,SCTT-Hypothesis,centaur,14
centaur_239,key-door-lock,"I locked the door and tried to find my keys but they were nowhere to be found. After searching everywhere, I finally remembered where I left them.",Story,centaur,27
centaur_239,KNIFE,A knife can be used as a letter opener because its sharp blade makes cutting envelopes easy.,AUT,centaur,17
centaur_239,PENCIL,A pencil can double as a drumstick if you tap it against something hard enough.,AUT,centaur,15
centaur_239,Develop as many design ideas as you can to reduce traffic congestion in mega cities.,Implement toll roads during peak hours which will encourage carpooling and public transit usage while also raising funds for infrastructure improvements.,Design,centaur,21
centaur_239,Develop as many design ideas as you can to increase the use of renewable energy sources.,Promote green roofs and solar panels on buildings which not only generate electricity but also insulate homes reducing heating costs.,Design,centaur,20
centaur_239,Develop as many design ideas as you can to help people with mobility impairments navigate stairs.,Install escalators at staircases which move slowly allowing those who cannot walk up easily access to upper floors.,Design,centaur,18
centaur_239,BUCKET,Use buckets as planters by filling them with soil and planting flowers inside.,AUT,centaur,13
centaur_239,You are introduced to a robot that can learn and think like humans. What scientific questions could you ask about this?,How does the robot perceive itself compared to humans? Does it consider itself superior or inferior?,SCTT-ResearchQuestion,centaur,16
centaur_239,BRICK,Stack bricks together to create walls for temporary shelters during natural disasters when housing becomes scarce.,AUT,centaur,16
centaur_239,You travel on a spaceship to a new planet outside of our galaxy. What scientific questions could you ask about this planet?,Is there intelligent life on this planet? If so how advanced is their technology compared to ours?,SCTT-ResearchQuestion,centaur,17
centaur_239,You notice that the water in one lake is warmer than the water in another lake even though they both get the same amount of sunlight. What hypotheses do you have about why that is?,Perhaps one body of water has higher salinity levels causing its molecules to vibrate faster thus generating heat whereas the other lacks salt resulting in cooler temperatures.,SCTT-Hypothesis,centaur,27
centaur_239,mirror-face-reflection,Looking into the mirror I saw myself staring back at me. My reflection smiled as did I. We shared a moment before moving along with our day.,Story,centaur,27
centaur_239,Develop as many design ideas as you can to assist people with memory impairments remember important tasks.,Create apps designed specifically towards individuals suffering from Alzheimer's disease reminding them of daily activities through notifications and alarms.,Design,centaur,19
centaur_240,Develop as many design ideas as you can to reduce traffic congestion in mega cities.,Use underground tunnels as roads for vehicles.,Design,centaur,7
centaur_240,key-door-lock,The man used his key to unlock the door and enter the house.,Story,centaur,13
centaur_240,Develop as many design ideas as you can to help people with mobility impairments navigate stairs.,Create mechanical staircases that move up and down automatically.,Design,centaur,9
centaur_240,bridge-river-cross,The people crossed over the river using the bridge.,Story,centaur,9
centaur_240,PENCIL,Use it as a drum stick.,AUT,centaur,6
centaur_240,Develop as many design ideas as you can to increase the use of renewable energy sources.,Build more solar panels and wind turbines.,Design,centaur,7
centaur_240,Develop as many design ideas as you can to assist people with memory impairments remember important tasks.,Set alarms on their phone to remind them of tasks.,Design,centaur,10
centaur_240,You notice that the water in one lake is warmer than the water in another lake even though they both get the same amount of sunlight. What hypotheses do you have about why that is?,The first lake has less depth so the sun heats up the water faster.,SCTT-Hypothesis,centaur,14
centaur_240,KNIFE,Use it to cut out shapes from paper.,AUT,centaur,8
centaur_240,You are introduced to a robot that can learn and think like humans. What scientific questions could you ask about this?,How does the robot learn?,SCTT-ResearchQuestion,centaur,5
centaur_240,BRICK,Use bricks to make furniture such as tables and shelves.,AUT,centaur,10
centaur_240,You look outside one night and see stars disappearing one by one from the sky. What hypotheses do you have about why that is?,A large cloud is blocking the view of the stars.,SCTT-Hypothesis,centaur,10
centaur_240,pen-paper-story,He wrote a story using his pen and paper.,Story,centaur,9
centaur_240,You travel on a spaceship to a new planet outside of our galaxy. What scientific questions could you ask about this planet?,"Are there any signs of life? If not, what happened to wipe out all living organisms?",SCTT-ResearchQuestion,centaur,16
centaur_240,BUCKET,Use buckets as flower pots.,AUT,centaur,5
centaur_240,mirror-face-reflection,She saw her reflection in the mirror when she looked into it.,Story,centaur,12
centaur_241,BRICK,"A brick could serve as a weight, a doorstop, a decoration, or a tool to break glass.",AUT,centaur,17
centaur_241,pen-paper-story,The pen started writing out a story. It was all about paper. It included a person who wrote stories on pieces of paper. This person was a writer. They wrote many good books.,Story,centaur,33
centaur_241,You travel on a spaceship to a new planet outside of our galaxy. What scientific questions could you ask about this planet?,How old is the planet? How long has it been around?,SCTT-ResearchQuestion,centaur,11
centaur_241,Develop as many design ideas as you can to reduce traffic congestion in mega cities.,Put more bike lanes in so more people can ride their bikes. Have fewer parking spots for cars so less people drive them.,Design,centaur,23
centaur_241,Develop as many design ideas as you can to increase the use of renewable energy sources.,Make solar panels cheaper and easier to install. Put wind turbines in places where there is lots of wind.,Design,centaur,19
centaur_241,key-door-lock,Someone went up to the door. They pulled out the key and put it into the lock. They turned the key and opened the door. Then they walked inside.,Story,centaur,29
centaur_241,KNIFE,A knife can be used to open things other than food. It can cut through cardboard boxes. It can also open letters.,AUT,centaur,22
centaur_241,PENCIL,A pencil can be used to scratch your back. It can also poke holes in paper.,AUT,centaur,16
centaur_241,You look outside one night and see stars disappearing one by one from the sky. What hypotheses do you have about why that is?,Perhaps someone is collecting them for research. Maybe a space agency wants to study them.,SCTT-Hypothesis,centaur,15
centaur_241,Develop as many design ideas as you can to assist people with memory impairments remember important tasks.,A smart watch or phone app that reminds people when they need to do something. A voice assistant such as Alexa or Google Home can do this too.,Design,centaur,28
centaur_241,You are introduced to a robot that can learn and think like humans. What scientific questions could you ask about this?,Is it able to think logically? Can it make its own decisions? Does it have emotions?,SCTT-ResearchQuestion,centaur,16
centaur_241,mirror-face-reflection,There was a person standing in front of a mirror. They looked at themselves in the reflection. They saw their face in the mirror.,Story,centaur,24
centaur_241,BUCKET,A bucket can hold water for plants. It can carry dirt away after gardening. It can store small tools.,AUT,centaur,19
centaur_241,Develop as many design ideas as you can to help people with mobility impairments navigate stairs.,Put ramps next to staircases. Install elevators and escalators instead of just stairs. Provide wheelchairs for people who need them.,Design,centaur,20
centaur_241,bridge-river-cross,There was a river in between two towns. There was a bridge over the river. People would walk across the bridge to cross the river.,Story,centaur,25
centaur_241,You notice that the water in one lake is warmer than the water in another lake even though they both get the same amount of sunlight. What hypotheses do you have about why that is?,One lake may be in a sunny area while the other is in a shady spot. Or maybe one lake is closer to hot springs while the other is farther away.,SCTT-Hypothesis,centaur,31
centaur_242,Develop as many design ideas as you can to reduce traffic congestion in mega cities.,Make it easier for more cars to drive on the roads at once.,Design,centaur,13
centaur_242,PENCIL,Use as a drum stick.,AUT,centaur,5
centaur_242,You travel on a spaceship to a new planet outside of our galaxy. What scientific questions could you ask about this planet?,Is there life on this planet?,SCTT-ResearchQuestion,centaur,6
centaur_242,pen-paper-story,I wrote a story with a pen and paper and it had no end because it was only just beginning.,Story,centaur,20
centaur_242,You look outside one night and see stars disappearing one by one from the sky. What hypotheses do you have about why that is?,An advanced alien civilization is abducting the stars.,SCTT-Hypothesis,centaur,8
centaur_242,You are introduced to a robot that can learn and think like humans. What scientific questions could you ask about this?,Can the robots feel emotions?,SCTT-ResearchQuestion,centaur,5
centaur_242,Develop as many design ideas as you can to help people with mobility impairments navigate stairs.,Add ramps next to staircases.,Design,centaur,5
centaur_242,BRICK,Build a house out of bricks.,AUT,centaur,6
centaur_242,key-door-lock,The key fit into the lock but would not turn so I broke down the door instead.,Story,centaur,17
centaur_242,Develop as many design ideas as you can to increase the use of renewable energy sources.,Expand the availability of solar panels.,Design,centaur,6
centaur_242,You notice that the water in one lake is warmer than the water in another lake even though they both get the same amount of sunlight. What hypotheses do you have about why that is?,One lake has a greater source of heat under it.,SCTT-Hypothesis,centaur,10
centaur_242,KNIFE,Use knife to carve wood.,AUT,centaur,5
centaur_242,bridge-river-cross,We crossed the river over a bridge.,Story,centaur,7
centaur_242,BUCKET,Use bucket to collect rainwater.,AUT,centaur,5
centaur_242,Develop as many design ideas as you can to assist people with memory impairments remember important tasks.,Create a bracelet that buzzes when you need to remember something.,Design,centaur,11
centaur_242,mirror-face-reflection,When she looked in the mirror she saw her reflection looking back.,Story,centaur,12
centaur_243,key-door-lock,,Story,centaur,0
centaur_243,mirror-face-reflection,,Story,centaur,0
centaur_243,You look outside one night and see stars disappearing one by one from the sky. What hypotheses do you have about why that is?,,SCTT-Hypothesis,centaur,0
centaur_243,BUCKET,,AUT,centaur,0
centaur_243,Develop as many design ideas as you can to assist people with memory impairments remember important tasks.,,Design,centaur,0
centaur_243,You travel on a spaceship to a new planet outside of our galaxy. What scientific questions could you ask about this planet?,,SCTT-ResearchQuestion,centaur,0
centaur_243,pen-paper-story,,Story,centaur,0
centaur_243,You are introduced to a robot that can learn and think like humans. What scientific questions could you ask about this?,,SCTT-ResearchQuestion,centaur,0
centaur_243,Develop as many design ideas as you can to increase the use of renewable energy sources.,,Design,centaur,0
centaur_243,Develop as many design ideas as you can to help people with mobility impairments navigate stairs.,,Design,centaur,0
centaur_243,KNIFE,,AUT,centaur,0
centaur_243,BRICK,,AUT,centaur,0
centaur_243,Develop as many design ideas as you can to reduce traffic congestion in mega cities.,,Design,centaur,0
centaur_243,bridge-river-cross,,Story,centaur,0
centaur_243,You notice that the water in one lake is warmer than the water in another lake even though they both get the same amount of sunlight. What hypotheses do you have about why that is?,,SCTT-Hypothesis,centaur,0
centaur_243,PENCIL,,AUT,centaur,0
centaur_244,You are introduced to a robot that can learn and think like humans. What scientific questions could you ask about this?,How much electricity does it take to power the robot?,SCTT-ResearchQuestion,centaur,10
centaur_244,You notice that the water in one lake is warmer than the water in another lake even though they both get the same amount of sunlight. What hypotheses do you have about why that is?,The first lake has more vegetation so it absorbs more light and heat up quicker.,SCTT-Hypothesis,centaur,15
centaur_244,pen-paper-story,Pen writes paper and paper stores stories.,Story,centaur,7
centaur_244,Develop as many design ideas as you can to reduce traffic congestion in mega cities.,Create incentives for taking public transportation,Design,centaur,6
centaur_244,KNIFE,Use as a weapon,AUT,centaur,4
centaur_244,BUCKET,Turn upside down to create a seat,AUT,centaur,7
centaur_244,bridge-river-cross,People cross rivers using bridges.,Story,centaur,5
centaur_244,Develop as many design ideas as you can to increase the use of renewable energy sources.,Encourage people to buy hybrid cars,Design,centaur,6
centaur_244,PENCIL,Use as a weapon,AUT,centaur,4
centaur_244,You look outside one night and see stars disappearing one by one from the sky. What hypotheses do you have about why that is?,A satellite is blocking out the view of the sky.,SCTT-Hypothesis,centaur,10
centaur_244,key-door-lock,Unlocking doors with keys.,Story,centaur,4
centaur_244,BRICK,Brick as a makeshift dumbbell.,AUT,centaur,5
centaur_244,Develop as many design ideas as you can to assist people with memory impairments remember important tasks.,Make smart phone app that reminds them.,Design,centaur,7
centaur_244,mirror-face-reflection,Mirrors show reflections of faces.,Story,centaur,5
centaur_244,You travel on a spaceship to a new planet outside of our galaxy. What scientific questions could you ask about this planet?,Is there oxygen on the planet?,SCTT-ResearchQuestion,centaur,6
centaur_244,Develop as many design ideas as you can to help people with mobility impairments navigate stairs.,Install escalators at every staircase.,Design,centaur,5
centaur_245,mirror-face-reflection,"The woman looks at herself in the mirror, but her reflection appears different than she expects.",Story,centaur,16
centaur_245,bridge-river-cross,The old wooden bridge crosses over the river and the man walks across it to reach his destination.,Story,centaur,18
centaur_245,BRICK,a brick could be used as a weight when exercising,AUT,centaur,10
centaur_245,BUCKET,a bucket could be used to collect rainwater,AUT,centaur,8
centaur_245,Develop as many design ideas as you can to assist people with memory impairments remember important tasks.,there could be a smartphone app that sends reminders for tasks,Design,centaur,11
centaur_245,You are introduced to a robot that can learn and think like humans. What scientific questions could you ask about this?,I would wonder if the robot was ethical or moral since it can make its own decisions,SCTT-ResearchQuestion,centaur,17
centaur_245,You look outside one night and see stars disappearing one by one from the sky. What hypotheses do you have about why that is?,my hypothesis is that aliens were attacking earth and destroying the stars,SCTT-Hypothesis,centaur,12
centaur_245,Develop as many design ideas as you can to help people with mobility impairments navigate stairs.,there could be an elevator that could fit a wheelchair or other mobility devices,Design,centaur,14
centaur_245,key-door-lock,the person unlocks the door with their key and enters the room.,Story,centaur,12
centaur_245,You notice that the water in one lake is warmer than the water in another lake even though they both get the same amount of sunlight. What hypotheses do you have about why that is?,my hypothesis is that the first lake gets more wind which keeps it cooler while the second lake has no wind so it stays warm,SCTT-Hypothesis,centaur,25
centaur_245,KNIFE,a knife could be used to cut string or rope,AUT,centaur,10
centaur_245,PENCIL,a pencil could be used to make art,AUT,centaur,8
centaur_245,Develop as many design ideas as you can to increase the use of renewable energy sources.,we could create solar panels that are cheaper or more efficient,Design,centaur,11
centaur_245,Develop as many design ideas as you can to reduce traffic congestion in mega cities.,we could build roads that go above ground to add more space for cars,Design,centaur,14
centaur_245,You travel on a spaceship to a new planet outside of our galaxy. What scientific questions could you ask about this planet?,I would wonder how long it took to reach the planet and what kind of life exists there,SCTT-ResearchQuestion,centaur,18
centaur_245,pen-paper-story,the writer writes down his story on paper with his favorite fountain pen.,Story,centaur,13
centaur_186,bridge-river-cross,,Story,centaur,0
centaur_186,pen-paper-story,,Story,centaur,0
centaur_186,BRICK,,AUT,centaur,0
centaur_186,You are introduced to a robot that can learn and think like humans. What scientific questions could you ask about this?,,SCTT-ResearchQuestion,centaur,0
centaur_186,BUCKET,,AUT,centaur,0
centaur_186,mirror-face-reflection,,Story,centaur,0
centaur_186,Develop as many design ideas as you can to assist people with memory impairments remember important tasks.,,Design,centaur,0
centaur_186,Develop as many design ideas as you can to reduce traffic congestion in mega cities.,,Design,centaur,0
centaur_186,Develop as many design ideas as you can to help people with mobility impairments navigate stairs.,,Design,centaur,0
centaur_186,You look outside one night and see stars disappearing one by one from the sky. What hypotheses do you have about why that is?,,SCTT-Hypothesis,centaur,0
centaur_186,key-door-lock,,Story,centaur,0
centaur_186,You notice that the water in one lake is warmer than the water in another lake even though they both get the same amount of sunlight. What hypotheses do you have about why that is?,,SCTT-Hypothesis,centaur,0
centaur_186,Develop as many design ideas as you can to increase the use of renewable energy sources.,,Design,centaur,0
centaur_186,PENCIL,,AUT,centaur,0
centaur_186,You travel on a spaceship to a new planet outside of our galaxy. What scientific questions could you ask about this planet?,,SCTT-ResearchQuestion,centaur,0
centaur_186,KNIFE,,AUT,centaur,0
centaur_187,KNIFE,,AUT,centaur,0
centaur_187,You look outside one night and see stars disappearing one by one from the sky. What hypotheses do you have about why that is?,,SCTT-Hypothesis,centaur,0
centaur_187,BUCKET,,AUT,centaur,0
centaur_187,pen-paper-story,,Story,centaur,0
centaur_187,BRICK,,AUT,centaur,0
centaur_187,Develop as many design ideas as you can to help people with mobility impairments navigate stairs.,,Design,centaur,0
centaur_187,You notice that the water in one lake is warmer than the water in another lake even though they both get the same amount of sunlight. What hypotheses do you have about why that is?,,SCTT-Hypothesis,centaur,0
centaur_187,Develop as many design ideas as you can to increase the use of renewable energy sources.,,Design,centaur,0
centaur_187,Develop as many design ideas as you can to reduce traffic congestion in mega cities.,,Design,centaur,0
centaur_187,You travel on a spaceship to a new planet outside of our galaxy. What scientific questions could you ask about this planet?,,SCTT-ResearchQuestion,centaur,0
centaur_187,mirror-face-reflection,,Story,centaur,0
centaur_187,Develop as many design ideas as you can to assist people with memory impairments remember important tasks.,,Design,centaur,0
centaur_187,You are introduced to a robot that can learn and think like humans. What scientific questions could you ask about this?,,SCTT-ResearchQuestion,centaur,0
centaur_187,key-door-lock,,Story,centaur,0
centaur_187,PENCIL,,AUT,centaur,0
centaur_187,bridge-river-cross,,Story,centaur,0
centaur_188,KNIFE,,AUT,centaur,0
centaur_188,You notice that the water in one lake is warmer than the water in another lake even though they both get the same amount of sunlight. What hypotheses do you have about why that is?,,SCTT-Hypothesis,centaur,0
centaur_188,You look outside one night and see stars disappearing one by one from the sky. What hypotheses do you have about why that is?,,SCTT-Hypothesis,centaur,0
centaur_188,mirror-face-reflection,,Story,centaur,0
centaur_188,key-door-lock,,Story,centaur,0
centaur_188,bridge-river-cross,,Story,centaur,0
centaur_188,You are introduced to a robot that can learn and think like humans. What scientific questions could you ask about this?,,SCTT-ResearchQuestion,centaur,0
centaur_188,BUCKET,,AUT,centaur,0
centaur_188,You travel on a spaceship to a new planet outside of our galaxy. What scientific questions could you ask about this planet?,,SCTT-ResearchQuestion,centaur,0
centaur_188,PENCIL,,AUT,centaur,0
centaur_188,Develop as many design ideas as you can to increase the use of renewable energy sources.,,Design,centaur,0
centaur_188,Develop as many design ideas as you can to help people with mobility impairments navigate stairs.,,Design,centaur,0
centaur_188,BRICK,,AUT,centaur,0
centaur_188,Develop as many design ideas as you can to assist people with memory impairments remember important tasks.,,Design,centaur,0
centaur_188,pen-paper-story,,Story,centaur,0
centaur_188,Develop as many design ideas as you can to reduce traffic congestion in mega cities.,,Design,centaur,0
centaur_189,bridge-river-cross,,Story,centaur,0
centaur_189,Develop as many design ideas as you can to increase the use of renewable energy sources.,,Design,centaur,0
centaur_189,key-door-lock,,Story,centaur,0
centaur_189,BUCKET,,AUT,centaur,0
centaur_189,You look outside one night and see stars disappearing one by one from the sky. What hypotheses do you have about why that is?,,SCTT-Hypothesis,centaur,0
centaur_189,KNIFE,,AUT,centaur,0
centaur_189,You travel on a spaceship to a new planet outside of our galaxy. What scientific questions could you ask about this planet?,,SCTT-ResearchQuestion,centaur,0
centaur_189,Develop as many design ideas as you can to reduce traffic congestion in mega cities.,,Design,centaur,0
centaur_189,Develop as many design ideas as you can to assist people with memory impairments remember important tasks.,,Design,centaur,0
centaur_189,BRICK,,AUT,centaur,0
centaur_189,Develop as many design ideas as you can to help people with mobility impairments navigate stairs.,,Design,centaur,0
centaur_189,PENCIL,,AUT,centaur,0
centaur_189,You notice that the water in one lake is warmer than the water in another lake even though they both get the same amount of sunlight. What hypotheses do you have about why that is?,,SCTT-Hypothesis,centaur,0
centaur_189,mirror-face-reflection,,Story,centaur,0
centaur_189,pen-paper-story,,Story,centaur,0
centaur_189,You are introduced to a robot that can learn and think like humans. What scientific questions could you ask about this?,,SCTT-ResearchQuestion,centaur,0
centaur_190,bridge-river-cross,,Story,centaur,0
centaur_190,key-door-lock,,Story,centaur,0
centaur_190,pen-paper-story,,Story,centaur,0
centaur_190,You notice that the water in one lake is warmer than the water in another lake even though they both get the same amount of sunlight. What hypotheses do you have about why that is?,,SCTT-Hypothesis,centaur,0
centaur_190,You look outside one night and see stars disappearing one by one from the sky. What hypotheses do you have about why that is?,,SCTT-Hypothesis,centaur,0
centaur_190,You travel on a spaceship to a new planet outside of our galaxy. What scientific questions could you ask about this planet?,,SCTT-ResearchQuestion,centaur,0
centaur_190,Develop as many design ideas as you can to assist people with memory impairments remember important tasks.,,Design,centaur,0
centaur_190,BRICK,,AUT,centaur,0
centaur_190,BUCKET,,AUT,centaur,0
centaur_190,You are introduced to a robot that can learn and think like humans. What scientific questions could you ask about this?,,SCTT-ResearchQuestion,centaur,0
centaur_190,mirror-face-reflection,,Story,centaur,0
centaur_190,Develop as many design ideas as you can to help people with mobility impairments navigate stairs.,,Design,centaur,0
centaur_190,PENCIL,,AUT,centaur,0
centaur_190,KNIFE,,AUT,centaur,0
centaur_190,Develop as many design ideas as you can to increase the use of renewable energy sources.,,Design,centaur,0
centaur_190,Develop as many design ideas as you can to reduce traffic congestion in mega cities.,,Design,centaur,0
centaur_191,You travel on a spaceship to a new planet outside of our galaxy. What scientific questions could you ask about this planet?,,SCTT-ResearchQuestion,centaur,0
centaur_191,BRICK,,AUT,centaur,0
centaur_191,BUCKET,,AUT,centaur,0
centaur_191,bridge-river-cross,,Story,centaur,0
centaur_191,Develop as many design ideas as you can to increase the use of renewable energy sources.,,Design,centaur,0
centaur_191,KNIFE,,AUT,centaur,0
centaur_191,pen-paper-story,,Story,centaur,0
centaur_191,You notice that the water in one lake is warmer than the water in another lake even though they both get the same amount of sunlight. What hypotheses do you have about why that is?,,SCTT-Hypothesis,centaur,0
centaur_191,You look outside one night and see stars disappearing one by one from the sky. What hypotheses do you have about why that is?,,SCTT-Hypothesis,centaur,0
centaur_191,mirror-face-reflection,,Story,centaur,0
centaur_191,key-door-lock,,Story,centaur,0
centaur_191,Develop as many design ideas as you can to assist people with memory impairments remember important tasks.,,Design,centaur,0
centaur_191,Develop as many design ideas as you can to help people with mobility impairments navigate stairs.,,Design,centaur,0
centaur_191,Develop as many design ideas as you can to reduce traffic congestion in mega cities.,,Design,centaur,0
centaur_191,PENCIL,,AUT,centaur,0
centaur_191,You are introduced to a robot that can learn and think like humans. What scientific questions could you ask about this?,,SCTT-ResearchQuestion,centaur,0
centaur_192,You are introduced to a robot that can learn and think like humans. What scientific questions could you ask about this?,,SCTT-ResearchQuestion,centaur,0
centaur_192,bridge-river-cross,,Story,centaur,0
centaur_192,Develop as many design ideas as you can to increase the use of renewable energy sources.,,Design,centaur,0
centaur_192,BRICK,,AUT,centaur,0
centaur_192,PENCIL,,AUT,centaur,0
centaur_192,You look outside one night and see stars disappearing one by one from the sky. What hypotheses do you have about why that is?,,SCTT-Hypothesis,centaur,0
centaur_192,pen-paper-story,,Story,centaur,0
centaur_192,Develop as many design ideas as you can to help people with mobility impairments navigate stairs.,,Design,centaur,0
centaur_192,Develop as many design ideas as you can to reduce traffic congestion in mega cities.,,Design,centaur,0
centaur_192,mirror-face-reflection,,Story,centaur,0
centaur_192,You notice that the water in one lake is warmer than the water in another lake even though they both get the same amount of sunlight. What hypotheses do you have about why that is?,,SCTT-Hypothesis,centaur,0
centaur_192,BUCKET,,AUT,centaur,0
centaur_192,key-door-lock,,Story,centaur,0
centaur_192,KNIFE,,AUT,centaur,0
centaur_192,Develop as many design ideas as you can to assist people with memory impairments remember important tasks.,,Design,centaur,0
centaur_192,You travel on a spaceship to a new planet outside of our galaxy. What scientific questions could you ask about this planet?,,SCTT-ResearchQuestion,centaur,0
centaur_193,mirror-face-reflection,,Story,centaur,0
centaur_193,key-door-lock,,Story,centaur,0
centaur_193,PENCIL,,AUT,centaur,0
centaur_193,KNIFE,,AUT,centaur,0
centaur_193,Develop as many design ideas as you can to help people with mobility impairments navigate stairs.,,Design,centaur,0
centaur_193,Develop as many design ideas as you can to increase the use of renewable energy sources.,,Design,centaur,0
centaur_193,You travel on a spaceship to a new planet outside of our galaxy. What scientific questions could you ask about this planet?,,SCTT-ResearchQuestion,centaur,0
centaur_193,pen-paper-story,,Story,centaur,0
centaur_193,BUCKET,,AUT,centaur,0
centaur_193,You notice that the water in one lake is warmer than the water in another lake even though they both get the same amount of sunlight. What hypotheses do you have about why that is?,,SCTT-Hypothesis,centaur,0
centaur_193,You look outside one night and see stars disappearing one by one from the sky. What hypotheses do you have about why that is?,,SCTT-Hypothesis,centaur,0
centaur_193,bridge-river-cross,,Story,centaur,0
centaur_193,BRICK,,AUT,centaur,0
centaur_193,Develop as many design ideas as you can to assist people with memory impairments remember important tasks.,,Design,centaur,0
centaur_193,You are introduced to a robot that can learn and think like humans. What scientific questions could you ask about this?,,SCTT-ResearchQuestion,centaur,0
centaur_193,Develop as many design ideas as you can to reduce traffic congestion in mega cities.,,Design,centaur,0
centaur_194,Develop as many design ideas as you can to assist people with memory impairments remember important tasks.,,Design,centaur,0
centaur_194,BRICK,,AUT,centaur,0
centaur_194,Develop as many design ideas as you can to help people with mobility impairments navigate stairs.,,Design,centaur,0
centaur_194,pen-paper-story,,Story,centaur,0
centaur_194,You travel on a spaceship to a new planet outside of our galaxy. What scientific questions could you ask about this planet?,,SCTT-ResearchQuestion,centaur,0
centaur_194,You are introduced to a robot that can learn and think like humans. What scientific questions could you ask about this?,,SCTT-ResearchQuestion,centaur,0
centaur_194,mirror-face-reflection,,Story,centaur,0
centaur_194,PENCIL,,AUT,centaur,0
centaur_194,BUCKET,,AUT,centaur,0
centaur_194,You notice that the water in one lake is warmer than the water in another lake even though they both get the same amount of sunlight. What hypotheses do you have about why that is?,,SCTT-Hypothesis,centaur,0
centaur_194,key-door-lock,,Story,centaur,0
centaur_194,KNIFE,,AUT,centaur,0
centaur_194,Develop as many design ideas as you can to reduce traffic congestion in mega cities.,,Design,centaur,0
centaur_194,You look outside one night and see stars disappearing one by one from the sky. What hypotheses do you have about why that is?,,SCTT-Hypothesis,centaur,0
centaur_194,bridge-river-cross,,Story,centaur,0
centaur_194,Develop as many design ideas as you can to increase the use of renewable energy sources.,,Design,centaur,0
centaur_195,You notice that the water in one lake is warmer than the water in another lake even though they both get the same amount of sunlight. What hypotheses do you have about why that is?,,SCTT-Hypothesis,centaur,0
centaur_195,Develop as many design ideas as you can to reduce traffic congestion in mega cities.,,Design,centaur,0
centaur_195,pen-paper-story,,Story,centaur,0
centaur_195,KNIFE,,AUT,centaur,0
centaur_195,You are introduced to a robot that can learn and think like humans. What scientific questions could you ask about this?,,SCTT-ResearchQuestion,centaur,0
centaur_195,You look outside one night and see stars disappearing one by one from the sky. What hypotheses do you have about why that is?,,SCTT-Hypothesis,centaur,0
centaur_195,You travel on a spaceship to a new planet outside of our galaxy. What scientific questions could you ask about this planet?,,SCTT-ResearchQuestion,centaur,0
centaur_195,BUCKET,,AUT,centaur,0
centaur_195,mirror-face-reflection,,Story,centaur,0
centaur_195,BRICK,,AUT,centaur,0
centaur_195,key-door-lock,,Story,centaur,0
centaur_195,PENCIL,,AUT,centaur,0
centaur_195,Develop as many design ideas as you can to increase the use of renewable energy sources.,,Design,centaur,0
centaur_195,Develop as many design ideas as you can to assist people with memory impairments remember important tasks.,,Design,centaur,0
centaur_195,bridge-river-cross,,Story,centaur,0
centaur_195,Develop as many design ideas as you can to help people with mobility impairments navigate stairs.,,Design,centaur,0
