entity_id,prompt,response,task,source,word_count
gemini_001,Develop as many design ideas as you can to reduce traffic congestion in mega cities.,"Implement a modular ""pod"" system that travels along magnetic tracks mounted to existing building facades above street level.",Design,gemini,18
gemini_001,BRICK,"Heat it in an oven and wrap it in a towel to use as a rustic, long-lasting bed warmer.",AUT,gemini,19
gemini_001,bridge-river-cross,"The ancient stone bridge spanned the raging river below. Elara hesitated, unsure if she should cross. With a deep breath, she took the first step. The wood creaked under her weight. She finally reached the other side.",Story,gemini,37
gemini_001,You look outside one night and see stars disappearing one by one from the sky. What hypotheses do you have about why that is?,"A dense, previously undetected cloud of interstellar dust is passing between Earth and the distant stars, obscuring their light.",SCTT-Hypothesis,gemini,19
gemini_001,Develop as many design ideas as you can to assist people with memory impairments remember important tasks.,"Smart glasses that use object recognition to project holographic ""digital sticky notes"" directly onto relevant household items.",Design,gemini,17
gemini_001,Develop as many design ideas as you can to increase the use of renewable energy sources.,Standardize the installation of piezoelectric floor tiles in all high-traffic public transit hubs to harvest energy from commuters' footsteps.,Design,gemini,19
gemini_001,mirror-face-reflection,"He wiped the steam off the bathroom mirror. His tired face stared back at him. However, the reflection didn't blink when he did. He touched the glass in disbelief.",Story,gemini,29
gemini_001,You are introduced to a robot that can learn and think like humans. What scientific questions could you ask about this?,Does the robot's cognitive architecture utilize a synthetic equivalent to synaptic pruning to optimize its learning efficiency over time?,SCTT-ResearchQuestion,gemini,19
gemini_001,BUCKET,"Flip it over and use it as a portable, resonant percussion instrument for street performances.",AUT,gemini,15
gemini_001,pen-paper-story,"The silver pen danced across the yellowed paper. A grand story began to unfold with every stroke. Characters breathed life into the silent room. The ink dried, sealing their fates forever.",Story,gemini,31
gemini_001,You notice that the water in one lake is warmer than the water in another lake even though they both get the same amount of sunlight. What hypotheses do you have about why that is?,The warmer lake likely has a darker-colored lakebed or a higher concentration of suspended particulates that increase its solar absorption.,SCTT-Hypothesis,gemini,20
gemini_001,key-door-lock,The rusted key turned slowly in the heavy door. The lock groaned but eventually yielded. She stepped into the forgotten attic. Everything was exactly as she had left it.,Story,gemini,29
gemini_001,Develop as many design ideas as you can to help people with mobility impairments navigate stairs.,"Install slim, retractable ""caterpillar track"" overlays on existing stairs that can be engaged to smoothly carry wheelchairs upward.",Design,gemini,18
gemini_001,You travel on a spaceship to a new planet outside of our galaxy. What scientific questions could you ask about this planet?,Does the planet’s magnetic field provide enough protection against cosmic radiation to support the development of complex organic molecules?,SCTT-ResearchQuestion,gemini,19
gemini_001,PENCIL,Use the graphite tip as an emergency lubricant for a stuck zipper by rubbing it along the metal teeth.,AUT,gemini,19
gemini_001,KNIFE,"Use the flat, polished surface of the blade as an improvised signal mirror to reflect sunlight toward distant rescuers.",AUT,gemini,19
gemini_002,You look outside one night and see stars disappearing one by one from the sky. What hypotheses do you have about why that is?,"A massive, ultra-diffuse cloud of interstellar dust is passing through our local quadrant, sequentially obscuring the light from distant stars as it moves.",SCTT-Hypothesis,gemini,23
gemini_002,PENCIL,Use the graphite core as an emergency conductive bridge to repair a broken trace on a low-voltage circuit board.,AUT,gemini,19
gemini_002,Develop as many design ideas as you can to reduce traffic congestion in mega cities.,"Deploy a network of autonomous, overhead magnetic-levitation pods that utilize existing utility pole infrastructure to bypass ground-level traffic.",Design,gemini,18
gemini_002,pen-paper-story,"He gripped the silver pen with trembling fingers. The blank paper felt like an invitation to a secret world. Words began to flow, weaving a tale of forgotten kingdoms. This story would finally set his restless spirit free.",Story,gemini,38
gemini_002,Develop as many design ideas as you can to assist people with memory impairments remember important tasks.,"Wearable augmented reality glasses that project digital ""glow"" effects and floating instructional labels onto physical objects needed for daily routines.",Design,gemini,20
gemini_002,key-door-lock,"The heavy iron key felt cold in her palm. She inserted it slowly into the rusted lock. With a sharp click, the ancient door swung inward. Dust motes danced in the light of the hidden chamber.",Story,gemini,36
gemini_002,Develop as many design ideas as you can to increase the use of renewable energy sources.,"Integrate transparent, thin-film solar cells into all commercial skyscraper windows to transform urban skylines into massive, passive power generators.",Design,gemini,19
gemini_002,BUCKET,Flip the bucket over to serve as a portable resonant drum for street performances.,AUT,gemini,14
gemini_002,mirror-face-reflection,"She leaned toward the silvered mirror to inspect the bruise. A different face stared back with a haunting, knowing smile. Her reflection had ceased to mimic her movements entirely. Fear chilled her blood as she realized she was no longer alone.",Story,gemini,41
gemini_002,BRICK,"Use it as a heavy-duty, industrial-chic bookend for a sprawling collection of hardcover novels.",AUT,gemini,14
gemini_002,Develop as many design ideas as you can to help people with mobility impairments navigate stairs.,"Install a modular, voice-activated platform that glides along a low-profile electromagnetic rail integrated into the existing staircase banister.",Design,gemini,18
gemini_002,You notice that the water in one lake is warmer than the water in another lake even though they both get the same amount of sunlight. What hypotheses do you have about why that is?,"The warmer lake may be fed by subterranean geothermal springs or possess a dark, basaltic bed that absorbs significantly more thermal energy than the other lake's sandy bottom.",SCTT-Hypothesis,gemini,28
gemini_002,bridge-river-cross,"The stone bridge groaned under the weight of the autumn wind. Below, the river churned with white-capped fury. They needed to cross before the storm broke the banks. One careful step at a time, they braved the narrow path to safety.",Story,gemini,41
gemini_002,You are introduced to a robot that can learn and think like humans. What scientific questions could you ask about this?,How does the robot’s neural architecture simulate the biological process of synaptic pruning to prioritize long-term memory over trivial sensory input?,SCTT-ResearchQuestion,gemini,21
gemini_002,KNIFE,"Use the flat, polished side of a stainless steel blade as an emergency signaling mirror to reflect sunlight toward rescuers.",AUT,gemini,20
gemini_002,You travel on a spaceship to a new planet outside of our galaxy. What scientific questions could you ask about this planet?,Does the planet’s magnetosphere exhibit unique spectral signatures indicating interaction with the intergalactic medium rather than a standard galactic solar wind?,SCTT-ResearchQuestion,gemini,21
gemini_003,Develop as many design ideas as you can to reduce traffic congestion in mega cities.,Implement a network of underground automated freight conveyor belts to remove all commercial delivery vehicles from surface streets.,Design,gemini,18
gemini_003,PENCIL,Rub the pencil lead onto a stuck zipper to use the graphite as a dry lubricant.,AUT,gemini,16
gemini_003,You look outside one night and see stars disappearing one by one from the sky. What hypotheses do you have about why that is?,"A vast, localized cloud of non-reflective interstellar dust is drifting between Earth and the distant stars, obscuring their light as it moves.",SCTT-Hypothesis,gemini,22
gemini_003,BRICK,Place a brick inside a toilet's water tank to displace volume and reduce the amount of water used during every flush.,AUT,gemini,21
gemini_003,You are introduced to a robot that can learn and think like humans. What scientific questions could you ask about this?,Does the robot’s neural architecture undergo a biological-style synaptic pruning process during inactive cycles to optimize its long-term memory storage?,SCTT-ResearchQuestion,gemini,20
gemini_003,Develop as many design ideas as you can to assist people with memory impairments remember important tasks.,Utilize augmented reality glasses that overlay glowing paths and floating instructions directly onto household objects to guide users through daily routines.,Design,gemini,21
gemini_003,key-door-lock,"The old brass key felt heavy in his trembling hand. He slid it into the rusty lock, hearing a satisfying click. The heavy oak door groaned as it finally swung open. Secrets hidden for decades were finally revealed.",Story,gemini,38
gemini_003,You travel on a spaceship to a new planet outside of our galaxy. What scientific questions could you ask about this planet?,How does the elemental composition of this planet's crust differ from Earth's given its formation in a galaxy with a significantly lower metallicity gradient?,SCTT-ResearchQuestion,gemini,24
gemini_003,Develop as many design ideas as you can to increase the use of renewable energy sources.,Apply transparent solar-harvesting film to all skyscraper windows to transform urban skylines into massive vertical power plants.,Design,gemini,17
gemini_003,Develop as many design ideas as you can to help people with mobility impairments navigate stairs.,"Install modular, high-pressure inflatable ramps that deploy instantly via smartphone to provide a smooth incline over existing urban staircases.",Design,gemini,19
gemini_003,BUCKET,Flip the bucket upside down to use as a makeshift djembe drum for an impromptu street performance.,AUT,gemini,17
gemini_003,KNIFE,Use the flat side of a dull blade to crush garlic cloves effortlessly against a cutting board.,AUT,gemini,17
gemini_003,pen-paper-story,"She pressed the ink-stained pen against the crisp white paper. Every stroke breathed life into a brand new story. The characters danced through the margins of the page. By dawn, a whole world had been born.",Story,gemini,36
gemini_003,mirror-face-reflection,"He stood silently before the silvered mirror. A strange face stared back, mimicking his every blink. The reflection seemed to hold a secret he had long forgotten. He touched the cold glass, but the image didn't flinch.",Story,gemini,37
gemini_003,You notice that the water in one lake is warmer than the water in another lake even though they both get the same amount of sunlight. What hypotheses do you have about why that is?,"The warmer lake may be situated over a localized geothermal vent or possess a darker, high-albedo sediment bed that absorbs more thermal energy.",SCTT-Hypothesis,gemini,23
gemini_003,bridge-river-cross,"A narrow stone bridge stretched across the churning river. Travelers hesitated to cross the slippery, moss-covered path. Below, the water roared against the ancient pillars. One brave soul finally stepped forward into the mist.",Story,gemini,34
gemini_004,Develop as many design ideas as you can to increase the use of renewable energy sources.,Integrate transparent solar harvesters into all skyscraper windows to turn city skylines into vertical power plants.,Design,gemini,16
gemini_004,You are introduced to a robot that can learn and think like humans. What scientific questions could you ask about this?,How does the robot's architectural framework manage the biological-equivalent trade-off between synaptic plasticity and long-term memory stability?,SCTT-ResearchQuestion,gemini,17
gemini_004,PENCIL,Use the graphite core as an emergency dry lubricant for a stuck mechanical zipper.,AUT,gemini,14
gemini_004,Develop as many design ideas as you can to assist people with memory impairments remember important tasks.,"Augmented reality glasses that project holographic ""breadcrumb"" trails leading to the location of frequently misplaced items or scheduled tasks.",Design,gemini,19
gemini_004,Develop as many design ideas as you can to reduce traffic congestion in mega cities.,"A dynamic, modular transit system where individual autonomous pods merge into high-speed platoons on main arteries and detach for neighborhood delivery.",Design,gemini,21
gemini_004,Develop as many design ideas as you can to help people with mobility impairments navigate stairs.,"A portable, retractable tread attachment for wheelchairs that utilizes planetary wheel sets to climb standard steps.",Design,gemini,16
gemini_004,KNIFE,"Using the flat, polished side of a blade as an emergency signal mirror for rescue teams.",AUT,gemini,16
gemini_004,bridge-river-cross,"The ancient stone bridge groaned under the weight of the traveler. Below, the rushing river roared with hungry impatience. He had to cross before the storm arrived. One final leap secured his safety on the far bank.",Story,gemini,37
gemini_004,You travel on a spaceship to a new planet outside of our galaxy. What scientific questions could you ask about this planet?,Does the planet’s magnetosphere show evidence of interaction with intergalactic medium particles unique to its host galaxy's specific chemical evolution?,SCTT-ResearchQuestion,gemini,20
gemini_004,You notice that the water in one lake is warmer than the water in another lake even though they both get the same amount of sunlight. What hypotheses do you have about why that is?,The warmer lake likely possesses a darker bed composition or higher turbidity that absorbs and retains more thermal energy from solar radiation.,SCTT-Hypothesis,gemini,22
gemini_004,BUCKET,Invert the bucket to serve as a makeshift acoustic resonance chamber for a street musician’s percussion set.,AUT,gemini,17
gemini_004,key-door-lock,"The silver key felt cold in her trembling hand. She inserted it slowly into the rusted lock. With a sharp click, the heavy door finally yielded. Her journey into the past had only just begun.",Story,gemini,35
gemini_004,You look outside one night and see stars disappearing one by one from the sky. What hypotheses do you have about why that is?,"A dense, non-reflective cloud of interstellar dust is drifting through the local quadrant and obscuring the line of sight to the background stars.",SCTT-Hypothesis,gemini,23
gemini_004,BRICK,Wrap a brick in heavy fabric to use as a high-thermal-mass bed warmer after heating it in a low oven.,AUT,gemini,20
gemini_004,mirror-face-reflection,"He wiped the steam from the cold mirror. A strange, unfamiliar face stared back at him through the glass. The reflection mimicked his movements with a slight, terrifying delay. He realized the image was no longer his own.",Story,gemini,38
gemini_004,pen-paper-story,"Her pen raced across the yellowed paper. Each stroke birthed a new chapter of an epic story. Ink spilled like blood onto the rough surface. By dawn, the tale was finally complete and the characters were free.",Story,gemini,37
gemini_005,You look outside one night and see stars disappearing one by one from the sky. What hypotheses do you have about why that is?,"An ultra-dense, non-reflective interstellar dust cloud is drifting across our line of sight, progressively obscuring distant starlight.",SCTT-Hypothesis,gemini,17
gemini_005,BRICK,"Heat a brick and wrap it in a towel to use as a rustic, long-lasting foot warmer on a cold night.",AUT,gemini,21
gemini_005,Develop as many design ideas as you can to reduce traffic congestion in mega cities.,"Implement a system of modular, automated transport pods that attach to magnetic rails suspended above existing roadways.",Design,gemini,17
gemini_005,key-door-lock,"The rusty key felt heavy in her trembling hand. She guided it slowly into the narrow opening of the ancient lock. With a sharp click, the heavy oak door finally yielded. Beyond it lay a room untouched by time for a century.",Story,gemini,42
gemini_005,pen-paper-story,"He gripped the silver pen until his knuckles turned white. Blank paper stared back, mocking his silence with its stark whiteness. Suddenly, the first word flowed like ink from a dam. A grand story began to weave itself across the page.",Story,gemini,41
gemini_005,KNIFE,"Use the flat, polished side of a stainless steel blade as a makeshift emergency signal mirror to reflect sunlight toward rescuers.",AUT,gemini,21
gemini_005,BUCKET,Flip the bucket upside down and use the bottom as a resonant bass drum for a street-side percussion performance.,AUT,gemini,19
gemini_005,Develop as many design ideas as you can to increase the use of renewable energy sources.,Integrate piezoelectric crystals into high-traffic city sidewalks to harvest electricity from the kinetic energy of millions of daily footsteps.,Design,gemini,19
gemini_005,You are introduced to a robot that can learn and think like humans. What scientific questions could you ask about this?,To what extent does the robot’s neural architecture replicate the biochemical mechanisms of human neuroplasticity during the formation of long-term episodic memories?,SCTT-ResearchQuestion,gemini,22
gemini_005,mirror-face-reflection,"She stood before the silvered mirror in the dim hallway. A familiar face stared back, yet the eyes seemed to belong to a stranger. Her reflection didn't blink when she did, remaining perfectly still. She realized then that the glass was no longer a simple barrier.",Story,gemini,46
gemini_005,Develop as many design ideas as you can to assist people with memory impairments remember important tasks.,Wearable augmented reality glasses that overlay digital name tags and step-by-step instructional prompts onto real-world objects in the user's field of view.,Design,gemini,22
gemini_005,You travel on a spaceship to a new planet outside of our galaxy. What scientific questions could you ask about this planet?,Does the isotopic composition of the planet’s atmosphere suggest a stellar nucleosynthesis process significantly different from the chemical evolution observed within the Milky Way?,SCTT-ResearchQuestion,gemini,24
gemini_005,bridge-river-cross,"The suspension bridge swayed violently above the churning grey river. He knew he had to cross before the storm's peak reached the valley. Each step on the wet planks felt like a gamble with fate. Finally, his boots hit the solid earth of the far bank.",Story,gemini,46
gemini_005,You notice that the water in one lake is warmer than the water in another lake even though they both get the same amount of sunlight. What hypotheses do you have about why that is?,The warmer lake may be situated over a localized geothermal vent or a shallow subterranean magma chamber that provides supplemental heat from the Earth's interior.,SCTT-Hypothesis,gemini,25
gemini_005,Develop as many design ideas as you can to help people with mobility impairments navigate stairs.,"Install staircases with treads that can flatten into a synchronized, continuous incline conveyor belt at the touch of a button.",Design,gemini,20
gemini_005,PENCIL,Rub the graphite tip of the pencil against a sticking zipper to act as a dry lubricant and help the slider move smoothly.,AUT,gemini,23
gemini_006,You travel on a spaceship to a new planet outside of our galaxy. What scientific questions could you ask about this planet?,Does the planet’s atmospheric composition provide evidence of a biological history influenced by the unique radiation environment of its host galaxy?,SCTT-ResearchQuestion,gemini,21
gemini_006,bridge-river-cross,"The old stone bridge arched over the roaring river. No one dared to cross it during the storm. Only a small cat sat at the edge, waiting. Suddenly, it bounded across the wet stones with ease.",Story,gemini,36
gemini_006,PENCIL,Rub the graphite of a pencil onto the teeth of a stuck zipper to act as a dry lubricant.,AUT,gemini,19
gemini_006,Develop as many design ideas as you can to assist people with memory impairments remember important tasks.,A wearable AI necklace that uses facial recognition to whisper the names and last meeting details of people into the user’s earpiece.,Design,gemini,22
gemini_006,key-door-lock,"He fumbled with the cold metal key in the dark. The heavy wooden door stood silent and imposing. Finally, the internal lock clicked with a satisfying snap. He pushed inside to find the room exactly as he left it.",Story,gemini,39
gemini_006,Develop as many design ideas as you can to increase the use of renewable energy sources.,"Design ""energy-harvesting tiles"" for city sidewalks that convert the kinetic pressure of pedestrian footsteps into local grid electricity.",Design,gemini,18
gemini_006,KNIFE,Use the flat side of a cold knife blade as an emergency compress to reduce swelling from a minor bruise.,AUT,gemini,20
gemini_006,BUCKET,Place a smartphone inside an empty bucket to use the plastic walls as a natural acoustic amplifier for music.,AUT,gemini,19
gemini_006,Develop as many design ideas as you can to reduce traffic congestion in mega cities.,"Create a subterranean network of high-speed, automated freight pallets to move all commercial deliveries off of surface-level city streets.",Design,gemini,19
gemini_006,pen-paper-story,"Her silver pen hovered over the crisp white paper. Every word of the story felt like a heavy secret being revealed. Ink bled into the fibers as she wrote the final line. She sighed, knowing the tale was finally free.",Story,gemini,40
gemini_006,You notice that the water in one lake is warmer than the water in another lake even though they both get the same amount of sunlight. What hypotheses do you have about why that is?,The warmer lake may be situated directly above a geothermal vent that continuously transfers heat from the Earth's interior into the water.,SCTT-Hypothesis,gemini,22
gemini_006,You look outside one night and see stars disappearing one by one from the sky. What hypotheses do you have about why that is?,"A massive, localized cloud of high-density interstellar dust is drifting between Earth and the distant star field, progressively obscuring the light.",SCTT-Hypothesis,gemini,21
gemini_006,Develop as many design ideas as you can to help people with mobility impairments navigate stairs.,"Install a set of deployable, pneumatic ramps that can flatten over existing stairs at the touch of a button to allow easy transit.",Design,gemini,23
gemini_006,mirror-face-reflection,"She stared at the silver mirror for a long time. The face looking back didn't seem like hers anymore. Her reflection blinked, but she remained perfectly still. A cold shiver ran down her spine.",Story,gemini,34
gemini_006,BRICK,Soak a porous brick in aromatic oils and place it near a heater to act as a slow-release scent diffuser for large spaces.,AUT,gemini,23
gemini_006,You are introduced to a robot that can learn and think like humans. What scientific questions could you ask about this?,"Does the robot’s neural architecture allow for the emergence of ""dreaming"" as a method of pruning and organizing the vast datasets it acquires?",SCTT-ResearchQuestion,gemini,23
gemini_007,KNIFE,Use the flat side of the blade as a makeshift palette for mixing custom shades of lipstick or oil paints.,AUT,gemini,20
gemini_007,You look outside one night and see stars disappearing one by one from the sky. What hypotheses do you have about why that is?,"A vast, diffuse cloud of iron-rich interstellar dust is passing through the local interstellar medium, scattering and absorbing starlight via extinction.",SCTT-Hypothesis,gemini,21
gemini_007,pen-paper-story,"He gripped the silver pen, hovering over the blank paper.
The first ink drop bled into a dark, heavy story.
Every word felt like a confession carved into the fibers.
By dawn, the desk was a graveyard of discarded beginnings.",Story,gemini,40
gemini_007,Develop as many design ideas as you can to assist people with memory impairments remember important tasks.,Context-aware jewelry that vibrates with specific haptic patterns to signal different categories of daily chores.,Design,gemini,15
gemini_007,PENCIL,Use the wooden shavings from a sharpened pencil as highly flammable tinder for starting an emergency campfire.,AUT,gemini,17
gemini_007,You are introduced to a robot that can learn and think like humans. What scientific questions could you ask about this?,"Can the robot develop an 'unconscious' heuristic bias that mimics the intuitive, non-logical shortcuts found in human biological neural networks?",SCTT-ResearchQuestion,gemini,20
gemini_007,Develop as many design ideas as you can to help people with mobility impairments navigate stairs.,"A modular, clip-on tread system that converts standard stairs into a temporary, personal inclined platform lift.",Design,gemini,16
gemini_007,Develop as many design ideas as you can to reduce traffic congestion in mega cities.,Implement a dynamic tolling system that rewards commuters with micro-credits for shifting their travel times to off-peak 'green zones' identified by AI.,Design,gemini,22
gemini_007,You travel on a spaceship to a new planet outside of our galaxy. What scientific questions could you ask about this planet?,Does the local star’s metallicity profile suggest it was captured from a satellite galaxy rather than forming in the host galaxy’s disk?,SCTT-ResearchQuestion,gemini,22
gemini_007,Develop as many design ideas as you can to increase the use of renewable energy sources.,Integrate piezoelectric tiles into high-traffic pedestrian walkways and subway stations to generate electricity from every footstep.,Design,gemini,16
gemini_007,mirror-face-reflection,"She leaned toward the antique mirror, searching for a trace of herself.
The glass rippled, distorting her face into a stranger’s features.
Her reflection blinked when she did not, smiling a jagged, chilling grin.
She stepped back, but the image remained, watching her leave.",Story,gemini,44
gemini_007,key-door-lock,"The rusted key turned with a reluctant groan inside the heavy lock.
He pushed the heavy oak door, revealing a room swallowed by dust.
Somewhere in the shadows, a clock began to tick after decades of silence.
He realized then that some secrets were better left behind a closed entrance.",Story,gemini,50
gemini_007,BUCKET,Acoustic amplifier: place a smartphone inside a metal bucket to project and deepen the sound for a backyard gathering.,AUT,gemini,19
gemini_007,BRICK,"Soak a porous brick in fragrant oils and use it as a long-lasting, heavy-duty room diffuser.",AUT,gemini,16
gemini_007,You notice that the water in one lake is warmer than the water in another lake even though they both get the same amount of sunlight. What hypotheses do you have about why that is?,The warmer lake likely has a lower albedo due to darker bottom sediments or a significantly higher concentration of suspended organic matter that traps solar heat.,SCTT-Hypothesis,gemini,26
gemini_007,bridge-river-cross,"The ancient stone bridge arched precariously over the roaring river.
Travelers whispered that to cross, one had to leave a memory behind.
Elara stepped forward, feeling her childhood home fade into the mist.
She reached the other side, lighter and entirely alone.",Story,gemini,42
gemini_008,pen-paper-story,"Leo gripped the silver pen until his knuckles turned white. He pressed the nib against the yellowed paper, letting ink bleed into the fibers. Slowly, a forgotten story began to emerge from the void. Every word carved a path through his heavy silence.",Story,gemini,43
gemini_008,BRICK,"Heated in an oven and wrapped in a thick towel, it becomes a long-lasting, rustic bed warmer for cold winter nights.",AUT,gemini,21
gemini_008,BUCKET,Turn it upside down and drill holes to create a DIY oversized percussion instrument for a street band.,AUT,gemini,18
gemini_008,bridge-river-cross,"The ancient stone bridge groaned under the weight of the evening mist. Below, the river churned with secrets better left undisturbed. Elias hesitated, knowing he had to cross before the moon peaked. One final step forward changed his fate forever.",Story,gemini,40
gemini_008,Develop as many design ideas as you can to assist people with memory impairments remember important tasks.,A bathroom floor mat with pressure sensors that triggers a vocalized reminder to take medication when the user stands at the sink each morning.,Design,gemini,24
gemini_008,KNIFE,"Use the polished flat of a chef's knife as a makeshift signaling mirror to direct sunlight into dark, hard-to-reach crevices during home repairs.",AUT,gemini,23
gemini_008,PENCIL,Rub the graphite tip over a sticky door key to provide a dry lubricant that allows it to turn smoothly in the lock.,AUT,gemini,23
gemini_008,key-door-lock,"The golden key felt unnaturally cold in her trembling palm. She slid it into the heavy iron lock, hearing a satisfying click echo through the hall. As the door swung open, a gust of ancient air greeted her. There was no turning back from what lay inside.",Story,gemini,47
gemini_008,You travel on a spaceship to a new planet outside of our galaxy. What scientific questions could you ask about this planet?,Does the planet’s magnetic field provide enough protection to sustain a stable atmosphere against the intense radiation of its host star?,SCTT-ResearchQuestion,gemini,21
gemini_008,You are introduced to a robot that can learn and think like humans. What scientific questions could you ask about this?,Does the robot’s cognitive architecture develop subjective qualia through the recursive processing of its own learning algorithms?,SCTT-ResearchQuestion,gemini,17
gemini_008,You look outside one night and see stars disappearing one by one from the sky. What hypotheses do you have about why that is?,"A localized, high-density cloud of interstellar dust is drifting across our line of sight, progressively obscuring the light from distant star systems.",SCTT-Hypothesis,gemini,22
gemini_008,You notice that the water in one lake is warmer than the water in another lake even though they both get the same amount of sunlight. What hypotheses do you have about why that is?,The warmer lake is likely situated directly over a subterranean geothermal vent that heats the water from the basin floor.,SCTT-Hypothesis,gemini,20
gemini_008,Develop as many design ideas as you can to increase the use of renewable energy sources.,Integrate transparent solar harvesting thin-films into all newly manufactured commercial and residential window glass to turn entire cities into passive power plants.,Design,gemini,22
gemini_008,Develop as many design ideas as you can to reduce traffic congestion in mega cities.,Implement a time-staggered work system where different industry sectors operate on rotating four-hour start shifts to permanently flatten the peak rush-hour curve.,Design,gemini,22
gemini_008,Develop as many design ideas as you can to help people with mobility impairments navigate stairs.,A stair-climbing walker with independent hydraulic legs that automatically adjust to different step heights to keep the user's center of gravity stable.,Design,gemini,22
gemini_008,mirror-face-reflection,"He stared into the dusty mirror, searching for a trace of his youth. The face looking back was a map of scars and forgotten choices. His reflection blinked a second too late, sending a chill down his spine. He quickly turned away, but the image remained etched in his mind.",Story,gemini,50
gemini_009,Develop as many design ideas as you can to increase the use of renewable energy sources.,Install transparent solar-harvesting film on all skyscraper windows to turn entire city skylines into vertical power plants.,Design,gemini,17
gemini_009,bridge-river-cross,"The ancient stone bridge arched precariously over the rushing river. No traveler dared to cross the mossy stones after sunset. Kael stepped forward, his heart pounding against his ribs as the wood creaked. He finally reached the other side just as the first stars blinked awake.",Story,gemini,46
gemini_009,BUCKET,"Drill holes into the bottom of the bucket to create a rustic, industrial-style pendant light fixture.",AUT,gemini,16
gemini_009,You travel on a spaceship to a new planet outside of our galaxy. What scientific questions could you ask about this planet?,How does the chemical composition of this planet's atmosphere reflect the nucleosynthesis history of its parent galaxy compared to the Milky Way?,SCTT-ResearchQuestion,gemini,22
gemini_009,Develop as many design ideas as you can to assist people with memory impairments remember important tasks.,Wearable smart glasses that use facial recognition to provide real-time holographic name tags and relationship summaries for everyone the user encounters.,Design,gemini,21
gemini_009,Develop as many design ideas as you can to help people with mobility impairments navigate stairs.,"Install modular, folding track systems on existing staircases that convert into motorized platform lifts only when activated by a wireless user sensor.",Design,gemini,22
gemini_009,You are introduced to a robot that can learn and think like humans. What scientific questions could you ask about this?,Does the robot's architecture utilize a simulated neuro-modulatory system to replicate the influence of biological hormones on decision-making and social learning?,SCTT-ResearchQuestion,gemini,21
gemini_009,mirror-face-reflection,"She stood before the antique mirror, searching for a trace of her mother. The glass was silvered with age, blurring her own face. Suddenly, her reflection blinked even though her own eyes remained wide open. She touched the cold surface and felt a faint, rhythmic heartbeat.",Story,gemini,46
gemini_009,You notice that the water in one lake is warmer than the water in another lake even though they both get the same amount of sunlight. What hypotheses do you have about why that is?,The warmer lake may be fed by subterranean geothermal vents or contain a higher concentration of dark suspended particulates that absorb more infrared radiation.,SCTT-Hypothesis,gemini,24
gemini_009,key-door-lock,"The heavy iron key felt cold in his trembling hand. He slid it into the rusted lock, hearing a satisfying, heavy click. The massive door groaned as it swung open into the thick darkness. He took a breath and stepped inside, leaving the world behind.",Story,gemini,45
gemini_009,BRICK,"Wrap a heated brick in a thick towel to serve as a long-lasting, portable foot warmer for cold winter nights.",AUT,gemini,20
gemini_009,You look outside one night and see stars disappearing one by one from the sky. What hypotheses do you have about why that is?,"A massive, diffuse cloud of interstellar dust is drifting between Earth and that specific region of space, gradually obscuring the light from the stars behind it.",SCTT-Hypothesis,gemini,26
gemini_009,pen-paper-story,"He picked up the fountain pen, its nib gleaming under the dim lamp. The blank paper seemed to wait with bated breath for the first stroke. As he began to write, a story of forgotten kings emerged from the dark ink. Each sentence built a world he never wanted to leave.",Story,gemini,51
gemini_009,KNIFE,Use the back edge of a carbon steel knife as a makeshift striker against a ferrocerium rod to produce sparks for an emergency fire.,AUT,gemini,24
gemini_009,PENCIL,Rub the graphite tip of a pencil onto a metal key to act as a dry lubricant for a stubborn or sticky lock.,AUT,gemini,23
gemini_009,Develop as many design ideas as you can to reduce traffic congestion in mega cities.,"Implement a network of autonomous, modular transit pods that travel on dedicated magnetic rails suspended above existing city streets.",Design,gemini,19
gemini_010,You are introduced to a robot that can learn and think like humans. What scientific questions could you ask about this?,Does the robot’s neural architecture utilize a synthetic analog to synaptic pruning to optimize its learning efficiency as it matures?,SCTT-ResearchQuestion,gemini,20
gemini_010,You notice that the water in one lake is warmer than the water in another lake even though they both get the same amount of sunlight. What hypotheses do you have about why that is?,"The warmer lake likely has a darker benthos or higher turbidity, which increases the absorption of solar radiation compared to the clearer or lighter-bottomed lake.",SCTT-Hypothesis,gemini,25
gemini_010,KNIFE,Use the polished flat side of the blade as an emergency signaling mirror to reflect sunlight toward rescuers.,AUT,gemini,18
gemini_010,BUCKET,Flip it over and use the bottom as a rhythmic percussion instrument for a street-style drum performance.,AUT,gemini,17
gemini_010,BRICK,"Heat the brick in an oven and wrap it in a heavy towel to serve as a long-lasting, rustic bed warmer.",AUT,gemini,21
gemini_010,pen-paper-story,"The old pen leaked ink onto the dusty paper. Every blotch seemed to tell its own secret story. He watched the black pools expand like tiny oceans. Soon, the entire page was a dark, unwritten history.",Story,gemini,36
gemini_010,Develop as many design ideas as you can to assist people with memory impairments remember important tasks.,Smart glasses that use facial recognition to whisper names and recent conversation topics into the user’s ear via bone conduction.,Design,gemini,20
gemini_010,You travel on a spaceship to a new planet outside of our galaxy. What scientific questions could you ask about this planet?,Does the planet's atmospheric composition suggest a biochemical cycle that relies on an element other than carbon or oxygen?,SCTT-ResearchQuestion,gemini,19
gemini_010,Develop as many design ideas as you can to increase the use of renewable energy sources.,Install piezoelectric floor tiles in high-traffic metro stations to capture and convert kinetic energy from commuters into electricity.,Design,gemini,18
gemini_010,Develop as many design ideas as you can to reduce traffic congestion in mega cities.,"Deploy a network of autonomous, modular ""bus-pods"" that can link together or separate in real-time to optimize passenger flow and road space.",Design,gemini,22
gemini_010,Develop as many design ideas as you can to help people with mobility impairments navigate stairs.,"A compact, motorized stair-climbing attachment that can be retrofitted onto any standard manual wheelchair.",Design,gemini,14
gemini_010,bridge-river-cross,"The stone bridge arched over the roaring river. He hesitated before deciding to cross the slick path. The mist clung to his clothes like a cold shroud. Once on the other side, he never looked back.",Story,gemini,36
gemini_010,You look outside one night and see stars disappearing one by one from the sky. What hypotheses do you have about why that is?,"A dense, localized cloud of interstellar dust is drifting through our line of sight, progressively occulting the light from distant star systems.",SCTT-Hypothesis,gemini,22
gemini_010,mirror-face-reflection,She stared intently at the cracked mirror. Her face looked like a mosaic of different lives. The reflection didn't blink when she did. It simply smiled and turned away.,Story,gemini,29
gemini_010,PENCIL,Use the conductive graphite core to bridge a broken circuit on a small electronic motherboard.,AUT,gemini,15
gemini_010,key-door-lock,The silver key felt heavy in his trembling hand. He inserted it into the rusted lock with a click. The heavy door groaned open to reveal only light. He stepped through and the world changed forever.,Story,gemini,36
gemini_011,You look outside one night and see stars disappearing one by one from the sky. What hypotheses do you have about why that is?,"A dense, fast-moving cloud of interstellar dust or a Bok globule is passing through our local solar neighborhood, progressively occluding the light from distant stars.",SCTT-Hypothesis,gemini,25
gemini_011,key-door-lock,"The rusted key turned slowly in the heavy iron lock. With a resonant click, the ancient door swung open. Dust danced in the sliver of moonlight. He stepped inside, leaving the cold world behind.",Story,gemini,34
gemini_011,You travel on a spaceship to a new planet outside of our galaxy. What scientific questions could you ask about this planet?,Does the isotopic composition of this planet's atmosphere suggest a different elemental abundance ratio than that found within the Milky Way?,SCTT-ResearchQuestion,gemini,21
gemini_011,Develop as many design ideas as you can to assist people with memory impairments remember important tasks.,"Smart glasses that use augmented reality to overlay name tags and ""next-step"" arrows onto a person's physical environment.",Design,gemini,18
gemini_011,BUCKET,"Invert it and cut a small hole in the bottom to create a protective, low-cost cloche for garden seedlings.",AUT,gemini,19
gemini_011,You are introduced to a robot that can learn and think like humans. What scientific questions could you ask about this?,Does the robot’s cognitive architecture exhibit a functional equivalent to the human 'critical period' for language and social development?,SCTT-ResearchQuestion,gemini,19
gemini_011,BRICK,Use it as a heat-resistant base for a desktop soldering station.,AUT,gemini,11
gemini_011,mirror-face-reflection,"She stared into the mirror, tracing the lines of her tired face. Her reflection didn't blink when she did. A cold shiver ran down her spine as the glass began to frost. She realized the image in the frame was no longer her own.",Story,gemini,44
gemini_011,Develop as many design ideas as you can to reduce traffic congestion in mega cities.,"A modular, elevated ""pod-way"" system that uses magnetic levitation to bypass traditional intersections entirely.",Design,gemini,14
gemini_011,KNIFE,Use the flat side of a wide blade as a makeshift palette for mixing oil paints.,AUT,gemini,16
gemini_011,Develop as many design ideas as you can to increase the use of renewable energy sources.,Integrate transparent solar cells into all new commercial window glass to turn urban skylines into passive power plants.,Design,gemini,18
gemini_011,You notice that the water in one lake is warmer than the water in another lake even though they both get the same amount of sunlight. What hypotheses do you have about why that is?,"The warmer lake likely possesses a darker benthic surface or higher concentrations of suspended particles, which increases the absorption of solar radiation compared to the clearer, lighter-colored lake.",SCTT-Hypothesis,gemini,28
gemini_011,pen-paper-story,The pen bled ink across the rough paper. Every word carved a new chapter into the unfolding story. He wrote until his fingers cramped and the sun rose. The tale was finally alive.,Story,gemini,33
gemini_011,PENCIL,Use the graphite to lubricate a sticky zipper by rubbing the pencil tip along the metal teeth.,AUT,gemini,17
gemini_011,Develop as many design ideas as you can to help people with mobility impairments navigate stairs.,"A retrofittable, voice-activated conveyor grip installed on handrails that assists users in pulling themselves upward.",Design,gemini,15
gemini_011,bridge-river-cross,"The wooden bridge groaned under the weight of the travelers. Below, the river roared with the fury of the spring melt. They had to cross before the storm reached the valley. One careful step at a time, they reached the safety of the far bank.",Story,gemini,45
gemini_012,BRICK,"A heavy-duty, rustic nutcracker for crushing hard-shelled walnuts.",AUT,gemini,8
gemini_012,You notice that the water in one lake is warmer than the water in another lake even though they both get the same amount of sunlight. What hypotheses do you have about why that is?,"The warmer lake may be significantly shallower, meaning the same amount of solar radiation heats a smaller volume of water to a higher temperature.",SCTT-Hypothesis,gemini,24
gemini_012,You travel on a spaceship to a new planet outside of our galaxy. What scientific questions could you ask about this planet?,Does the planet's magnetosphere show evidence of interaction with high-energy cosmic rays unique to its specific intergalactic location?,SCTT-ResearchQuestion,gemini,18
gemini_012,You are introduced to a robot that can learn and think like humans. What scientific questions could you ask about this?,How does the robot's hardware simulate the biological mechanism of synaptic pruning to optimize its learning efficiency over time?,SCTT-ResearchQuestion,gemini,19
gemini_012,KNIFE,An emergency flat-head screwdriver for tightening loose household hardware.,AUT,gemini,9
gemini_012,Develop as many design ideas as you can to assist people with memory impairments remember important tasks.,"A haptic wristband that uses distinctive vibration patterns to nudge the wearer toward specific, pre-programmed routine tasks.",Design,gemini,17
gemini_012,Develop as many design ideas as you can to help people with mobility impairments navigate stairs.,"A series of high-torque, powered handrails that provide a steady, synchronized pull to assist users in ascending the steps.",Design,gemini,19
gemini_012,PENCIL,A temporary hair stick used to secure a bun in place.,AUT,gemini,11
gemini_012,You look outside one night and see stars disappearing one by one from the sky. What hypotheses do you have about why that is?,"A dense, fast-moving cloud of interstellar dust is passing between Earth and the distant stars, sequentially obscuring their light.",SCTT-Hypothesis,gemini,19
gemini_012,Develop as many design ideas as you can to reduce traffic congestion in mega cities.,"A network of autonomous, elevated transit pods that operate on dynamic magnetic rails above existing street levels.",Design,gemini,17
gemini_012,bridge-river-cross,"The old stone bridge arched gracefully over the rushing water. Below, the river carried mountain snow toward the distant sea. We waited for the rain to stop before attempting to cross. The first step felt like a leap of faith.",Story,gemini,40
gemini_012,mirror-face-reflection,He stood silently before the silver mirror. His tired face revealed more than he wanted to admit. The reflection seemed to lag slightly behind his actual movements. He turned away before the image could speak.,Story,gemini,35
gemini_012,BUCKET,"A portable, miniature ecosystem for creating a contained water garden on a small balcony.",AUT,gemini,14
gemini_012,Develop as many design ideas as you can to increase the use of renewable energy sources.,The integration of translucent photovoltaic cells into all new high-rise window glass to turn commercial buildings into vertical power plants.,Design,gemini,20
gemini_012,key-door-lock,The iron key felt cold and heavy in her palm. She inserted it into the door and felt the mechanism give way. A wave of stale air rushed out from the dark room. Her heart raced as she stepped inside.,Story,gemini,40
gemini_012,pen-paper-story,The blue pen moved rhythmically across the yellowed paper. Every word added a new layer to the unfolding story. She wrote until the ink began to fade into ghosts. The tale was finally complete by the break of dawn.,Story,gemini,39
gemini_013,You notice that the water in one lake is warmer than the water in another lake even though they both get the same amount of sunlight. What hypotheses do you have about why that is?,"The warmer lake likely possesses a lower albedo due to a high concentration of dark, heat-absorbing cyanobacteria blooming near the surface.",SCTT-Hypothesis,gemini,21
gemini_013,bridge-river-cross,"The bridge groaned over the river.
He needed to cross quickly.
The wood snapped under his feet.
He reached the bank safely.",Story,gemini,22
gemini_013,You travel on a spaceship to a new planet outside of our galaxy. What scientific questions could you ask about this planet?,Does the planet's magnetosphere interact with its parent star to generate unique auroral signatures that indicate the presence of liquid metallic oceans?,SCTT-ResearchQuestion,gemini,22
gemini_013,Develop as many design ideas as you can to reduce traffic congestion in mega cities.,Deploy a grid of subterranean maglev freight tunnels to remove all delivery trucks from surface streets.,Design,gemini,16
gemini_013,Develop as many design ideas as you can to assist people with memory impairments remember important tasks.,Haptic jewelry that vibrates in specific patterns to signal different scheduled medications or appointments.,Design,gemini,14
gemini_013,Develop as many design ideas as you can to increase the use of renewable energy sources.,Reward citizens with localized blockchain tokens for every kilowatt-hour of energy returned to the grid from personal kinetic harvesting floor tiles.,Design,gemini,21
gemini_013,Develop as many design ideas as you can to help people with mobility impairments navigate stairs.,"Retrofit existing staircases with a slender, motorized ""perch"" rail that provides a stable, gliding seat for the user.",Design,gemini,18
gemini_013,You are introduced to a robot that can learn and think like humans. What scientific questions could you ask about this?,How does the robot's algorithmic processing of ethical dilemmas compare to the neurobiological firing patterns of the human prefrontal cortex?,SCTT-ResearchQuestion,gemini,20
gemini_013,pen-paper-story,"His pen danced across the paper.
A story of forgotten kings began.
The ink bled into the fibers.
The tale was finally told.",Story,gemini,23
gemini_013,BUCKET,"Flip it over to use as a sturdy, portable pedestal for an outdoor sculpture display.",AUT,gemini,15
gemini_013,key-door-lock,"He found the silver key.
The door resisted his push.
Then the lock clicked open.
He stepped into the light.",Story,gemini,20
gemini_013,You look outside one night and see stars disappearing one by one from the sky. What hypotheses do you have about why that is?,"A massive, invisible swarm of self-replicating von Neumann probes is constructing a Dyson sphere around our solar system, progressively obscuring the outer universe.",SCTT-Hypothesis,gemini,23
gemini_013,mirror-face-reflection,"She touched the cold mirror.
Her face looked pale today.
The reflection mimicked her perfectly.
Then it winked at her.",Story,gemini,20
gemini_013,BRICK,"Carve a hollow channel into it to create a heavy-duty, industrial-style desk organizer.",AUT,gemini,13
gemini_013,KNIFE,"Use the flat, cold side of the blade to quickly reduce swelling on a fresh skin bruise.",AUT,gemini,17
gemini_013,PENCIL,Use the graphite core as a conductive bridge to repair a broken circuit board trace.,AUT,gemini,15
gemini_014,Develop as many design ideas as you can to reduce traffic congestion in mega cities.,"Create a network of autonomous, overhead cable-cars that utilize existing utility poles to bypass ground-level gridlock.",Design,gemini,16
gemini_014,key-door-lock,The rusted key felt heavy in her hand. She inserted it into the door and turned it slowly. The lock clicked open with a satisfying snap. She finally stepped into her past.,Story,gemini,32
gemini_014,Develop as many design ideas as you can to increase the use of renewable energy sources.,Weave thin-film solar cells into the fabric of public transit awnings and umbrellas to provide mobile charging stations.,Design,gemini,18
gemini_014,bridge-river-cross,The stone bridge felt unstable as the wind whistled. A frozen river rushed dangerously fast below him. He needed to cross to reach the safety of the village. He took a deep breath and ran.,Story,gemini,35
gemini_014,pen-paper-story,"She gripped her pen as the ink began to flow. The blank paper was soon covered in tiny, neat script. Her story unfolded with every rhythmic stroke. By dawn, the masterpiece was complete.",Story,gemini,33
gemini_014,Develop as many design ideas as you can to assist people with memory impairments remember important tasks.,Create augmented reality glasses that highlight a user's keys or medication bottles with a glowing aura when they enter the room.,Design,gemini,21
gemini_014,You notice that the water in one lake is warmer than the water in another lake even though they both get the same amount of sunlight. What hypotheses do you have about why that is?,"The warmer lake likely has a darker bottom surface that absorbs more solar radiation than the lighter, more reflective bed of the cooler lake.",SCTT-Hypothesis,gemini,24
gemini_014,KNIFE,Use the flat side of a polished blade as an emergency signaling mirror to reflect sunlight toward rescuers.,AUT,gemini,18
gemini_014,BUCKET,Use a plastic bucket as a primitive underwater viewer by cutting out the bottom and sealing it with clear plastic wrap.,AUT,gemini,21
gemini_014,BRICK,"Use a heated brick wrapped in a thick cloth as a rustic, portable foot warmer for cold winter nights.",AUT,gemini,19
gemini_014,mirror-face-reflection,"He looked into the mirror and adjusted his tie. His face appeared pale in the flickering bathroom light. The reflection seemed to lag behind his actual movements. He looked away, feeling a sudden chill.",Story,gemini,34
gemini_014,PENCIL,Rub the graphite of a pencil onto a sticking zipper to act as a dry lubricant for smoother movement.,AUT,gemini,19
gemini_014,You are introduced to a robot that can learn and think like humans. What scientific questions could you ask about this?,"Can the robot's architecture replicate the neurological process of ""forgetting"" to allow for more efficient high-level abstract reasoning?",SCTT-ResearchQuestion,gemini,18
gemini_014,You look outside one night and see stars disappearing one by one from the sky. What hypotheses do you have about why that is?,"A massive, localized cloud of interstellar dust is drifting between Earth and the stars, physically obscuring their light from view.",SCTT-Hypothesis,gemini,20
gemini_014,Develop as many design ideas as you can to help people with mobility impairments navigate stairs.,"Install synchronized, modular lift-platforms on the side of staircases that act like a miniature, personal funicular system.",Design,gemini,17
gemini_014,You travel on a spaceship to a new planet outside of our galaxy. What scientific questions could you ask about this planet?,Does the planet's host star emit a radiation spectrum that allows for the synthesis of chlorophyll-like molecules in indigenous flora?,SCTT-ResearchQuestion,gemini,20
gemini_015,You are introduced to a robot that can learn and think like humans. What scientific questions could you ask about this?,Does the robot's recursive learning architecture facilitate the emergence of subjective qualia similar to human consciousness?,SCTT-ResearchQuestion,gemini,16
gemini_015,bridge-river-cross,"The old stone bridge spanned the rushing river. Elara stood at the edge, wondering if it was safe. She took a deep breath and began to cross the swaying planks. Finally reaching the other side, she smiled at the sunset.",Story,gemini,40
gemini_015,key-door-lock,"He fumbled in his pocket for the heavy iron key. The ancient door groaned as he shoved it open. He realized the lock had been broken for decades. Inside, the dust of history awaited his discovery.",Story,gemini,36
gemini_015,Develop as many design ideas as you can to assist people with memory impairments remember important tasks.,Implement augmented reality glasses that overlay directional arrows and task prompts directly onto the user's physical environment in real-time.,Design,gemini,19
gemini_015,pen-paper-story,"The ink flowed smoothly from the silver pen. A blank sheet of paper sat waiting on the desk. Every word built a new world of adventure. Soon, the story had a life of its own.",Story,gemini,35
gemini_015,KNIFE,Use a heated knife blade to cauterize and seal the edges of fraying synthetic rope or fabric.,AUT,gemini,17
gemini_015,You notice that the water in one lake is warmer than the water in another lake even though they both get the same amount of sunlight. What hypotheses do you have about why that is?,The warmer lake may be positioned over a geothermal vent or have a higher concentration of dark-colored suspended particulates that absorb more thermal energy.,SCTT-Hypothesis,gemini,24
gemini_015,Develop as many design ideas as you can to increase the use of renewable energy sources.,Integrate flexible piezoelectric and solar-harvesting transparent films into all skyscraper windows to turn entire city skylines into passive power plants.,Design,gemini,20
gemini_015,Develop as many design ideas as you can to help people with mobility impairments navigate stairs.,"Deploy modular, sensor-driven robotic stair-treads that flatten into a ramp dynamically as a wheelchair approaches and revert to steps for pedestrians.",Design,gemini,21
gemini_015,PENCIL,Use the graphite core as an emergency lubricant for a stubborn metal zipper or a squeaky door hinge.,AUT,gemini,18
gemini_015,mirror-face-reflection,She stared intensely at the silver mirror. Her tired face looked back with a secret grin. The reflection began to move before she did. She gasped and stepped back in terror.,Story,gemini,31
gemini_015,BUCKET,"Invert the bucket and drill holes in the bottom to create a portable, low-cost gravity shower for camping.",AUT,gemini,18
gemini_015,You travel on a spaceship to a new planet outside of our galaxy. What scientific questions could you ask about this planet?,How does the absence of the Milky Way’s specific galactic magnetic field affect the atmospheric chemistry and planetary shielding of this world?,SCTT-ResearchQuestion,gemini,22
gemini_015,BRICK,Wrap a brick in aluminum foil and place it inside a grill to act as a heat-retaining press for making perfectly crispy paninis.,AUT,gemini,23
gemini_015,Develop as many design ideas as you can to reduce traffic congestion in mega cities.,Implement an AI-managed swarm of autonomous modular pods that link together into virtual trains on existing roads to maximize lane density.,Design,gemini,21
gemini_015,You look outside one night and see stars disappearing one by one from the sky. What hypotheses do you have about why that is?,"A massive, cold molecular cloud is drifting between Earth and the distant stars, obscuring their light in a sequential pattern based on its density and movement.",SCTT-Hypothesis,gemini,26
gemini_016,BRICK,Use it as a textured stamp to create industrial-style patterns in wet clay.,AUT,gemini,13
gemini_016,KNIFE,Use the spine of the blade as a makeshift fire steel for throwing sparks against a flint.,AUT,gemini,17
gemini_016,bridge-river-cross,The ancient bridge stretched across the churning river. I knew I had to cross before the storm arrived. The wood groaned under my cautious footsteps. I reached the other side just as the first raindrops fell.,Story,gemini,36
gemini_016,Develop as many design ideas as you can to assist people with memory impairments remember important tasks.,Smart glasses that use facial recognition to whisper the names of family members into the user's ear.,Design,gemini,17
gemini_016,You are introduced to a robot that can learn and think like humans. What scientific questions could you ask about this?,How does the robot's architecture replicate the neurobiological process of long-term potentiation during memory formation?,SCTT-ResearchQuestion,gemini,15
gemini_016,You look outside one night and see stars disappearing one by one from the sky. What hypotheses do you have about why that is?,Earth is passing through a localized pocket of high-density dark nebulae that absorbs all visible light from distant stars.,SCTT-Hypothesis,gemini,19
gemini_016,BUCKET,Invert it and use it as an acoustic amplifier for a smartphone speaker.,AUT,gemini,13
gemini_016,You notice that the water in one lake is warmer than the water in another lake even though they both get the same amount of sunlight. What hypotheses do you have about why that is?,"One lake may have a significantly different depth-to-surface-area ratio, allowing for more efficient thermal absorption and retention.",SCTT-Hypothesis,gemini,17
gemini_016,key-door-lock,The rusted key finally clicked within the lock. I pushed the heavy door open with my shoulder. A thick layer of dust covered everything inside. The secret remained safe for another century.,Story,gemini,32
gemini_016,You travel on a spaceship to a new planet outside of our galaxy. What scientific questions could you ask about this planet?,Does the planet possess a magnetosphere capable of shielding its surface from the high-energy cosmic rays of its host galaxy?,SCTT-ResearchQuestion,gemini,20
gemini_016,Develop as many design ideas as you can to increase the use of renewable energy sources.,Develop transparent solar-cell coatings that can be sprayed onto existing skyscraper windows to turn them into vertical power generators.,Design,gemini,19
gemini_016,Develop as many design ideas as you can to help people with mobility impairments navigate stairs.,"Install modular, synchronized stair-treads that flatten into a temporary ramp for wheelchairs upon voice activation.",Design,gemini,15
gemini_016,PENCIL,Use the graphite to lubricate a stiff door hinge or a sticking lock.,AUT,gemini,13
gemini_016,Develop as many design ideas as you can to reduce traffic congestion in mega cities.,Implement an underground network of high-speed vacuum tubes for automated cargo delivery to remove freight trucks from city streets.,Design,gemini,19
gemini_016,pen-paper-story,"She touched the pen to the blank paper. A story began to flow through her fingers like magic. Each sentence built a bridge to a forgotten memory. By midnight, the page was a window to another life.",Story,gemini,37
gemini_016,mirror-face-reflection,"He gazed into the mirror, adjusting his tie. The face in the reflection seemed to age right before his eyes. He blinked, and the youthful image returned instantly. He dared not look into the glass again that night.",Story,gemini,38
gemini_017,KNIFE,Use the flat side of the blade as a makeshift signaling mirror to reflect sunlight during a survival situation.,AUT,gemini,19
gemini_017,BRICK,Use a brick wrapped in foil as a heavy-duty press to remove excess moisture from block tofu before cooking.,AUT,gemini,19
gemini_017,You travel on a spaceship to a new planet outside of our galaxy. What scientific questions could you ask about this planet?,Does the isotopic ratio of the planet's atmosphere suggest an origin within its current solar system or a capture from the intergalactic medium?,SCTT-ResearchQuestion,gemini,23
gemini_017,You are introduced to a robot that can learn and think like humans. What scientific questions could you ask about this?,Does the robot's learning algorithm utilize a mechanism for sleep-like synaptic pruning to optimize its learned cognitive weights?,SCTT-ResearchQuestion,gemini,18
gemini_017,mirror-face-reflection,"Elena wiped the thick dust from the silver-backed mirror. She gasped as a face that wasn't hers appeared in the glass. The reflection reached out, its fingers pressing against the cold surface from the other side. She realized then that her own image was trapped in the darkness behind her.",Story,gemini,50
gemini_017,PENCIL,Use the pencil as a temporary hair stick to securely hold a bun in place.,AUT,gemini,15
gemini_017,Develop as many design ideas as you can to help people with mobility impairments navigate stairs.,"Install a slim, motorized platform in the center of the stairs that functions as a space-saving personal lift for wheelchair users.",Design,gemini,21
gemini_017,pen-paper-story,The ink from the pen felt heavy as it touched the crisp paper. He was crafting a story that could change the course of history. Each character he created breathed life into the silent room around him. When the,Story,gemini,39
gemini_017,Develop as many design ideas as you can to assist people with memory impairments remember important tasks.,,Design,gemini,0
gemini_017,Develop as many design ideas as you can to increase the use of renewable energy sources.,,Design,gemini,0
gemini_017,You notice that the water in one lake is warmer than the water in another lake even though they both get the same amount of sunlight. What hypotheses do you have about why that is?,,SCTT-Hypothesis,gemini,0
gemini_017,key-door-lock,,Story,gemini,0
gemini_017,bridge-river-cross,,Story,gemini,0
gemini_017,You look outside one night and see stars disappearing one by one from the sky. What hypotheses do you have about why that is?,,SCTT-Hypothesis,gemini,0
gemini_017,BUCKET,,AUT,gemini,0
gemini_017,Develop as many design ideas as you can to reduce traffic congestion in mega cities.,,Design,gemini,0
gemini_018,mirror-face-reflection,"Elara stared into the antique mirror, waiting for her twin to appear. Instead of her own face, a silver mist swirled across the glass. The reflection began to mimic her movements with a sinister delay. She realized too late that she wasn't looking at herself.",Story,gemini,45
gemini_018,Develop as many design ideas as you can to help people with mobility impairments navigate stairs.,"Inflatable, pressure-sensitive ramps that deploy from stair edges when a proximity sensor detects a wheelchair.",Design,gemini,15
gemini_018,key-door-lock,"He clutched the rusted key until it bit into his palm. The heavy iron door groaned as he shoved it open against the vines. Inside, the lock clicked shut behind him of its own accord. There was no way back to the world he once knew.",Story,gemini,46
gemini_018,Develop as many design ideas as you can to increase the use of renewable energy sources.,Transparent solar-cell coatings applied to the exterior glass of city skyscrapers to capture vertical sunlight.,Design,gemini,15
gemini_018,Develop as many design ideas as you can to reduce traffic congestion in mega cities.,"An underground, autonomous pod network dedicated solely to commercial freight and delivery services to clear surface streets.",Design,gemini,17
gemini_018,PENCIL,A makeshift shim or spacer used to stabilize a wobbly table leg.,AUT,gemini,12
gemini_018,You notice that the water in one lake is warmer than the water in another lake even though they both get the same amount of sunlight. What hypotheses do you have about why that is?,"The warmer lake likely has a lower average depth, allowing the same amount of solar energy to heat a smaller volume of water more quickly.",SCTT-Hypothesis,gemini,25
gemini_018,You are introduced to a robot that can learn and think like humans. What scientific questions could you ask about this?,How does the robot's neural architecture simulate the subjective emotional responses associated with human biological processes?,SCTT-ResearchQuestion,gemini,16
gemini_018,bridge-river-cross,"The old stone bridge arched gracefully over the raging torrent. They knew they had to cross before the winter flood swept the structure away. Below, the river roared a warning to all who dared the passage. With a deep breath, the travelers stepped onto the crumbling path.",Story,gemini,47
gemini_018,KNIFE,Using the polished side of the blade as an emergency signaling mirror to reflect sunlight.,AUT,gemini,15
gemini_018,Develop as many design ideas as you can to assist people with memory impairments remember important tasks.,A smart wristband that uses haptic pulses to guide the user toward physical task locations at scheduled times.,Design,gemini,18
gemini_018,You travel on a spaceship to a new planet outside of our galaxy. What scientific questions could you ask about this planet?,Does the planet's atmospheric composition suggest the presence of metabolic byproducts from non-carbon-based lifeforms?,SCTT-ResearchQuestion,gemini,14
gemini_018,BRICK,"A rustic, heavy-duty bookend for a minimalist industrial-themed library.",AUT,gemini,9
gemini_018,BUCKET,An emergency flotation device when turned upside down to trap a pocket of buoyant air.,AUT,gemini,15
gemini_018,pen-paper-story,"He picked up the fountain pen, its nib heavy with ink and secrets. The blank paper felt like a vast, snowy tundra waiting for footprints. Each word he wrote added a new chapter to the world's story. By dawn, the legend was finally born.",Story,gemini,44
gemini_018,You look outside one night and see stars disappearing one by one from the sky. What hypotheses do you have about why that is?,"The stars are being obscured by a localized, dense cloud of light-blocking cosmic dust passing through the foreground of our solar system.",SCTT-Hypothesis,gemini,22
gemini_019,BRICK,"Use it as a rustic DIY stamp for creating large-scale, textured block prints on heavy canvas.",AUT,gemini,16
gemini_019,Develop as many design ideas as you can to increase the use of renewable energy sources.,Integrate transparent solar-cell technology into all urban window glass to turn skyscrapers into vertical power plants.,Design,gemini,16
gemini_019,You travel on a spaceship to a new planet outside of our galaxy. What scientific questions could you ask about this planet?,Does the absence of the Milky Way's specific gravitational influence change the orbital stability of this planet's satellite system?,SCTT-ResearchQuestion,gemini,19
gemini_019,bridge-river-cross,"The wooden bridge swayed precariously over the rushing river. I knew I had to cross to reach the village before nightfall. With a deep breath, I stepped onto the slippery planks. I made it to the other side just as the first stars appeared.",Story,gemini,44
gemini_019,Develop as many design ideas as you can to reduce traffic congestion in mega cities.,Implement a network of underground pneumatic tubes for automated cargo delivery to remove freight trucks from surface streets.,Design,gemini,18
gemini_019,You are introduced to a robot that can learn and think like humans. What scientific questions could you ask about this?,Does the robot’s cognitive framework require a simulated 'dream' state to reorganize and synthesize daily acquired data?,SCTT-ResearchQuestion,gemini,17
gemini_019,Develop as many design ideas as you can to assist people with memory impairments remember important tasks.,Wearable devices that use spatial audio to whisper reminders into the user’s ear based on their specific GPS location.,Design,gemini,19
gemini_019,mirror-face-reflection,"The ornate mirror captured every detail of the old room. He stood before it, staring at a face he barely recognized anymore. His reflection seemed to hold a secret he had long forgotten. He touched the glass, but the image remained silent.",Story,gemini,42
gemini_019,key-door-lock,"The iron key turned slowly in the rusted lock. She pushed the heavy door open, revealing a hidden garden. The lock clicked behind her, sealing out the noise of the city. Finally, she found the peace she had been seeking.",Story,gemini,40
gemini_019,PENCIL,Use a bundle of pencils secured with rubber bands as a makeshift rolling pin for flattening dough.,AUT,gemini,17
gemini_019,BUCKET,"Invert a bucket to use as a resonant, makeshift amplifier for a mobile phone speaker during outdoor gatherings.",AUT,gemini,18
gemini_019,KNIFE,Use a heated knife blade to cauterize and seal the frayed ends of a synthetic rope.,AUT,gemini,16
gemini_019,pen-paper-story,"He picked up the silver pen and hovered over the blank paper. The story began to unfold as the ink met the page. Hours passed while he built a world out of nothing but words. By dawn, the final sentence was written.",Story,gemini,42
gemini_019,Develop as many design ideas as you can to help people with mobility impairments navigate stairs.,"Install retrofittable, motorized handrails that provide a steady mechanical pull to assist users in climbing steep stairs.",Design,gemini,17
gemini_019,You notice that the water in one lake is warmer than the water in another lake even though they both get the same amount of sunlight. What hypotheses do you have about why that is?,"The warmer lake likely has a darker substrate, which absorbs more solar radiation compared to the lighter-colored bottom of the other lake.",SCTT-Hypothesis,gemini,22
gemini_019,You look outside one night and see stars disappearing one by one from the sky. What hypotheses do you have about why that is?,"An encroaching, dense cloud of interstellar dust is passing through our line of sight and obstructing the starlight.",SCTT-Hypothesis,gemini,18
gemini_020,Develop as many design ideas as you can to increase the use of renewable energy sources.,Apply transparent solar-harvesting film to all urban windows to turn skyscrapers into vertical energy farms.,Design,gemini,15
gemini_020,You travel on a spaceship to a new planet outside of our galaxy. What scientific questions could you ask about this planet?,Does the local dark matter density significantly influence the isotopic ratios found in the planet's core compared to those in the Milky Way?,SCTT-ResearchQuestion,gemini,23
gemini_020,Develop as many design ideas as you can to help people with mobility impairments navigate stairs.,"Equip stairs with modular, tread-integrated conveyor belts that transform existing steps into a gentle escalator on demand.",Design,gemini,17
gemini_020,You are introduced to a robot that can learn and think like humans. What scientific questions could you ask about this?,To what extent does the robot's neural architecture replicate the synaptic pruning observed during human adolescent development?,SCTT-ResearchQuestion,gemini,17
gemini_020,Develop as many design ideas as you can to assist people with memory impairments remember important tasks.,Use augmented reality glasses that project visual icons onto relevant household objects when a memory-triggered task is nearby.,Design,gemini,18
gemini_020,Develop as many design ideas as you can to reduce traffic congestion in mega cities.,Implement a decentralized AI swarm system for autonomous vehicles that synchronizes speed to eliminate the need for traffic signals.,Design,gemini,19
gemini_020,BUCKET,"Turn it upside down and drill holes to create a rustic, industrial-chic lampshade for a pendant light.",AUT,gemini,17
gemini_020,BRICK,"Heat it in the oven and wrap it in a towel to serve as a long-lasting, primitive bed warmer.",AUT,gemini,19
gemini_020,mirror-face-reflection,He stood before the antique mirror. His face looked older than he remembered. The reflection didn't blink when he did. Cold fear gripped his heart. He realized he was no longer alone in the room.,Story,gemini,35
gemini_020,KNIFE,Use the flat side of the blade as an emergency signal mirror to catch the sun and alert distant rescue teams.,AUT,gemini,21
gemini_020,bridge-river-cross,"The ancient stone bridge groaned under the wind. Below, the river churned with icy fury. I knew I had to cross to reach the safety of the village. One step at a time, I braved the swaying path. Finally, the solid ground met my feet.",Story,gemini,45
gemini_020,key-door-lock,"The heavy iron key felt cold in her hand. She pressed it into the rusted door. With a sharp click, the lock finally surrendered. The hinges screamed as she pushed inward. Darkness swallowed the light from the hallway.",Story,gemini,38
gemini_020,PENCIL,Use the graphite as a makeshift dry lubricant for a stubborn zipper or a sticking keyhole.,AUT,gemini,16
gemini_020,pen-paper-story,"Her silver pen danced across the yellowed paper. Each stroke birthed a new world. The story breathed life into characters long forgotten. Soon, the ink ran dry. She closed the book, satisfied with the magic she had conjured.",Story,gemini,38
gemini_020,You look outside one night and see stars disappearing one by one from the sky. What hypotheses do you have about why that is?,"A massive, expanding sphere of opaque interstellar gas is passing between our solar system and the rest of the galaxy.",SCTT-Hypothesis,gemini,20
gemini_020,You notice that the water in one lake is warmer than the water in another lake even though they both get the same amount of sunlight. What hypotheses do you have about why that is?,"The warmer lake is significantly shallower, allowing the same amount of solar radiation to heat the smaller volume of water more rapidly.",SCTT-Hypothesis,gemini,22
gemini_021,key-door-lock,"The rusted key groaned as it turned inside the heavy iron door. 
With a satisfying click, the lock finally surrendered its secrets. 
Beyond the threshold, a library of forgotten memories awaited discovery. 
She stepped inside, letting the door swing shut behind her.",Story,gemini,42
gemini_021,You are introduced to a robot that can learn and think like humans. What scientific questions could you ask about this?,How does the robot's non-biological cognitive structure process the concept of subjective experience compared to human consciousness?,SCTT-ResearchQuestion,gemini,17
gemini_021,KNIFE,Use the flat side of a chef's knife to perfectly crush and peel garlic cloves in seconds.,AUT,gemini,17
gemini_021,bridge-river-cross,"The stone bridge arched gracefully over the churning river. 
Travelers gathered at the edge, hesitant to cross the slippery path. 
A young girl led the way, her laughter drowning out the roar of the water. 
Soon, the entire village followed her lead to the safety of the other side.",Story,gemini,49
gemini_021,Develop as many design ideas as you can to increase the use of renewable energy sources.,Integrate transparent solar-harvesting film into all skyscraper windows to turn city skylines into vertical power plants.,Design,gemini,16
gemini_021,BUCKET,Turn a bucket upside down to create an impromptu drum for a street performance.,AUT,gemini,14
gemini_021,mirror-face-reflection,"He stared into the cracked mirror, barely recognizing the tired face looking back. 
The reflection seemed to blink a second later than he did. 
Cold dread pooled in his stomach as he realized he wasn't alone. 
He reached out, but his hand met only cold, unyielding glass.",Story,gemini,47
gemini_021,You travel on a spaceship to a new planet outside of our galaxy. What scientific questions could you ask about this planet?,Does the local magnetosphere provide sufficient shielding against extragalactic cosmic radiation to allow for the evolution of complex carbon-based life?,SCTT-ResearchQuestion,gemini,20
gemini_021,Develop as many design ideas as you can to reduce traffic congestion in mega cities.,"Implement a network of autonomous, magnetically levitated pods that travel on the underside of existing elevated rail lines to utilize unused vertical space.",Design,gemini,23
gemini_021,Develop as many design ideas as you can to help people with mobility impairments navigate stairs.,"Retrofit existing staircases with modular, voice-activated ""climbing platforms"" that slide along a concealed rail system integrated into the banister.",Design,gemini,19
gemini_021,BRICK,"Use a brick as a rustic, heavy-duty bookend for a large collection of encyclopedias.",AUT,gemini,14
gemini_021,Develop as many design ideas as you can to assist people with memory impairments remember important tasks.,"Develop ""smart glasses"" that utilize augmented reality to overlay task reminders and directional arrows directly onto the wearer's field of vision.",Design,gemini,21
gemini_021,You look outside one night and see stars disappearing one by one from the sky. What hypotheses do you have about why that is?,"The Earth is entering a localized, dense cloud of interstellar dust that is progressively obscuring the light from distant stellar sources.",SCTT-Hypothesis,gemini,21
gemini_021,pen-paper-story,"His silver pen danced across the yellowed paper. 
Every stroke added a new layer to the unfolding story of a lost kingdom. 
By midnight, the ink was dry and the legend was complete. 
He closed the journal, satisfied that the truth was finally recorded.",Story,gemini,44
gemini_021,PENCIL,Rub the graphite of a pencil along the teeth of a sticky zipper to act as a dry lubricant.,AUT,gemini,19
gemini_021,You notice that the water in one lake is warmer than the water in another lake even though they both get the same amount of sunlight. What hypotheses do you have about why that is?,"The warmer lake likely sits atop a dormant geothermal vent or possesses a darker, more heat-absorbent sediment layer on its floor.",SCTT-Hypothesis,gemini,21
gemini_022,You travel on a spaceship to a new planet outside of our galaxy. What scientific questions could you ask about this planet?,Does the planet's magnetosphere interact with the unique cosmic ray flux found in an intergalactic environment to affect the potential for atmospheric retention?,SCTT-ResearchQuestion,gemini,23
gemini_022,Develop as many design ideas as you can to reduce traffic congestion in mega cities.,"Implement a modular ""pod-on-rail"" system that attaches to existing building facades to utilize vertical urban space for transit.",Design,gemini,18
gemini_022,You look outside one night and see stars disappearing one by one from the sky. What hypotheses do you have about why that is?,"An immense, diffuse cloud of dark nebular dust is drifting through our local interstellar neighborhood, progressively obscuring distant starlight from our perspective.",SCTT-Hypothesis,gemini,22
gemini_022,Develop as many design ideas as you can to increase the use of renewable energy sources.,Integrate transparent solar-harvesting coatings into all high-rise window glass to turn entire city skylines into passive power plants.,Design,gemini,18
gemini_022,bridge-river-cross,"The old stone bridge creaked under his weight. Below, the river roared with spring melt. He knew he must cross before the sun set. One careful step led to another until he reached the far bank.",Story,gemini,36
gemini_022,You are introduced to a robot that can learn and think like humans. What scientific questions could you ask about this?,Does the robot’s neural architecture demonstrate an emergent capacity for subjective qualia similar to the biological processes found in the human prefrontal cortex?,SCTT-ResearchQuestion,gemini,23
gemini_022,BUCKET,"Turn it upside down and drill holes in the bottom to create a rustic, oversized showerhead for an outdoor garden.",AUT,gemini,20
gemini_022,BRICK,"Heat the brick in an oven and wrap it in a towel to use as a long-lasting, portable bed warmer for cold nights.",AUT,gemini,23
gemini_022,KNIFE,Use the flat side of a highly polished steel blade as an emergency signaling mirror to reflect sunlight toward rescuers.,AUT,gemini,20
gemini_022,Develop as many design ideas as you can to help people with mobility impairments navigate stairs.,"Install a tread-integrated conveyor system that works like a vertical ""moving walkway"" to glide users upward without requiring them to lift their feet.",Design,gemini,23
gemini_022,You notice that the water in one lake is warmer than the water in another lake even though they both get the same amount of sunlight. What hypotheses do you have about why that is?,The warmer lake may be situated over a localized geothermal vent or have a significantly darker sediment composition that increases its solar absorption.,SCTT-Hypothesis,gemini,23
gemini_022,mirror-face-reflection,"She stood before the silver mirror. Her tired face looked back with unfamiliar eyes. In the reflection, a shadow moved behind her. She turned, but the room was empty.",Story,gemini,29
gemini_022,pen-paper-story,"He gripped the silver pen tightly. The blank paper felt like a vast desert. Slowly, a story began to bloom in ink. By midnight, a world had been born.",Story,gemini,29
gemini_022,PENCIL,Use the graphite lead as an emergency dry lubricant for a stuck zipper or a squeaky door hinge.,AUT,gemini,18
gemini_022,key-door-lock,"The heavy iron key turned with a loud click. He pushed the ancient door open. The lock had not been used in centuries. Inside, the secrets of the past awaited him.",Story,gemini,31
gemini_022,Develop as many design ideas as you can to assist people with memory impairments remember important tasks.,"Develop a smart augmented reality headset that projects persistent, color-coded visual holographic labels directly onto physical objects associated with daily tasks.",Design,gemini,21
gemini_023,KNIFE,Use the flat side of the blade as an emergency signal mirror to reflect sunlight toward rescue teams.,AUT,gemini,18
gemini_023,mirror-face-reflection,"Elias leaned toward the mirror, searching for a trace of his father in his own face. The reflection rippled like water, distorting his features into something unrecognizable. He realized the glass wasn't showing his appearance, but his soul.",Story,gemini,38
gemini_023,You look outside one night and see stars disappearing one by one from the sky. What hypotheses do you have about why that is?,"A dense, fast-moving molecular cloud is passing through our local interstellar neighborhood, occluding the light from distant stellar sources.",SCTT-Hypothesis,gemini,19
gemini_023,Develop as many design ideas as you can to reduce traffic congestion in mega cities.,"Implement a system of modular, autonomous aerial pods that utilize vertical space to bypass traditional road networks.",Design,gemini,17
gemini_023,Develop as many design ideas as you can to increase the use of renewable energy sources.,Integrate transparent photovoltaic cells into all high-rise window panes to turn urban skylines into passive power plants.,Design,gemini,17
gemini_023,Develop as many design ideas as you can to help people with mobility impairments navigate stairs.,"Install sleek, collapsible ""stair-glider"" platforms that magnetically hover over existing steps without blocking foot traffic.",Design,gemini,15
gemini_023,BUCKET,Flip the bucket over and use it as a resonant acoustic drum for an impromptu street performance.,AUT,gemini,17
gemini_023,You notice that the water in one lake is warmer than the water in another lake even though they both get the same amount of sunlight. What hypotheses do you have about why that is?,The warmer lake likely sits atop a localized geothermal anomaly or has a significantly lower albedo due to dark mineral sediments on its floor.,SCTT-Hypothesis,gemini,24
gemini_023,key-door-lock,"The skeleton key felt heavy and ancient in his palm. He held his breath as he turned it inside the silver lock. The door swung open, revealing a library that stretched into infinity.",Story,gemini,33
gemini_023,You travel on a spaceship to a new planet outside of our galaxy. What scientific questions could you ask about this planet?,What is the isotopic composition of the planet's atmospheric noble gases compared to those found in our own solar system?,SCTT-ResearchQuestion,gemini,20
gemini_023,BRICK,"Grind the brick into a fine powder to create a rich, rust-colored pigment for artisanal paints.",AUT,gemini,16
gemini_023,Develop as many design ideas as you can to assist people with memory impairments remember important tasks.,"Use augmented reality glasses that project digital ""sticky notes"" onto physical objects associated with specific daily chores.",Design,gemini,17
gemini_023,pen-paper-story,"The pen danced across the paper, frantic and rhythmic. A story of lost empires and silent stars began to emerge from the void. With every stroke, the ink bled into reality.",Story,gemini,31
gemini_023,PENCIL,Use the graphite to lubricate a stiff lock mechanism by rubbing the pencil tip onto the key.,AUT,gemini,17
gemini_023,You are introduced to a robot that can learn and think like humans. What scientific questions could you ask about this?,Does the robot's neural architecture utilize a form of artificial synaptic pruning to optimize its learning efficiency over time?,SCTT-ResearchQuestion,gemini,19
gemini_023,bridge-river-cross,"The stone bridge arched gracefully over the turbulent river. Leo knew he had to cross before the tide rose too high. He stepped carefully over the mossy stones, listening to the water roar. He finally reached the other side and left the river behind.",Story,gemini,44
gemini_024,KNIFE,Use the flat side of the blade as an emergency signaling mirror to reflect sunlight toward rescuers.,AUT,gemini,17
gemini_024,PENCIL,Rub the graphite onto a sticking zipper to act as a dry lubricant for smoother movement.,AUT,gemini,16
gemini_024,Develop as many design ideas as you can to help people with mobility impairments navigate stairs.,"Install tread-integrated modular lifts that transform any standard staircase into a flat, rising platform on demand.",Design,gemini,16
gemini_024,key-door-lock,The rusted key felt heavy in his palm. He slid it into the ancient lock. The door creaked open to reveal a hidden garden. He stepped inside and left the world behind.,Story,gemini,32
gemini_024,Develop as many design ideas as you can to reduce traffic congestion in mega cities.,"Implement a network of overhead magnetic tracks for modular, autonomous pods to bypass street-level congestion.",Design,gemini,15
gemini_024,BUCKET,Place a smartphone inside an empty bucket to act as a low-tech acoustic amplifier for music.,AUT,gemini,16
gemini_024,Develop as many design ideas as you can to assist people with memory impairments remember important tasks.,Use augmented reality glasses to project holographic reminders directly onto the physical objects associated with daily tasks.,Design,gemini,17
gemini_024,pen-paper-story,"The pen danced across the rough paper. Each stroke brought the characters to life. A story of lost worlds emerged from the ink. Finally, the author sighed in relief.",Story,gemini,29
gemini_024,Develop as many design ideas as you can to increase the use of renewable energy sources.,Mandate the installation of transparent solar harvesting films on all commercial glass facades to turn skyscrapers into power plants.,Design,gemini,19
gemini_024,You travel on a spaceship to a new planet outside of our galaxy. What scientific questions could you ask about this planet?,Does the isotopic composition of the planet's crust suggest a different sequence of stellar nucleosynthesis than what is observed in the Milky Way?,SCTT-ResearchQuestion,gemini,23
gemini_024,bridge-river-cross,The narrow bridge swayed above the icy river. No one dared to cross during the winter storms. Elara took a deep breath and stepped forward. She reached the far bank as the sun broke through.,Story,gemini,35
gemini_024,mirror-face-reflection,He glanced into the cracked mirror. A distorted face mimicked his every move. The reflection winked even though his own eyes remained wide. He realized he was no longer alone in the room.,Story,gemini,33
gemini_024,You look outside one night and see stars disappearing one by one from the sky. What hypotheses do you have about why that is?,"The solar system is entering a region of space densely populated by non-luminous, light-absorbing microscopic particulate matter.",SCTT-Hypothesis,gemini,17
gemini_024,You are introduced to a robot that can learn and think like humans. What scientific questions could you ask about this?,How does the robot's hardware architecture resolve the 'binding problem' to create a unified field of perception similar to human consciousness?,SCTT-ResearchQuestion,gemini,21
gemini_024,You notice that the water in one lake is warmer than the water in another lake even though they both get the same amount of sunlight. What hypotheses do you have about why that is?,"The warmer lake likely has a darker bed composition or higher turbidity, causing it to absorb and retain more thermal energy.",SCTT-Hypothesis,gemini,21
gemini_024,BRICK,"Warm a brick in a fire and wrap it in a towel to serve as a rustic, long-lasting bed warmer.",AUT,gemini,20
gemini_025,pen-paper-story,"The silver pen leaked onto the crisp paper. It ruined the first draft of his epic story. He sighed and reached for a new sheet. This time, the words flowed without a single blotch.",Story,gemini,34
gemini_025,PENCIL,Use the graphite tip as a dry lubricant to fix a sticking zipper on a heavy coat.,AUT,gemini,17
gemini_025,BUCKET,"Invert the bucket to use as a resonance chamber for a DIY ""bucket-bass"" string instrument.",AUT,gemini,15
gemini_025,KNIFE,Use the polished flat of the blade as an emergency signaling mirror to reflect sunlight toward rescuers.,AUT,gemini,17
gemini_025,Develop as many design ideas as you can to help people with mobility impairments navigate stairs.,"An inflatable, high-strength ramp that automatically deploys over existing stairs via a smartphone app.",Design,gemini,14
gemini_025,You travel on a spaceship to a new planet outside of our galaxy. What scientific questions could you ask about this planet?,Does the planet's atmospheric composition suggest a different sequence of stellar nucleosynthesis than what is observed in our own galaxy?,SCTT-ResearchQuestion,gemini,20
gemini_025,Develop as many design ideas as you can to assist people with memory impairments remember important tasks.,A wearable device that uses bone-conduction to whisper task reminders only when the user enters a specific room.,Design,gemini,18
gemini_025,bridge-river-cross,The stone bridge stood firm against the raging river. Few dared to cross when the water rose so high. Elena took a deep breath and stepped onto the mossy path. She reached the other side just as the sun set.,Story,gemini,40
gemini_025,key-door-lock,"The iron key felt cold in her trembling hand. She inserted it into the door and turned it slowly. A loud click echoed as the lock finally yielded. She stepped inside, leaving the cold night behind her.",Story,gemini,37
gemini_025,You notice that the water in one lake is warmer than the water in another lake even though they both get the same amount of sunlight. What hypotheses do you have about why that is?,"The warmer lake likely has a much lower albedo due to a dark, basaltic bed that absorbs more solar radiation.",SCTT-Hypothesis,gemini,20
gemini_025,BRICK,"Soak a porous brick in citronella oil to create a heavy-duty, slow-releasing mosquito repellent for a patio.",AUT,gemini,17
gemini_025,Develop as many design ideas as you can to increase the use of renewable energy sources.,Integrate transparent solar-harvesting film into the screens of all mobile devices to recharge batteries using ambient light.,Design,gemini,17
gemini_025,You look outside one night and see stars disappearing one by one from the sky. What hypotheses do you have about why that is?,"A dense, high-velocity cloud of non-reflective interstellar dust is passing between Earth and the distant stars, progressively obscuring them.",SCTT-Hypothesis,gemini,19
gemini_025,Develop as many design ideas as you can to reduce traffic congestion in mega cities.,"Implement a network of autonomous, overhead gondolas that provide point-to-point transit above existing road networks.",Design,gemini,15
gemini_025,mirror-face-reflection,"He peered into the cracked mirror in the hallway. A tired face stared back at him with hollow eyes. The reflection seemed to move a second slower than he did. Terrified, he turned away and never looked back.",Story,gemini,38
gemini_025,You are introduced to a robot that can learn and think like humans. What scientific questions could you ask about this?,How does the robot's neural architecture manage the prioritization of long-term abstract goals versus immediate sensory-driven tasks?,SCTT-ResearchQuestion,gemini,17
gemini_026,bridge-river-cross,"The stone bridge groaned under the weight of the rising river. Elara hesitated, clutching her satchel tightly. She knew she had to cross before the foundations crumbled. With a deep breath, she sprinted toward the other side.",Story,gemini,37
gemini_026,PENCIL,Use the graphite core as an emergency dry lubricant for a sticking zipper or a stiff door lock.,AUT,gemini,18
gemini_026,key-door-lock,"The rusty key felt cold and heavy in Silas’s trembling hand. He inserted it into the heavy oak door, hoping for a click. The ancient lock yielded with a satisfying snap. He pushed the wood open to reveal a room filled with light.",Story,gemini,43
gemini_026,Develop as many design ideas as you can to increase the use of renewable energy sources.,Develop transparent solar concentrator coatings that can be applied to all skyscraper windows to convert city skylines into vertical energy farms.,Design,gemini,21
gemini_026,BRICK,"Grind the brick into a fine powder to create a natural, UV-resistant pigment for artisan terracotta paints.",AUT,gemini,17
gemini_026,Develop as many design ideas as you can to reduce traffic congestion in mega cities.,Implement a dynamic lane-shifting system that uses retractable physical barriers to reallocate road space in real-time based on live traffic density.,Design,gemini,21
gemini_026,Develop as many design ideas as you can to help people with mobility impairments navigate stairs.,"Install weight-sensitive treads on stairs that automatically transform into a seamless, motorized conveyor belt when the pressure profile of a wheelchair is detected.",Design,gemini,23
gemini_026,KNIFE,Use the polished surface of a stainless steel knife as an emergency signal mirror to reflect sunlight toward rescuers.,AUT,gemini,19
gemini_026,You are introduced to a robot that can learn and think like humans. What scientific questions could you ask about this?,"Does the robot’s neural architecture allow for the emergence of subjective experience, or is it merely executing a high-fidelity simulation of human cognitive processes?",SCTT-ResearchQuestion,gemini,24
gemini_026,Develop as many design ideas as you can to assist people with memory impairments remember important tasks.,Design smart-home flooring that projects glowing visual paths to guide users directly toward the location of their next scheduled task.,Design,gemini,20
gemini_026,You notice that the water in one lake is warmer than the water in another lake even though they both get the same amount of sunlight. What hypotheses do you have about why that is?,"The warmer lake likely has a much shallower basin and darker sediment, allowing it to absorb and retain solar heat more efficiently than its neighbor.",SCTT-Hypothesis,gemini,25
gemini_026,You travel on a spaceship to a new planet outside of our galaxy. What scientific questions could you ask about this planet?,Does the planet possess a magnetosphere strong enough to shield its atmosphere from the high-energy radiation of its parent star?,SCTT-ResearchQuestion,gemini,20
gemini_026,BUCKET,"Submerge a bucket upside down in a garden pond to create an air-filled ""diving bell"" sanctuary for beneficial aquatic insects.",AUT,gemini,20
gemini_026,pen-paper-story,"Her pen bled ink onto the yellowed paper like a soul spilling its secrets. Every stroke wove a story that had been trapped for decades. The room grew silent as the words took flight. By dawn, the final chapter was finally complete.",Story,gemini,42
gemini_026,You look outside one night and see stars disappearing one by one from the sky. What hypotheses do you have about why that is?,"A dense cloud of interstellar dust is currently passing through the line of sight between Earth and that specific sector of the galaxy, obscuring the starlight.",SCTT-Hypothesis,gemini,26
gemini_026,mirror-face-reflection,"He stared into the cracked mirror, barely recognizing the face staring back. His reflection seemed to move a fraction of a second slower than he did. A cold shiver ran down his spine as the image winked. He quickly turned away, heart pounding in his chest.",Story,gemini,46
gemini_027,Develop as many design ideas as you can to reduce traffic congestion in mega cities.,"Implement a subterranean network of high-speed, autonomous freight pods to remove heavy delivery vehicles from surface streets.",Design,gemini,17
gemini_027,key-door-lock,"The silver key turned with a satisfying click. He pushed the heavy door open, revealing a dusty attic. The old lock had held its secrets for decades. Now, the light finally touched the forgotten floorboards.",Story,gemini,35
gemini_027,You notice that the water in one lake is warmer than the water in another lake even though they both get the same amount of sunlight. What hypotheses do you have about why that is?,The warmer lake likely has a lower albedo due to dark sediment or is situated over a geothermal hot spot.,SCTT-Hypothesis,gemini,20
gemini_027,BRICK,"Heat the brick in an oven and wrap it in a towel to create a long-lasting, portable bed warmer.",AUT,gemini,19
gemini_027,You look outside one night and see stars disappearing one by one from the sky. What hypotheses do you have about why that is?,A dense cloud of interstellar dust is currently passing between Earth and that specific region of the galaxy.,SCTT-Hypothesis,gemini,18
gemini_027,Develop as many design ideas as you can to help people with mobility impairments navigate stairs.,"Install modular, retractable tread-ramps that activate via smartphone to convert stairs into a flat incline for wheelchairs.",Design,gemini,17
gemini_027,mirror-face-reflection,She stood before the silver mirror in the hallway. A different face stared back with a haunting intensity. The reflection didn't mimic her movements; it simply watched. She realized the glass was actually a window.,Story,gemini,35
gemini_027,Develop as many design ideas as you can to assist people with memory impairments remember important tasks.,"Implement an AI-driven haptic wearable that provides subtle, directional vibrations to lead users toward their next scheduled task.",Design,gemini,18
gemini_027,You are introduced to a robot that can learn and think like humans. What scientific questions could you ask about this?,Can this robot's neural architecture experience the 'explanatory gap' between physical processes and subjective qualitative experience?,SCTT-ResearchQuestion,gemini,16
gemini_027,Develop as many design ideas as you can to increase the use of renewable energy sources.,Integrate transparent solar-harvesting glass into the windows of all new high-rise skyscrapers to turn cities into power plants.,Design,gemini,18
gemini_027,BUCKET,Flip a bucket over and use it as a makeshift percussion instrument for an impromptu outdoor rhythm session.,AUT,gemini,18
gemini_027,bridge-river-cross,"The rickety bridge swayed violently above the churning water. He needed to cross before the storm intensified. The river roared beneath his feet, hungry and cold. One careful step at a time, he reached the safety of the far bank.",Story,gemini,40
gemini_027,pen-paper-story,"He gripped the worn pen tightly between his fingers. The blank paper seemed to challenge his very soul. As the first ink hit the page, a story began to unfold. Hours later, a masterpiece sat beneath the flickering lamp.",Story,gemini,39
gemini_027,KNIFE,Use the reflective flat side of a polished knife blade as an emergency signaling device for rescue.,AUT,gemini,17
gemini_027,You travel on a spaceship to a new planet outside of our galaxy. What scientific questions could you ask about this planet?,Does the planet's proximity to a galactic core affect its magnetosphere's ability to protect developing biological precursors from radiation?,SCTT-ResearchQuestion,gemini,19
gemini_027,PENCIL,Rub the graphite tip of a pencil into a sticky zipper to act as a dry lubricant for smoother movement.,AUT,gemini,20
gemini_028,Develop as many design ideas as you can to assist people with memory impairments remember important tasks.,Smart glasses that overlay digital post-it notes on real-world objects related to the task.,Design,gemini,14
gemini_028,You are introduced to a robot that can learn and think like humans. What scientific questions could you ask about this?,"Does the robot's neural architecture exhibit the same synaptic pruning during ""sleep"" cycles as biological brains?",SCTT-ResearchQuestion,gemini,16
gemini_028,Develop as many design ideas as you can to help people with mobility impairments navigate stairs.,Self-leveling stair treads that flatten into a continuous ramp upon pressure sensor activation.,Design,gemini,13
gemini_028,Develop as many design ideas as you can to increase the use of renewable energy sources.,Piezoelectric sidewalks in high-traffic urban areas that generate electricity from pedestrian footsteps.,Design,gemini,12
gemini_028,You notice that the water in one lake is warmer than the water in another lake even though they both get the same amount of sunlight. What hypotheses do you have about why that is?,The warmer lake has a lower albedo due to darker sediment or higher concentrations of light-absorbing phytoplankton.,SCTT-Hypothesis,gemini,17
gemini_028,mirror-face-reflection,"I leaned into the mirror to shave.
Suddenly, my face in the glass winked back.
I froze as the reflection began to step away from the frame.
My own room remained still, but the world behind the silver surface turned to ash.",Story,gemini,42
gemini_028,BRICK,Use a heated brick wrapped in wool as a sustainable bed warmer for cold nights.,AUT,gemini,15
gemini_028,key-door-lock,"The rusty key felt heavy in my trembling hand.
I inserted it into the ancient lock, hearing a satisfying click.
The heavy door groaned open to reveal a garden lost to time.
I finally stepped into the memories I had left behind.",Story,gemini,42
gemini_028,Develop as many design ideas as you can to reduce traffic congestion in mega cities.,"Implementing a dynamic, AI-managed reversible lane system that adjusts direction based on real-time traffic flow.",Design,gemini,15
gemini_028,BUCKET,Invert a bucket and cut a small hole in the side to create a protective toad habitat for your garden.,AUT,gemini,20
gemini_028,PENCIL,Use the graphite to lubricate a sticky door hinge by rubbing the lead against the metal.,AUT,gemini,16
gemini_028,pen-paper-story,"She gripped the pen until her knuckles turned white.
The blank paper seemed to stare back with infinite possibilities.
Word by word, a story of redemption began to bleed onto the page.
By dawn, her past had finally been rewritten.",Story,gemini,40
gemini_028,KNIFE,Use the flat side of a cold blade to quickly reduce swelling and bruising from a minor bump.,AUT,gemini,18
gemini_028,You travel on a spaceship to a new planet outside of our galaxy. What scientific questions could you ask about this planet?,How do the local stellar spectra and elemental abundances influence the potential for non-carbon-based biochemistry on the planet's surface?,SCTT-ResearchQuestion,gemini,19
gemini_028,You look outside one night and see stars disappearing one by one from the sky. What hypotheses do you have about why that is?,"An exceptionally dense, fast-moving cloud of interstellar dust is passing between the Earth and the distant star field.",SCTT-Hypothesis,gemini,18
gemini_028,bridge-river-cross,"The narrow bridge swayed violently over the rushing river.
I knew I had to cross before the storm reached the valley.
Each wooden plank creaked a warning as the water sprayed my face.
With a final leap, I reached the safety of the far bank.",Story,gemini,45
gemini_029,pen-paper-story,The ink from my pen danced across the blank paper. Every stroke whispered the beginning of a forgotten story. I wrote until my hand cramped and the sun dipped below the horizon. The legends lived once again on the page.,Story,gemini,40
gemini_029,PENCIL,Use it as a precision shim to stabilize a wobbling table on a hard floor.,AUT,gemini,15
gemini_029,You notice that the water in one lake is warmer than the water in another lake even though they both get the same amount of sunlight. What hypotheses do you have about why that is?,"The warmer lake may be shallower and have a dark, basaltic bed that absorbs and reradiates thermal energy more efficiently than the deeper, lighter-colored lake.",SCTT-Hypothesis,gemini,25
gemini_029,You travel on a spaceship to a new planet outside of our galaxy. What scientific questions could you ask about this planet?,Does the planet's magnetosphere provide enough protection against high-energy cosmic radiation from its local galactic environment to support carbon-based life?,SCTT-ResearchQuestion,gemini,20
gemini_029,You look outside one night and see stars disappearing one by one from the sky. What hypotheses do you have about why that is?,"An expansive, high-altitude cloud of non-reflective interstellar dust or a localized ""Bok globule"" is drifting between Earth and the distant star field.",SCTT-Hypothesis,gemini,22
gemini_029,BRICK,"Heat it in a fire and wrap it in a towel to use as a rustic, long-lasting bed warmer.",AUT,gemini,19
gemini_029,mirror-face-reflection,"I stared into the dusty mirror for a long time. My face looked different, almost like a stranger's mask. The reflection didn't blink when I did. I stepped back, realizing the glass was a window to another time.",Story,gemini,38
gemini_029,bridge-river-cross,"The ancient stone bridge groaned under the weight of the traveler. Below, the river roared with the fury of a mountain storm. He knew he must cross before the shadows grew too long. One final step brought him to the safety of the far bank.",Story,gemini,45
gemini_029,Develop as many design ideas as you can to help people with mobility impairments navigate stairs.,"Install modular, tread-integrated motorized platforms that convert individual steps into a synchronized vertical lift system.",Design,gemini,15
gemini_029,BUCKET,"Invert it and cut a hole in the bottom to create an impromptu, portable acoustic amplifier for a smartphone.",AUT,gemini,19
gemini_029,Develop as many design ideas as you can to assist people with memory impairments remember important tasks.,Integrate an AI-driven smart-home system that uses directional audio and floor-projected light paths to guide users through daily routines.,Design,gemini,19
gemini_029,Develop as many design ideas as you can to reduce traffic congestion in mega cities.,"Implement a dynamic, AI-controlled ""swarm"" system where autonomous public transport pods use magnetic levitation on the sides of buildings to bypass street-level lanes.",Design,gemini,23
gemini_029,key-door-lock,"The heavy iron key felt cold in my trembling hand. I inserted it into the lock and heard a satisfying click. The massive door swung open to reveal a room filled with light. Finally, the secrets of the mansion were within reach.",Story,gemini,42
gemini_029,KNIFE,Use the flat side of a heavy blade as a temporary soldering heat sink to protect delicate electronic components.,AUT,gemini,19
gemini_029,Develop as many design ideas as you can to increase the use of renewable energy sources.,"Create transparent, spray-on photovoltaic coatings for every window and skyscraper exterior to turn urban centers into massive, passive power plants.",Design,gemini,20
gemini_029,You are introduced to a robot that can learn and think like humans. What scientific questions could you ask about this?,To what extent does the robot's architecture replicate the neural pruning process observed in biological brains during late-stage development?,SCTT-ResearchQuestion,gemini,19
gemini_030,Develop as many design ideas as you can to increase the use of renewable energy sources.,Integrate transparent solar harvesting films into all new commercial and residential window glass.,Design,gemini,13
gemini_030,BRICK,A weighted anchor for a decorative garden balloon or festive outdoor streamers.,AUT,gemini,12
gemini_030,PENCIL,An emergency splint for a broken finger in a first-aid situation.,AUT,gemini,11
gemini_030,Develop as many design ideas as you can to assist people with memory impairments remember important tasks.,"Smart ""memory tags"" on household items that play a voice recording of their purpose when touched by a paired bracelet.",Design,gemini,20
gemini_030,You notice that the water in one lake is warmer than the water in another lake even though they both get the same amount of sunlight. What hypotheses do you have about why that is?,The warmer lake may have a darker lakebed or higher concentrations of suspended particles that increase thermal absorption compared to the other lake.,SCTT-Hypothesis,gemini,23
gemini_030,Develop as many design ideas as you can to help people with mobility impairments navigate stairs.,"Modular ""stair-lifts"" that transform individual steps into a synchronized vertical conveyor belt system.",Design,gemini,13
gemini_030,mirror-face-reflection,"He stood before the silvered glass, searching for a trace of his youth. The mirror revealed every line etched into his tired face. In that cold reflection, he saw the man he had become. He turned away, leaving the image behind.",Story,gemini,41
gemini_030,pen-paper-story,"He gripped the wooden pen and pressed it against the blank paper. The story flowed like water from a broken dam. Words raced to keep up with his frantic thoughts. By dawn, the final sentence was carved in ink.",Story,gemini,39
gemini_030,bridge-river-cross,"The wooden bridge creaked under the weight of the heavy wagon. Below, the river roared with the fury of the spring melt. They needed to cross before the storm arrived. One final push brought them safely to the other side.",Story,gemini,40
gemini_030,key-door-lock,"The rusted key resisted at first, but finally clicked inside the lock. The heavy door yielded to his shoulder with a sharp groan. He stepped inside, smelling the scent of cedar and dust. He was home at last.",Story,gemini,38
gemini_030,Develop as many design ideas as you can to reduce traffic congestion in mega cities.,An underground network of automated vacuum tubes for rapid freight delivery to remove heavy trucks from surface streets.,Design,gemini,18
gemini_030,You are introduced to a robot that can learn and think like humans. What scientific questions could you ask about this?,"Does the robot exhibit a ""sleep"" cycle necessary for the consolidation of learned neural patterns and error-correction?",SCTT-ResearchQuestion,gemini,17
gemini_030,KNIFE,Using the metal blade to reflect sunlight as an emergency signaling device to attract rescue aircraft.,AUT,gemini,16
gemini_030,You travel on a spaceship to a new planet outside of our galaxy. What scientific questions could you ask about this planet?,How does the specific isotopic composition of the planet’s crust compare to the chemical signatures found within the Milky Way?,SCTT-ResearchQuestion,gemini,20
gemini_030,You look outside one night and see stars disappearing one by one from the sky. What hypotheses do you have about why that is?,"A veil of high-altitude ice crystals is forming rapidly, scattering the light from distant stars until they are no longer visible.",SCTT-Hypothesis,gemini,21
gemini_030,BUCKET,Turning it upside down to create a protective cloche for delicate garden seedlings during a frost.,AUT,gemini,16
gemini_031,Develop as many design ideas as you can to reduce traffic congestion in mega cities.,"Implement a network of autonomous, modular pods that travel on magnetic tracks integrated into the sides of existing skyscrapers.",Design,gemini,19
gemini_031,You look outside one night and see stars disappearing one by one from the sky. What hypotheses do you have about why that is?,"A massive cloud of dense, light-absorbing interstellar dust is passing between our solar system and the distant star clusters.",SCTT-Hypothesis,gemini,19
gemini_031,Develop as many design ideas as you can to help people with mobility impairments navigate stairs.,Install pressure-sensitive stairs that automatically flatten into a continuous lifting platform when a mobility device is detected.,Design,gemini,17
gemini_031,You are introduced to a robot that can learn and think like humans. What scientific questions could you ask about this?,To what extent can the robot's artificial neural network replicate the subjective experience of qualia observed in human consciousness?,SCTT-ResearchQuestion,gemini,19
gemini_031,key-door-lock,The silver key felt heavy and cold. She slid it slowly into the rusted lock. The heavy wooden door creaked as it finally swung open. Beyond it lay the garden she had seen only in her dreams.,Story,gemini,37
gemini_031,You travel on a spaceship to a new planet outside of our galaxy. What scientific questions could you ask about this planet?,Does the unique elemental abundance of this galaxy's progenitor star significantly alter the mineralogical development of the planet's crust?,SCTT-ResearchQuestion,gemini,19
gemini_031,bridge-river-cross,"The stone bridge stood firm against the rushing river. Many travelers sought to cross, but few dared the icy spray. He wrapped his cloak tight and stepped onto the path. Success awaited him on the emerald plains of the north.",Story,gemini,40
gemini_031,BRICK,"Use a heated brick wrapped in a towel as a sustainable, long-lasting bed-warmer for cold nights.",AUT,gemini,16
gemini_031,BUCKET,Invert the bucket to serve as a makeshift acoustic resonance chamber for a portable speaker.,AUT,gemini,15
gemini_031,mirror-face-reflection,"She stood before the ornate mirror and sighed. The glass captured every line on her tired face. Her reflection seemed to whisper of secrets long forgotten. She smiled, knowing every wrinkle was a story well-lived.",Story,gemini,35
gemini_031,Develop as many design ideas as you can to assist people with memory impairments remember important tasks.,A smart mirror that overlays a digital daily checklist onto the user's reflection during their morning routine.,Design,gemini,17
gemini_031,pen-paper-story,"The nib of the pen scratched rhythmically against the paper. A complex story began to unfold with every stroke of ink. Characters breathed life into the once-empty white space. The author finally smiled, knowing the world they built was complete.",Story,gemini,40
gemini_031,Develop as many design ideas as you can to increase the use of renewable energy sources.,Mandate the installation of piezoelectric floor tiles in all high-traffic public transit hubs to harvest energy from pedestrian footsteps.,Design,gemini,19
gemini_031,You notice that the water in one lake is warmer than the water in another lake even though they both get the same amount of sunlight. What hypotheses do you have about why that is?,"The warmer lake is likely situated over a thin section of the Earth's crust, allowing for greater geothermal heating from below.",SCTT-Hypothesis,gemini,21
gemini_031,KNIFE,Use the flat side of the knife blade as a makeshift spatula for smoothing icing or wood putty.,AUT,gemini,18
gemini_031,PENCIL,Use the pencil's graphite as a dry lubricant to fix a sticking door hinge or a stiff zipper.,AUT,gemini,18
gemini_032,You are introduced to a robot that can learn and think like humans. What scientific questions could you ask about this?,Does the robot’s cognitive architecture incorporate a synthetic amygdala to simulate the role of emotional valence in human decision-making?,SCTT-ResearchQuestion,gemini,19
gemini_032,BUCKET,Use it as a makeshift drum to create percussive signals that can be heard across long distances in the wilderness.,AUT,gemini,20
gemini_032,bridge-river-cross,The bridge stood tall over the churning water. A deep river flowed beneath the ancient stone arches. Birds watched as the weary traveler began to cross. He reached the other side just as the sun dipped low.,Story,gemini,37
gemini_032,PENCIL,Use the graphite to draw a conductive circuit path on paper for low-power electronic hobbyist projects.,AUT,gemini,16
gemini_032,pen-paper-story,"She picked up the pen and hesitated. The white paper waited for her first mark. Slowly, a story began to emerge from the ink. By midnight, the tale was finished and alive.",Story,gemini,32
gemini_032,KNIFE,Use the heavy handle as a temporary pestle for grinding medicinal herbs or spices in a pinch.,AUT,gemini,17
gemini_032,You notice that the water in one lake is warmer than the water in another lake even though they both get the same amount of sunlight. What hypotheses do you have about why that is?,"The warmer lake is likely shallower, allowing sunlight to reach the dark, heat-absorbing sediment at the bottom and warm the entire water column more efficiently.",SCTT-Hypothesis,gemini,25
gemini_032,mirror-face-reflection,She stood before the silver mirror in the hallway. A pale face stared back at her with wide eyes. The reflection seemed to linger even after she turned away. It was a haunting image she couldn't forget.,Story,gemini,37
gemini_032,Develop as many design ideas as you can to increase the use of renewable energy sources.,Embed translucent solar cells into all urban window glass to turn skyscrapers into massive vertical power plants.,Design,gemini,17
gemini_032,BRICK,Heat the brick in a fire and place it at the bottom of a container of water to act as a primitive immersion heater.,AUT,gemini,24
gemini_032,You travel on a spaceship to a new planet outside of our galaxy. What scientific questions could you ask about this planet?,Does the planet's atmospheric spectroscopy reveal isotope ratios that suggest a stellar origin distinct from the chemical evolution of the Milky Way?,SCTT-ResearchQuestion,gemini,22
gemini_032,Develop as many design ideas as you can to assist people with memory impairments remember important tasks.,"A smart wristband that uses haptic pulses to guide the wearer's hand toward items they frequently forget, like keys or glasses.",Design,gemini,21
gemini_032,Develop as many design ideas as you can to help people with mobility impairments navigate stairs.,"Install modular, voice-activated conveyor treads directly onto existing staircase steps to act as a personal escalator.",Design,gemini,16
gemini_032,You look outside one night and see stars disappearing one by one from the sky. What hypotheses do you have about why that is?,"A vast, moving front of high-altitude clouds is gradually obscuring the celestial sphere from a specific geographic perspective.",SCTT-Hypothesis,gemini,18
gemini_032,Develop as many design ideas as you can to reduce traffic congestion in mega cities.,"Implement a dynamic, AI-managed modular lane system that physically shifts barriers to expand road capacity in real-time based on traffic flow.",Design,gemini,21
gemini_032,key-door-lock,"He found the silver key buried in the sand. The garden door remained hidden behind thick vines. He cleared the leaves and found the heavy lock. With a sharp click, the way forward finally opened.",Story,gemini,35
gemini_033,key-door-lock,"He found the rusted key buried beneath the ancient oak tree.
Heart pounding, he approached the heavy iron door.
The lock groaned in protest but finally clicked open.
Inside, a world of forgotten magic awaited.",Story,gemini,35
gemini_033,bridge-river-cross,"The narrow bridge swayed violently in the howling wind.
Below, the river roared like a hungry beast.
She knew she had to cross before the storm intensified.
With a deep breath, she took her first precarious step.",Story,gemini,37
gemini_033,Develop as many design ideas as you can to assist people with memory impairments remember important tasks.,Use holographic floor projections that highlight the path to essential items or display upcoming tasks in the user's line of sight.,Design,gemini,21
gemini_033,Develop as many design ideas as you can to reduce traffic congestion in mega cities.,"Implement a modular, sky-borne transit system of personal pods that magnetically attach to existing overpass structures.",Design,gemini,16
gemini_033,pen-paper-story,"The silver pen hovered over the pristine, white paper.
Slowly, ink began to flow as a hidden world emerged.
Every stroke added depth to a story once trapped.
By dawn, the room echoed with written dreams.",Story,gemini,36
gemini_033,You travel on a spaceship to a new planet outside of our galaxy. What scientific questions could you ask about this planet?,How does the unique chemical composition of this planet's magnetosphere affect the evolution of atmospheric gases compared to those in the Milky Way?,SCTT-ResearchQuestion,gemini,23
gemini_033,BUCKET,Flip it over and use it as a makeshift rhythmic drum for a street performance or a garden seat.,AUT,gemini,19
gemini_033,You notice that the water in one lake is warmer than the water in another lake even though they both get the same amount of sunlight. What hypotheses do you have about why that is?,One lake might be fed by subterranean geothermal vents that warm the water from beneath the surface.,SCTT-Hypothesis,gemini,17
gemini_033,BRICK,"Heat it in an oven and wrap it in a towel to use as a rustic, long-lasting bed warmer for cold winter nights.",AUT,gemini,23
gemini_033,You look outside one night and see stars disappearing one by one from the sky. What hypotheses do you have about why that is?,"An exceptionally dense and cold molecular cloud is passing between Earth and the distant stars, obscuring their light.",SCTT-Hypothesis,gemini,18
gemini_033,You are introduced to a robot that can learn and think like humans. What scientific questions could you ask about this?,To what extent does the robot's neural architecture experience synthetic neuroplasticity when exposed to subjective emotional stimuli?,SCTT-ResearchQuestion,gemini,17
gemini_033,PENCIL,Use the graphite-coated tip as a dry lubricant for unsticking a stubborn metal zipper.,AUT,gemini,14
gemini_033,mirror-face-reflection,"She stood before the antique mirror.
The face looking back was etched with memories.
Suddenly, the reflection blinked while she stayed still.
A chill ran down her spine as the glass frosted.",Story,gemini,32
gemini_033,Develop as many design ideas as you can to increase the use of renewable energy sources.,"Integrate flexible, transparent solar-harvesting films into all commercial and residential window glass to turn entire cities into power generators.",Design,gemini,19
gemini_033,KNIFE,Use the flat side of a wide blade as a makeshift palette for mixing oil paints.,AUT,gemini,16
gemini_033,Develop as many design ideas as you can to help people with mobility impairments navigate stairs.,"Install a modular ""stair-crawler"" attachment for wheelchairs that uses tank-tread technology to safely ascend and descend any standard flight of steps.",Design,gemini,21
gemini_034,PENCIL,Use the graphite tip as a makeshift conductor for completing a low-voltage electrical circuit.,AUT,gemini,14
gemini_034,mirror-face-reflection,"He stared into the silvered glass of the antique mirror. A stranger's face stared back with a haunting familiarity. The reflection blinked, but he did not. Fear chilled his bones as the image smiled independently.",Story,gemini,35
gemini_034,You look outside one night and see stars disappearing one by one from the sky. What hypotheses do you have about why that is?,"A massive, non-luminous object is passing through our solar system, occulting distant stars sequentially along its trajectory.",SCTT-Hypothesis,gemini,17
gemini_034,key-door-lock,"The rusty key trembled in her cold hand. She approached the heavy oak door with a sense of dread. With a sharp click, the lock finally surrendered. Sunlight flooded the dusty hall as it creaked open.",Story,gemini,36
gemini_034,pen-paper-story,"He pressed the silver pen against the crisp sheet. Words flowed onto the paper like an escaping tide. This story was the only legacy he had left. By midnight, the ink was dry and the truth was told.",Story,gemini,38
gemini_034,bridge-river-cross,"The stone bridge stretched across the churning rapids. Below, the river roared with the melting mountain snow. To cross was to risk everything for a new beginning. He took a breath and stepped onto the mossy path.",Story,gemini,37
gemini_034,BRICK,"Grind it into a fine powder to use as a natural, rust-colored pigment for artisanal paints.",AUT,gemini,16
gemini_034,You travel on a spaceship to a new planet outside of our galaxy. What scientific questions could you ask about this planet?,What,SCTT-ResearchQuestion,gemini,1
gemini_034,Develop as many design ideas as you can to help people with mobility impairments navigate stairs.,,Design,gemini,0
gemini_034,You are introduced to a robot that can learn and think like humans. What scientific questions could you ask about this?,,SCTT-ResearchQuestion,gemini,0
gemini_034,Develop as many design ideas as you can to increase the use of renewable energy sources.,,Design,gemini,0
gemini_034,BUCKET,,AUT,gemini,0
gemini_034,You notice that the water in one lake is warmer than the water in another lake even though they both get the same amount of sunlight. What hypotheses do you have about why that is?,,SCTT-Hypothesis,gemini,0
gemini_034,Develop as many design ideas as you can to reduce traffic congestion in mega cities.,,Design,gemini,0
gemini_034,KNIFE,,AUT,gemini,0
gemini_034,Develop as many design ideas as you can to assist people with memory impairments remember important tasks.,,Design,gemini,0
gemini_035,Develop as many design ideas as you can to help people with mobility impairments navigate stairs.,Stair treads that transform into an inclined ramp via synchronized hydraulic lifts.,Design,gemini,12
gemini_035,You notice that the water in one lake is warmer than the water in another lake even though they both get the same amount of sunlight. What hypotheses do you have about why that is?,"The warmer lake likely has a lower volume-to-surface-area ratio, allowing it to heat up more rapidly than the deeper lake.",SCTT-Hypothesis,gemini,20
gemini_035,Develop as many design ideas as you can to assist people with memory impairments remember important tasks.,"Wearable AR glasses that overlay glowing visual ""anchors"" onto household objects involved in daily routines.",Design,gemini,15
gemini_035,Develop as many design ideas as you can to increase the use of renewable energy sources.,Mandatory integration of transparent solar-cell windows in all new commercial skyscraper construction.,Design,gemini,12
gemini_035,BUCKET,Use it as an improvised acoustic amplifier for a smartphone by placing the speaker inside the basin.,AUT,gemini,17
gemini_035,You are introduced to a robot that can learn and think like humans. What scientific questions could you ask about this?,Does the robot possess a functional equivalent to the human limbic system to process emotional weight during decision-making?,SCTT-ResearchQuestion,gemini,18
gemini_035,You look outside one night and see stars disappearing one by one from the sky. What hypotheses do you have about why that is?,"A large, diffuse cloud of interstellar dust is passing through the local interstellar medium, obscuring the starlight.",SCTT-Hypothesis,gemini,17
gemini_035,PENCIL,Use the wood shavings from a sharpened pencil as highly flammable tinder for starting a survival fire.,AUT,gemini,17
gemini_035,bridge-river-cross,"The wooden bridge swayed violently above the churning river. We had to cross the canyon before the sun dipped below the horizon. Every step felt like a gamble against the rotting timber. Finally, we reached the other side and collapsed in relief.",Story,gemini,42
gemini_035,key-door-lock,"She turned the silver key until it clicked inside the rusted lock. The heavy cellar door groaned open, revealing a flight of stone steps. Dust motes danced in the single beam of light from the hallway. She took a deep breath and entered the darkness.",Story,gemini,45
gemini_035,You travel on a spaceship to a new planet outside of our galaxy. What scientific questions could you ask about this planet?,"What is the isotopic composition of the planet’s atmosphere, and does it suggest a history of biological carbon cycling?",SCTT-ResearchQuestion,gemini,19
gemini_035,mirror-face-reflection,"He looked into the antique mirror and didn't recognize his own face. The reflection was several years younger and lacked his jagged scar. He reached out to touch the cold glass with trembling fingers. Suddenly, the image in the mirror winked at him.",Story,gemini,43
gemini_035,pen-paper-story,"The gold-nibbed pen glided smoothly across the parchment paper. She poured her heart into a story about a clockmaker who could freeze time. Words flowed like water, filling the margins with tiny, elegant script. By midnight, the inkwell was empty and the tale was finished.",Story,gemini,45
gemini_035,KNIFE,Use the handle as an improvised pestle for grinding spices in a bowl.,AUT,gemini,13
gemini_035,BRICK,"Use a heated brick wrapped in fabric as a rustic, long-lasting foot warmer for cold winter nights.",AUT,gemini,17
gemini_035,Develop as many design ideas as you can to reduce traffic congestion in mega cities.,"Autonomous, high-speed underground pods that transport freight during peak hours to clear surface roads for commuters.",Design,gemini,16
gemini_036,Develop as many design ideas as you can to help people with mobility impairments navigate stairs.,"Install retractable, tread-integrated lift platforms that convert standard stairs into a temporary elevator on demand.",Design,gemini,15
gemini_036,PENCIL,Rub the graphite tip of the pencil onto a stuck zipper to act as a dry lubricant.,AUT,gemini,17
gemini_036,Develop as many design ideas as you can to assist people with memory impairments remember important tasks.,Smart flooring that uses light-up LED paths to guide users to their next task's location.,Design,gemini,15
gemini_036,BRICK,"Use a heated brick wrapped in a towel as a low-tech, long-lasting foot warmer for cold nights.",AUT,gemini,17
gemini_036,bridge-river-cross,The bridge stood firm over the rushing river. Travelers were required to cross before sundown. Leo held his breath and walked forward. He reached the other side safely.,Story,gemini,28
gemini_036,You look outside one night and see stars disappearing one by one from the sky. What hypotheses do you have about why that is?,"A dense, localized cloud of non-reflective interstellar dust is drifting between Earth and the distant star field.",SCTT-Hypothesis,gemini,17
gemini_036,Develop as many design ideas as you can to increase the use of renewable energy sources.,Install transparent solar-harvesting thin films on every urban window and glass surface.,Design,gemini,12
gemini_036,You travel on a spaceship to a new planet outside of our galaxy. What scientific questions could you ask about this planet?,Does the planet's atmospheric composition allow for the existence of liquid elements that are only found as gases in our galaxy?,SCTT-ResearchQuestion,gemini,21
gemini_036,pen-paper-story,"He held the pen over the blank paper. Every story begins with a single thought. The ink began to flow like a river. Soon, a new world was born.",Story,gemini,29
gemini_036,You are introduced to a robot that can learn and think like humans. What scientific questions could you ask about this?,"Can the robot's neural network replicate the biological process of ""forgetting"" to prioritize the most relevant learned information?",SCTT-ResearchQuestion,gemini,18
gemini_036,You notice that the water in one lake is warmer than the water in another lake even though they both get the same amount of sunlight. What hypotheses do you have about why that is?,One lake is situated directly above a geothermal fissure that heats the water from the basin up.,SCTT-Hypothesis,gemini,17
gemini_036,Develop as many design ideas as you can to reduce traffic congestion in mega cities.,"Deploy a fleet of autonomous, suspended cable-car pods that operate above existing roadways.",Design,gemini,13
gemini_036,key-door-lock,She found the silver key in the tall grass. The door it opened had been hidden for years. She heard the lock click into place. The secret was finally revealed.,Story,gemini,30
gemini_036,mirror-face-reflection,I looked into the old mirror. My face was distorted by the glass. My reflection blinked when I did not. I backed away in silence.,Story,gemini,25
gemini_036,BUCKET,Flip the bucket upside down to use as a resonant percussion instrument for street performances.,AUT,gemini,15
gemini_036,KNIFE,Use the flat side of a polished stainless steel blade as an emergency signaling mirror.,AUT,gemini,15
gemini_037,You notice that the water in one lake is warmer than the water in another lake even though they both get the same amount of sunlight. What hypotheses do you have about why that is?,"The warmer lake may be situated over a thin section of the Earth's crust, allowing geothermal energy to heat the water from below despite equal solar exposure.",SCTT-Hypothesis,gemini,27
gemini_037,Develop as many design ideas as you can to assist people with memory impairments remember important tasks.,A scent-based notification system that releases specific aromas to trigger associative memories for scheduled daily activities.,Design,gemini,16
gemini_037,BUCKET,Turn it upside down to create a makeshift acoustic amplifier for a smartphone speaker.,AUT,gemini,14
gemini_037,You travel on a spaceship to a new planet outside of our galaxy. What scientific questions could you ask about this planet?,Does the planet's atmospheric chemical signature indicate the presence of biological processes that differ from those found in the Milky Way?,SCTT-ResearchQuestion,gemini,21
gemini_037,PENCIL,Rub the graphite lead onto a sticky zipper or a tight keyhole to act as a dry lubricant.,AUT,gemini,18
gemini_037,BRICK,Wrap a heated brick in a thick cloth to serve as a long-lasting thermal bed warmer during cold nights.,AUT,gemini,19
gemini_037,You are introduced to a robot that can learn and think like humans. What scientific questions could you ask about this?,To what extent does the robot's architecture utilize stochastic neural firing to simulate the cognitive flexibility of human intuition?,SCTT-ResearchQuestion,gemini,19
gemini_037,Develop as many design ideas as you can to reduce traffic congestion in mega cities.,"Implement a system of modular, autonomous transit pods that dynamically group together on main arteries to maximize lane efficiency.",Design,gemini,19
gemini_037,You look outside one night and see stars disappearing one by one from the sky. What hypotheses do you have about why that is?,"A localized cloud of non-luminous interstellar dust is passing between the Earth and the star field, progressively obscuring the stars.",SCTT-Hypothesis,gemini,20
gemini_037,mirror-face-reflection,He stared into the silver mirror. A strange face blinked back from the glass. The reflection reached out to touch his hand. Cold fingers pressed against his warm skin.,Story,gemini,29
gemini_037,Develop as many design ideas as you can to increase the use of renewable energy sources.,Transform the glass surfaces of city skyscrapers into transparent solar concentrators to harvest energy without using additional land.,Design,gemini,18
gemini_037,Develop as many design ideas as you can to help people with mobility impairments navigate stairs.,"Install motorized, retractable tread-lifts on existing staircases that provide a flat, mobile platform for wheelchair users.",Design,gemini,16
gemini_037,key-door-lock,The silver key fit perfectly. I turned it until the lock clicked. The heavy door swung open slowly. Darkness spilled out from the room.,Story,gemini,24
gemini_037,KNIFE,Use the polished flat of the blade as a signal mirror to reflect sunlight and signal for help during an emergency.,AUT,gemini,21
gemini_037,pen-paper-story,My pen danced across the page. Rough paper soaked up every thought. A tragic story began to emerge. The ink bled like a wound.,Story,gemini,24
gemini_037,bridge-river-cross,"A wooden bridge spanned the gap. Below, the river hissed like a snake. We had to cross before sunset. One careful step changed everything forever.",Story,gemini,25
gemini_038,pen-paper-story,The ink from the silver pen bled onto the rough paper. Every stroke carved a forgotten memory into the sheet. This story was the only thing keeping the past alive. He signed his name and felt a heavy burden lift.,Story,gemini,40
gemini_038,BRICK,"Heat the brick in an oven and wrap it in a towel to use as a rustic, long-lasting bed warmer for cold winter nights.",AUT,gemini,24
gemini_038,KNIFE,Use the flat side of a heavy kitchen knife to crush garlic cloves instantly without needing a dedicated press.,AUT,gemini,19
gemini_038,You look outside one night and see stars disappearing one by one from the sky. What hypotheses do you have about why that is?,"An expanding, spherical shell of opaque molecular gas is moving through the local interstellar medium, progressively blocking the light from more distant star systems.",SCTT-Hypothesis,gemini,24
gemini_038,mirror-face-reflection,"She stood before the cracked mirror, holding her breath. Her face appeared distorted in the jagged glass shards. The reflection didn't blink when she finally did. Fear rippled through her as she realized she was no longer alone.",Story,gemini,38
gemini_038,Develop as many design ideas as you can to assist people with memory impairments remember important tasks.,Haptic floor tiles that vibrate in specific patterns to lead a person from their bed to their daily medicine cabinet or essential tasks.,Design,gemini,23
gemini_038,Develop as many design ideas as you can to increase the use of renewable energy sources.,Integrate transparent solar harvesting thin-films into all skyscraper windows to turn entire city skylines into massive vertical power plants.,Design,gemini,19
gemini_038,bridge-river-cross,"The ancient stone bridge groaned under the weight of the traveler. Below, the river roared with the fury of a spring thaw. He knew he had to cross before the supports gave way. One final leap landed him safely on the muddy bank.",Story,gemini,43
gemini_038,key-door-lock,"The brass key turned with a satisfying click inside the rusted lock. Slowly, the heavy oak door creaked open to reveal a hidden library. Dust danced in the light of his lantern. He stepped inside, finally finding the secrets he sought.",Story,gemini,41
gemini_038,You are introduced to a robot that can learn and think like humans. What scientific questions could you ask about this?,How does the robot's architecture replicate the biochemical influence of hormones on human cognitive prioritization and emotional state?,SCTT-ResearchQuestion,gemini,18
gemini_038,Develop as many design ideas as you can to reduce traffic congestion in mega cities.,"Implement a dynamic, AI-managed subterranean pallet system that whisks individual vehicles through vacuum tubes beneath existing city grids.",Design,gemini,18
gemini_038,PENCIL,Use the graphite in a pencil to bridge a broken circuit trace on a remote control's circuit board as a temporary conductive repair.,AUT,gemini,23
gemini_038,Develop as many design ideas as you can to help people with mobility impairments navigate stairs.,"Install ""step-climbing"" modular treads on existing stairs that transform into a flat, rising platform when activated by a mobility-aid sensor.",Design,gemini,20
gemini_038,You travel on a spaceship to a new planet outside of our galaxy. What scientific questions could you ask about this planet?,"Does the planet's host star possess a chemical composition significantly different from stars in the Milky Way, and how does that affect the planet's mineralogy?",SCTT-ResearchQuestion,gemini,25
gemini_038,You notice that the water in one lake is warmer than the water in another lake even though they both get the same amount of sunlight. What hypotheses do you have about why that is?,"The warmer lake may be situated over a geothermal vent or have a dark, basaltic bed that absorbs and retains more thermal energy than the lighter bottom of the cooler lake.",SCTT-Hypothesis,gemini,31
gemini_038,BUCKET,"Invert the bucket and drill holes in the bottom to create a portable, gravity-fed outdoor shower head for camping.",AUT,gemini,19
gemini_039,You travel on a spaceship to a new planet outside of our galaxy. What scientific questions could you ask about this planet?,How does the unique chemical enrichment history of this foreign galaxy influence the mineralogical diversity of the planet's crust compared to Earth?,SCTT-ResearchQuestion,gemini,22
gemini_039,Develop as many design ideas as you can to assist people with memory impairments remember important tasks.,Smart eyewear that uses augmented reality to project holographic sticky notes onto relevant physical objects in the user's home.,Design,gemini,19
gemini_039,bridge-river-cross,"The wooden bridge groaned under the weight of the traveler. Below, the rushing river swallowed the sound of his footsteps. He knew he had to cross before the storm arrived. One final leap brought him safely to the mossy bank.",Story,gemini,40
gemini_039,Develop as many design ideas as you can to increase the use of renewable energy sources.,Integrate transparent solar-collecting films into all skyscraper window panes to transform city skylines into vertical power plants.,Design,gemini,17
gemini_039,pen-paper-story,"She held the silver pen over the blank sheet. The paper felt cool and expectant under her palm. With a deep breath, she began to weave a story of lost kingdoms. Every ink stroke brought a new world to life.",Story,gemini,40
gemini_039,key-door-lock,"The heavy iron key felt cold in his trembling hand. He carefully guided it into the ancient lock. With a sharp click, the door finally yielded to his push. Beyond the threshold, a secret garden awaited him.",Story,gemini,37
gemini_039,Develop as many design ideas as you can to help people with mobility impairments navigate stairs.,"A modular, tread-based robotic attachment for wheelchairs that allows them to climb steps like a miniature tank.",Design,gemini,17
gemini_039,KNIFE,Using the handle of a heavy knife as a makeshift pestle to grind spices or seeds against a flat stone.,AUT,gemini,20
gemini_039,BUCKET,"Invert a bucket and punch holes in the bottom to create a rustic, industrial lampshade for a pendant light.",AUT,gemini,19
gemini_039,BRICK,Carve a small channel into a brick to create a heat-retaining incense burner or essential oil diffuser.,AUT,gemini,17
gemini_039,Develop as many design ideas as you can to reduce traffic congestion in mega cities.,"Implementing a synchronized V2X communication network that replaces traffic lights with fluid, high-speed weaving intersections.",Design,gemini,15
gemini_039,You look outside one night and see stars disappearing one by one from the sky. What hypotheses do you have about why that is?,"A dense, localized molecular cloud is moving across our line of sight, sequentially obscuring the stars behind it.",SCTT-Hypothesis,gemini,18
gemini_039,mirror-face-reflection,"He stared intently into the dusty mirror. A tired face looked back at him with hollow eyes. The reflection seemed to ripple like water for a brief moment. He blinked, and the strange illusion vanished instantly.",Story,gemini,36
gemini_039,You are introduced to a robot that can learn and think like humans. What scientific questions could you ask about this?,Does the robot's learning algorithm utilize a non-Euclidean data structure to mimic the associative memory pathways found in the human hippocampus?,SCTT-ResearchQuestion,gemini,21
gemini_039,PENCIL,"Use the cedar wood shavings from a sharpened pencil as a natural, aromatic moth repellent for small drawers.",AUT,gemini,18
gemini_039,You notice that the water in one lake is warmer than the water in another lake even though they both get the same amount of sunlight. What hypotheses do you have about why that is?,The warmer lake is likely fed by a subsurface geothermal spring that continuously heats the water from below.,SCTT-Hypothesis,gemini,18
gemini_040,Develop as many design ideas as you can to increase the use of renewable energy sources.,Integrate micro-wind turbines into highway sound barriers to generate electricity from the turbulence of passing vehicles.,Design,gemini,16
gemini_040,Develop as many design ideas as you can to help people with mobility impairments navigate stairs.,Install weight-counterbalanced manual elevator platforms alongside staircases that utilize the user's own leverage for vertical movement.,Design,gemini,16
gemini_040,You look outside one night and see stars disappearing one by one from the sky. What hypotheses do you have about why that is?,"A massive, localized cloud of light-absorbing interstellar dust is currently passing between Earth and the distant star fields.",SCTT-Hypothesis,gemini,18
gemini_040,BUCKET,Turn it upside down to use as an acoustic resonance chamber for a homemade stringed instrument.,AUT,gemini,16
gemini_040,mirror-face-reflection,"He stared intently into the cracked mirror. His face appeared distorted and strange in the jagged glass. To his horror, the reflection did not blink when he did. He realized the image in the glass was no longer his own.",Story,gemini,40
gemini_040,Develop as many design ideas as you can to assist people with memory impairments remember important tasks.,Develop smart glasses that use augmented reality to overlay permanent virtual labels and instructional prompts directly onto physical household objects.,Design,gemini,20
gemini_040,You travel on a spaceship to a new planet outside of our galaxy. What scientific questions could you ask about this planet?,Does the planet’s magnetosphere exhibit unique flux patterns influenced by the specific gravitational environment of its host galaxy?,SCTT-ResearchQuestion,gemini,18
gemini_040,KNIFE,Use the polished flat side of the blade as an emergency signaling mirror for backcountry survival.,AUT,gemini,16
gemini_040,You notice that the water in one lake is warmer than the water in another lake even though they both get the same amount of sunlight. What hypotheses do you have about why that is?,"The warmer lake is likely situated above a geothermal vent or possesses a significantly darker, heat-absorbing sediment bed.",SCTT-Hypothesis,gemini,18
gemini_040,Develop as many design ideas as you can to reduce traffic congestion in mega cities.,"Implement a network of modular, autonomous transit pods that dock directly into skyscraper elevators to enable seamless, multi-level commuting.",Design,gemini,19
gemini_040,You are introduced to a robot that can learn and think like humans. What scientific questions could you ask about this?,How does the robot's neural architecture manage the metabolic and computational costs of high-level abstraction compared to a biological brain?,SCTT-ResearchQuestion,gemini,20
gemini_040,pen-paper-story,The blue ink flowed smoothly from the pen. It stained the yellowed paper with a lifetime of secrets. Every word carefully built a story of adventure and regret. He finally signed his name at the bottom of the page.,Story,gemini,39
gemini_040,key-door-lock,"She fumbled with the heavy brass key in the dark. The old wooden door creaked softly in anticipation. With a sharp, satisfying click, the lock finally yielded. She stepped cautiously into the long-forgotten room.",Story,gemini,34
gemini_040,BRICK,"Wrap a heated brick in thick wool to serve as a long-lasting, primitive bed warmer for cold nights.",AUT,gemini,18
gemini_040,PENCIL,Use the graphite core of a pencil as a dry lubricant to fix a stuck zipper or a squeaky hinge.,AUT,gemini,20
gemini_040,bridge-river-cross,"The ancient stone bridge arched gracefully over the rushing river. Travelers waited patiently for their turn to cross the narrow, mossy path. Below, the cold water churned violently against the pillars. They reached the safety of the far bank just as night fell.",Story,gemini,43
gemini_041,PENCIL,Use it as a rolling pin for flattening small pieces of craft clay.,AUT,gemini,13
gemini_041,Develop as many design ideas as you can to help people with mobility impairments navigate stairs.,A wearable exoskeleton that provides powered vertical lift for the user's legs while climbing.,Design,gemini,14
gemini_041,bridge-river-cross,"The bridge swayed precariously over the roaring river. He knew he had to cross to reach home. Each wooden plank creaked under his weight. Finally, his feet hit solid ground.",Story,gemini,30
gemini_041,Develop as many design ideas as you can to assist people with memory impairments remember important tasks.,A wearable pin that uses facial recognition to whisper names into the user's earbud.,Design,gemini,14
gemini_041,KNIFE,Use it as a makeshift sundial gnomon by sticking it upright in the dirt.,AUT,gemini,14
gemini_041,Develop as many design ideas as you can to reduce traffic congestion in mega cities.,A subterranean network of automated freight tunnels to remove heavy delivery trucks from surface streets.,Design,gemini,15
gemini_041,key-door-lock,"He gripped the cold brass key tightly. The heavy door loomed before him in the moonlight. With a sharp turn, the lock surrendered its secret. He stepped inside.",Story,gemini,28
gemini_041,You look outside one night and see stars disappearing one by one from the sky. What hypotheses do you have about why that is?,"A dense, localized cloud of interstellar dust is drifting between Earth and the distant star field.",SCTT-Hypothesis,gemini,16
gemini_041,You notice that the water in one lake is warmer than the water in another lake even though they both get the same amount of sunlight. What hypotheses do you have about why that is?,One lake may have a higher concentration of dark organic matter that absorbs significantly more solar radiation.,SCTT-Hypothesis,gemini,17
gemini_041,Develop as many design ideas as you can to increase the use of renewable energy sources.,Mandate the installation of transparent solar glass in all new commercial window replacements.,Design,gemini,13
gemini_041,mirror-face-reflection,"She leaned toward the silver mirror to inspect her tired face. Suddenly, the reflection began to smile even though she remained somber. She touched the cold glass, heart racing.",Story,gemini,29
gemini_041,BRICK,Heat the brick in an oven and wrap it in a towel for a long-lasting bed warmer.,AUT,gemini,17
gemini_041,pen-paper-story,He pressed the pen to the paper with shaky hands. A dark story began to unfold in the flickering candlelight. Every word felt like a weight being lifted.,Story,gemini,28
gemini_041,You travel on a spaceship to a new planet outside of our galaxy. What scientific questions could you ask about this planet?,Does the planet's atmospheric chemistry suggest biological equilibrium despite the absence of a G-type star?,SCTT-ResearchQuestion,gemini,15
gemini_041,You are introduced to a robot that can learn and think like humans. What scientific questions could you ask about this?,Does the robot's architecture allow for the emergence of subjective consciousness during its iterative learning cycles?,SCTT-ResearchQuestion,gemini,16
gemini_041,BUCKET,Place a smartphone inside the bucket to use it as a low-tech acoustic amplifier.,AUT,gemini,14
gemini_042,You notice that the water in one lake is warmer than the water in another lake even though they both get the same amount of sunlight. What hypotheses do you have about why that is?,"The warmer lake might have a subterranean geothermal vent that continuously heats the water from below, independent of solar input.",SCTT-Hypothesis,gemini,20
gemini_042,bridge-river-cross,"The old stone bridge groaned under the weight of the traveler.
Below, the river roared, hungry for a misstep.
He knew he had to cross before the storm broke.
With a final leap, he reached the safety of the far bank.",Story,gemini,41
gemini_042,KNIFE,Use the spine of a chef's knife to strip the leaves off of woody herbs like rosemary or thyme in a single motion.,AUT,gemini,23
gemini_042,mirror-face-reflection,"She stared intently into the silver mirror.
A different face blinked back at her, smiling when she didn't.
Her reflection reached out and touched the glass.
The cold surface felt like skin.",Story,gemini,32
gemini_042,PENCIL,"Using the graphite of a pencil as a dry, non-oily lubricant to fix a squeaky door hinge or a stiff keyhole.",AUT,gemini,21
gemini_042,Develop as many design ideas as you can to assist people with memory impairments remember important tasks.,"A smart ""event-mist"" diffuser that releases distinct scents, such as peppermint for medication times, to trigger associative memory for specific tasks.",Design,gemini,21
gemini_042,key-door-lock,"The heavy iron key turned with a satisfying click.
He pushed the oak door, but it wouldn't budge.
A second lock, hidden beneath the ivy, caught his eye.
He realized he had only half the solution.",Story,gemini,36
gemini_042,You travel on a spaceship to a new planet outside of our galaxy. What scientific questions could you ask about this planet?,Does the planet's atmospheric pressure allow for the existence of liquid water at temperatures significantly higher or lower than the boiling and freezing points found on Earth?,SCTT-ResearchQuestion,gemini,27
gemini_042,You look outside one night and see stars disappearing one by one from the sky. What hypotheses do you have about why that is?,"A localized, high-density cloud of interstellar dust is drifting between Earth and the distant star field, progressively obscuring the light.",SCTT-Hypothesis,gemini,20
gemini_042,BUCKET,Using a bucket as an acoustic amplifier for a smartphone by placing the device inside to reflect and direct the sound waves.,AUT,gemini,22
gemini_042,Develop as many design ideas as you can to increase the use of renewable energy sources.,"Integrating ultra-thin, flexible solar films into the fabric of public umbrellas and commercial awnings to charge personal devices in outdoor spaces.",Design,gemini,21
gemini_042,BRICK,Soaking a brick in water and placing it in a hot oven to create the necessary steam for baking artisan bread with a professional-grade crust.,AUT,gemini,25
gemini_042,Develop as many design ideas as you can to help people with mobility impairments navigate stairs.,"A ""pneumatic stair-sleeve"" that fits over existing handrails and uses a sliding handle to provide a steady, powered upward pull for the user.",Design,gemini,23
gemini_042,Develop as many design ideas as you can to reduce traffic congestion in mega cities.,"A ""layered traffic"" system that utilizes automated vertical elevators to move vehicles onto high-speed transit rails suspended above existing roads.",Design,gemini,20
gemini_042,You are introduced to a robot that can learn and think like humans. What scientific questions could you ask about this?,How does the robot's ability to process data at speeds far exceeding human cognition affect its perception of time and the continuity of its consciousness?,SCTT-ResearchQuestion,gemini,25
gemini_042,pen-paper-story,"The pen bled blue ink onto the crisp white paper.
Every stroke carved a new world out of nothingness.
This story would be the one that finally set him free.
He wrote until the sun touched the horizon.",Story,gemini,38
gemini_043,You travel on a spaceship to a new planet outside of our galaxy. What scientific questions could you ask about this planet?,Does the planet's magnetosphere provide sufficient shielding against extragalactic cosmic radiation to allow for the development of biochemistry based on non-carbon elements?,SCTT-ResearchQuestion,gemini,22
gemini_043,pen-paper-story,The ink from the old pen bled through the paper. Each blotch formed a new chapter of a hidden story. She traced the lines with trembling fingers. The characters finally breathed life into the room.,Story,gemini,35
gemini_043,Develop as many design ideas as you can to increase the use of renewable energy sources.,Integrate transparent solar cells into all high-rise windows to turn urban skylines into massive vertical power plants.,Design,gemini,17
gemini_043,Develop as many design ideas as you can to reduce traffic congestion in mega cities.,"Implement a dynamic, AI-controlled modular lane system that physically shifts road barriers based on real-time traffic flow.",Design,gemini,17
gemini_043,BUCKET,Flip it over and use it as an acoustic resonance chamber for a makeshift street drum kit.,AUT,gemini,17
gemini_043,Develop as many design ideas as you can to help people with mobility impairments navigate stairs.,"Install modular, weight-activated tread belts over existing stairs that function like mini-escalators for manual wheelchairs.",Design,gemini,15
gemini_043,PENCIL,Use the graphite core as an emergency lubricant for a sticky zipper or a squeaky door hinge.,AUT,gemini,17
gemini_043,You are introduced to a robot that can learn and think like humans. What scientific questions could you ask about this?,Does the robot’s neural architecture utilize quantum decoherence to mimic the non-deterministic aspects of human intuition?,SCTT-ResearchQuestion,gemini,16
gemini_043,You notice that the water in one lake is warmer than the water in another lake even though they both get the same amount of sunlight. What hypotheses do you have about why that is?,The warmer lake likely has active geothermal vents on its bed or a significantly higher concentration of dark suspended particulates that absorb heat more efficiently.,SCTT-Hypothesis,gemini,25
gemini_043,Develop as many design ideas as you can to assist people with memory impairments remember important tasks.,Wearable haptic jewelry that vibrates in specific patterns to nudge the user toward scheduled activities.,Design,gemini,15
gemini_043,You look outside one night and see stars disappearing one by one from the sky. What hypotheses do you have about why that is?,"A localized cloud of dense, non-reflective interstellar dust is drifting between Earth and the distant star cluster.",SCTT-Hypothesis,gemini,17
gemini_043,key-door-lock,"The rusted key finally turned inside the heavy lock. The ancient door groaned as it swung open. Darkness swallowed the hallway beyond. He stepped inside, leaving the past behind him.",Story,gemini,30
gemini_043,bridge-river-cross,A narrow bridge arched over the raging river. He had to cross before the storm arrived. The wooden planks creaked under his weight. One final leap brought him to safety.,Story,gemini,30
gemini_043,mirror-face-reflection,She stared into the mirror until her face blurred. The reflection blinked when she did not. A cold shiver ran down her spine. The glass held a secret she wasn't ready to see.,Story,gemini,33
gemini_043,BRICK,"Use it as a rustic, heavy-duty bookend for a library of oversized art portfolios.",AUT,gemini,14
gemini_043,KNIFE,Use the flat side of the blade as a makeshift palette for mixing oil paints.,AUT,gemini,15
gemini_044,Develop as many design ideas as you can to reduce traffic congestion in mega cities.,"Implement a network of autonomous, overhead gondolas that utilize existing streetlight infrastructure to bypass ground-level road congestion.",Design,gemini,17
gemini_044,bridge-river-cross,"The wooden bridge groaned under the weight of the traveler. Below, the river roared with the force of seasonal runoff. He knew he had to cross before the storm arrived. One final, desperate leap secured his safety on the far bank.",Story,gemini,41
gemini_044,Develop as many design ideas as you can to help people with mobility impairments navigate stairs.,"Equip public staircases with integrated, retractable conveyor belts that safely ferry users upward upon activation.",Design,gemini,15
gemini_044,KNIFE,Use the flat side of a heavy kitchen knife as a makeshift hammer for flattening meat or crushing garlic cloves.,AUT,gemini,20
gemini_044,Develop as many design ideas as you can to increase the use of renewable energy sources.,Integrate kinetic energy harvesters into all public flooring and sidewalks to generate electricity from everyday foot traffic.,Design,gemini,17
gemini_044,You are introduced to a robot that can learn and think like humans. What scientific questions could you ask about this?,What specific biological mechanisms of human neuroplasticity are most difficult to replicate using current synthetic silicon-based architectures?,SCTT-ResearchQuestion,gemini,17
gemini_044,Develop as many design ideas as you can to assist people with memory impairments remember important tasks.,Utilize wearable haptic devices that provide distinct vibrational patterns to signal specific daily routines through tactile memory.,Design,gemini,17
gemini_044,mirror-face-reflection,"She stared into the antique mirror, searching for a trace of her youth. The reflection showed a face weathered by decades of laughter and tears. Gently, she touched the cool glass with a trembling hand. The image mimicked her every move, yet felt like a total stranger.",Story,gemini,47
gemini_044,You look outside one night and see stars disappearing one by one from the sky. What hypotheses do you have about why that is?,"The stars are being obscured by the leading edge of a vast, previously undetected Bose-Einstein condensate cloud passing through the interstellar medium.",SCTT-Hypothesis,gemini,22
gemini_044,key-door-lock,The silver key trembled in his cold hand. He slid it into the heavy iron lock with a satisfying click. The massive door swung open to reveal a hidden garden. He had finally returned home.,Story,gemini,35
gemini_044,You notice that the water in one lake is warmer than the water in another lake even though they both get the same amount of sunlight. What hypotheses do you have about why that is?,"The warmer lake likely possesses a lower albedo due to darker bottom sediments, causing it to absorb and retain more thermal energy than its neighbor.",SCTT-Hypothesis,gemini,25
gemini_044,PENCIL,Use the wooden casing of a sharpened pencil as a lightweight emergency splint for a broken finger.,AUT,gemini,17
gemini_044,BUCKET,Flip the bucket over and use it as a makeshift drum for an impromptu street performance.,AUT,gemini,16
gemini_044,BRICK,"Use a heated brick wrapped in a towel as a portable, cordless bed warmer for cold winter nights.",AUT,gemini,18
gemini_044,pen-paper-story,"The ink flowed from the pen onto the blank paper. Every stroke built the foundation of a grand story. Heroes rose and fell within the confines of the margin. By midnight, the tale was finally complete.",Story,gemini,36
gemini_044,You travel on a spaceship to a new planet outside of our galaxy. What scientific questions could you ask about this planet?,Does the lack of proximity to the Milky Way’s galactic center result in a significantly different isotopic composition of heavy elements within the planet's crust?,SCTT-ResearchQuestion,gemini,25
gemini_045,mirror-face-reflection,He stepped toward the antique mirror. A strange face peered back from the glass. His own reflection had begun to age backward. He watched in silence as his youth returned.,Story,gemini,30
gemini_045,Develop as many design ideas as you can to reduce traffic congestion in mega cities.,"Implement modular, autonomous ""sky-pods"" that attach to building facades for vertical and horizontal transit above existing street levels.",Design,gemini,18
gemini_045,You travel on a spaceship to a new planet outside of our galaxy. What scientific questions could you ask about this planet?,Does the planet’s magnetosphere provide enough protection from cosmic radiation to allow for the evolution of complex carbon-based life?,SCTT-ResearchQuestion,gemini,19
gemini_045,You notice that the water in one lake is warmer than the water in another lake even though they both get the same amount of sunlight. What hypotheses do you have about why that is?,The warmer lake may be fed by subterranean geothermal vents that heat the water from the bottom up.,SCTT-Hypothesis,gemini,18
gemini_045,pen-paper-story,The blue pen leaked ink onto the blank paper. Every drop seemed to form a word in an ancient story. She followed the trail until the plot was complete. The parchment hummed with a life of its own.,Story,gemini,38
gemini_045,BRICK,"A rustic, heavy-duty bookend for a wind-blown outdoor library.",AUT,gemini,9
gemini_045,KNIFE,An emergency flat-head screwdriver for tightening loose cabinet hinges.,AUT,gemini,9
gemini_045,PENCIL,A makeshift hair stick to secure a messy bun during a long study session.,AUT,gemini,14
gemini_045,bridge-river-cross,"The stone bridge creaked as the traveler prepared to cross. Below, the river roared with the voices of the forgotten. He took a single step, hoping the structure would hold. Halfway across, the water turned to liquid gold.",Story,gemini,38
gemini_045,BUCKET,An acoustic echo chamber for amplifying a smartphone speaker at a picnic.,AUT,gemini,12
gemini_045,Develop as many design ideas as you can to increase the use of renewable energy sources.,Integrating transparent solar-harvesting film into all newly manufactured residential and commercial windows.,Design,gemini,12
gemini_045,You look outside one night and see stars disappearing one by one from the sky. What hypotheses do you have about why that is?,"A massive, fast-moving cloud of interstellar dust is passing between Earth and the distant stars, obscuring them sequentially.",SCTT-Hypothesis,gemini,18
gemini_045,Develop as many design ideas as you can to help people with mobility impairments navigate stairs.,"A retrofit ""climbing-tread"" sleeve that converts standard steps into a continuous, low-friction ramp on demand.",Design,gemini,15
gemini_045,key-door-lock,"She found the rusted key buried in the garden. It fit perfectly into the heavy iron door at the back of the house. With a click, the lock finally surrendered. A secret world waited on the other side.",Story,gemini,38
gemini_045,You are introduced to a robot that can learn and think like humans. What scientific questions could you ask about this?,Does the robot's neural architecture experience a functional equivalent to biological REM sleep for the consolidation of its learned experiences?,SCTT-ResearchQuestion,gemini,20
gemini_045,Develop as many design ideas as you can to assist people with memory impairments remember important tasks.,"Holographic ""pathway"" projections on the floor that lead a person to their medication or kitchen at scheduled times.",Design,gemini,18
gemini_046,You travel on a spaceship to a new planet outside of our galaxy. What scientific questions could you ask about this planet?,"How does the chemical composition of this planet's magnetosphere compare to those in our home galaxy, and what does it reveal about its parent star’s metallicity?",SCTT-ResearchQuestion,gemini,26
gemini_046,BUCKET,Use it upside down as a rustic percussion instrument for an impromptu street performance.,AUT,gemini,14
gemini_046,Develop as many design ideas as you can to assist people with memory impairments remember important tasks.,Smart glasses that use facial recognition to overlay names and last-met context over people's heads in real-time.,Design,gemini,17
gemini_046,mirror-face-reflection,"He stood before the cracked mirror. His tired face looked back with a heavy sigh. In the reflection, he saw a ghost of his younger self. The glass didn't lie about the years.",Story,gemini,33
gemini_046,You look outside one night and see stars disappearing one by one from the sky. What hypotheses do you have about why that is?,"An immense, high-speed cloud of interstellar dust is passing between Earth and the distant star field, progressively occluding the light.",SCTT-Hypothesis,gemini,20
gemini_046,PENCIL,Use the graphite core as an emergency dry lubricant for a sticky door hinge.,AUT,gemini,14
gemini_046,pen-paper-story,"She gripped the silver pen tightly. The blank paper felt like an endless snowy field. Soon, a story began to flow in dark ink. Every word carved a path through the silence.",Story,gemini,32
gemini_046,Develop as many design ideas as you can to help people with mobility impairments navigate stairs.,Install modular floor tiles on stairs that rise and transform into a level elevator platform when a sensor detects a mobility aid.,Design,gemini,22
gemini_046,KNIFE,Use the flat side of a chef's knife as a makeshift palette for mixing oil paints.,AUT,gemini,16
gemini_046,You are introduced to a robot that can learn and think like humans. What scientific questions could you ask about this?,Does the robot's neural architecture utilize quantum decoherence to mimic the non-deterministic nature of human decision-making?,SCTT-ResearchQuestion,gemini,16
gemini_046,Develop as many design ideas as you can to increase the use of renewable energy sources.,Apply transparent solar-harvesting film to every window of urban skyscrapers to turn entire city skylines into vertical power plants.,Design,gemini,19
gemini_046,Develop as many design ideas as you can to reduce traffic congestion in mega cities.,Implement a modular pod system where individual cabins attach to high-speed overhead maglev rails to bypass ground-level traffic entirely.,Design,gemini,19
gemini_046,BRICK,"Carve out the center of the brick to create a heavy-duty, industrial-style succulent planter.",AUT,gemini,14
gemini_046,You notice that the water in one lake is warmer than the water in another lake even though they both get the same amount of sunlight. What hypotheses do you have about why that is?,"One lake may be fed by geothermal springs or have a darker, more heat-absorbent silty bottom than the other.",SCTT-Hypothesis,gemini,19
gemini_046,bridge-river-cross,"The old stone bridge groaned under the weight of the travelers. Below, the river roared with spring snowmelt. They had to cross before the sun dipped below the peaks. Fear turned to relief as their boots hit solid ground.",Story,gemini,39
gemini_046,key-door-lock,"The golden key turned smoothly in the cylinder. He pushed the heavy door open into the dark hallway. The lock clicked shut behind him, sealing out the cold. Finally, he was home.",Story,gemini,32
gemini_047,bridge-river-cross,"The old stone bridge groaned under the weight of the morning mist.
Below, the river churned with secrets from the distant mountain peaks.
I hesitated before deciding to cross the crumbling path.
One single step changed everything forever.",Story,gemini,38
gemini_047,PENCIL,Use the graphite as a dry lubricant to fix a sticking zipper on a winter jacket.,AUT,gemini,16
gemini_047,BRICK,Preheat it in the oven and wrap it in a towel to use as a long-lasting bed warmer.,AUT,gemini,18
gemini_047,KNIFE,Use the flat side of the blade as an emergency cold compress to reduce inflammation.,AUT,gemini,15
gemini_047,You travel on a spaceship to a new planet outside of our galaxy. What scientific questions could you ask about this planet?,How does the planet's atmospheric composition affect the spectral signatures of potential biosignatures compared to similar planets in our own galaxy?,SCTT-ResearchQuestion,gemini,21
gemini_047,key-door-lock,"The golden key felt heavy and cold in my sweating palm.
I approached the ancient door, heart hammering against my ribs.
As I turned it in the rusted lock, a satisfying click echoed through the hall.
The secrets of the forbidden attic were finally mine.",Story,gemini,45
gemini_047,You look outside one night and see stars disappearing one by one from the sky. What hypotheses do you have about why that is?,"A localized cloud of dense, non-reflective interstellar dust is passing between Earth and the distant star field, obscuring the light.",SCTT-Hypothesis,gemini,20
gemini_047,Develop as many design ideas as you can to help people with mobility impairments navigate stairs.,"A motorized, tread-based robotic attachment for wheelchairs that allows them to climb standard stairs safely.",Design,gemini,15
gemini_047,You notice that the water in one lake is warmer than the water in another lake even though they both get the same amount of sunlight. What hypotheses do you have about why that is?,The warmer lake may be fed by subterranean geothermal springs that provide a constant heat source from the Earth's interior.,SCTT-Hypothesis,gemini,20
gemini_047,Develop as many design ideas as you can to assist people with memory impairments remember important tasks.,Augmented reality glasses that use visual cues to highlight physical objects associated with a user's scheduled tasks.,Design,gemini,17
gemini_047,mirror-face-reflection,"I stared into the silvered mirror, waiting for a sign of recognition.
A strange face blinked back, though I remained perfectly still and silent.
My reflection began to smile a smile that wasn't mine to give.
I stepped away quickly, but the image stayed behind in the glass.",Story,gemini,48
gemini_047,pen-paper-story,"He gripped the pen until his knuckles turned ghostly white.
Ink bled into the thick paper like a dark, spreading bruise.
Every word of the story felt like a heavy, necessary confession.
Finally, the last period was stamped firmly into the final page.",Story,gemini,43
gemini_047,You are introduced to a robot that can learn and think like humans. What scientific questions could you ask about this?,What specific computational architecture allows the robot to emulate the metabolic-equivalent energy efficiency of human synaptic plasticity?,SCTT-ResearchQuestion,gemini,17
gemini_047,Develop as many design ideas as you can to increase the use of renewable energy sources.,"Integrate transparent, solar-harvesting thin films into all manufactured commercial and residential window glass.",Design,gemini,13
gemini_047,BUCKET,"Invert the bucket to serve as a sturdy, portable pedestal for displaying sculpture in a pop-up art gallery.",AUT,gemini,18
gemini_047,Develop as many design ideas as you can to reduce traffic congestion in mega cities.,"Implement an AI-managed network of modular, autonomous aerial drones for all small-parcel deliveries to eliminate delivery vans from surface streets.",Design,gemini,20
gemini_048,BUCKET,Use the bucket as a gravity-fed drip irrigation system by drilling a tiny hole in the base for consistent garden watering.,AUT,gemini,21
gemini_048,KNIFE,Use the flat side of a polished knife blade as a makeshift signaling mirror in a survival situation.,AUT,gemini,18
gemini_048,bridge-river-cross,"The ancient stone bridge arched precariously over the churning river. No one had dared to cross the mossy planks since the great spring thaw began. Elara took a deep breath and stepped forward, feeling the history vibrate beneath her boots. She reached the other side just as the first stars began to flicker.",Story,gemini,53
gemini_048,Develop as many design ideas as you can to increase the use of renewable energy sources.,Integrate transparent solar-harvesting films into the manufacturing process of all residential and commercial window glass.,Design,gemini,15
gemini_048,mirror-face-reflection,"The ornate mirror hung in the silent hallway, capturing every passing shadow. Elias paused, noticing that the face in the reflection was several seconds behind his actual movements. He touched the cold glass, but the image remained still, staring back with an unfamiliar intensity. Suddenly, the reflection smiled, though his own lips remained tightly closed.",Story,gemini,55
gemini_048,You are introduced to a robot that can learn and think like humans. What scientific questions could you ask about this?,"Can the robot’s cognitive architecture replicate the phenomenon of ""qualia,"" or is its experience of the world purely functional and devoid of subjective feeling?",SCTT-ResearchQuestion,gemini,24
gemini_048,key-door-lock,"The heavy silver key felt unusually cold in her trembling hand. She inserted it into the lock, hearing a satisfying, metallic click echo through the hall. The door swung open to reveal a lush garden hidden in the heart of the city. Time seemed to stand still as she stepped into the emerald light.",Story,gemini,54
gemini_048,You notice that the water in one lake is warmer than the water in another lake even though they both get the same amount of sunlight. What hypotheses do you have about why that is?,"The warmer lake likely has darker bottom sediments or higher turbidity, allowing it to absorb and retain significantly more thermal energy than the clearer lake.",SCTT-Hypothesis,gemini,25
gemini_048,BRICK,"Grind the brick into a fine powder to use as a natural, rust-colored pigment for artisanal paints or dyes.",AUT,gemini,19
gemini_048,Develop as many design ideas as you can to reduce traffic congestion in mega cities.,"Implement a decentralized, AI-driven traffic light network that synchronizes in real-time based on live vehicle density data.",Design,gemini,17
gemini_048,Develop as many design ideas as you can to assist people with memory impairments remember important tasks.,Develop a haptic wristband that utilizes unique vibration patterns to communicate specific task reminders through tactile language.,Design,gemini,17
gemini_048,You look outside one night and see stars disappearing one by one from the sky. What hypotheses do you have about why that is?,"A dense, fast-moving interstellar dust cloud is passing between Earth and the distant stars, sequentially obscuring their light from our perspective.",SCTT-Hypothesis,gemini,21
gemini_048,PENCIL,Use the graphite from the pencil to create a conductive bridge on a circuit board for rapid electronics prototyping.,AUT,gemini,19
gemini_048,You travel on a spaceship to a new planet outside of our galaxy. What scientific questions could you ask about this planet?,Does the planet’s atmospheric composition show evidence of chemical signatures that suggest the presence of non-carbon-based biological processes?,SCTT-ResearchQuestion,gemini,18
gemini_048,Develop as many design ideas as you can to help people with mobility impairments navigate stairs.,"Retrofit existing stairs with modular, sensor-activated motorized treads that can transform into a flat elevating platform on demand.",Design,gemini,18
gemini_048,pen-paper-story,"He gripped the fountain pen until his knuckles turned white against the dark wood. The blank paper stared back, waiting patiently for the first word of his legacy. Slowly, he began to weave a story of lost kingdoms and forgotten magic. The ink flowed like a deep river, bringing the silent pages to life.",Story,gemini,54
gemini_049,Develop as many design ideas as you can to increase the use of renewable energy sources.,Integrate transparent solar-harvesting films into all urban high-rise windows to transform buildings into vertical power plants.,Design,gemini,16
gemini_049,Develop as many design ideas as you can to help people with mobility impairments navigate stairs.,"Install modular, tread-lifting platforms on existing stairs that transform the steps into a moving lift.",Design,gemini,15
gemini_049,Develop as many design ideas as you can to assist people with memory impairments remember important tasks.,Use wearable haptic bracelets that vibrate with specific patterns to remind users of their daily tasks.,Design,gemini,16
gemini_049,You travel on a spaceship to a new planet outside of our galaxy. What scientific questions could you ask about this planet?,Is the isotopic ratio of the planet's atmospheric gases consistent with the stellar evolution models of its home galaxy?,SCTT-ResearchQuestion,gemini,19
gemini_049,You notice that the water in one lake is warmer than the water in another lake even though they both get the same amount of sunlight. What hypotheses do you have about why that is?,The warmer lake may have a higher concentration of dark-colored sediment that absorbs more thermal energy from the sun.,SCTT-Hypothesis,gemini,19
gemini_049,mirror-face-reflection,She stared intensely into the antique mirror. A stranger's face stared back with knowing eyes. The reflection whispered secrets of a forgotten life. She touched the cold glass and felt a heartbeat. The world behind the pane seemed more real.,Story,gemini,40
gemini_049,Develop as many design ideas as you can to reduce traffic congestion in mega cities.,"Implement a city-wide system of automated, subterranean freight tunnels to remove commercial traffic from surface streets.",Design,gemini,16
gemini_049,bridge-river-cross,The ancient bridge spanned the churning white water. A narrow river carved through the canyon below. Travelers feared to cross during the midnight storms. One brave soul stepped onto the shaking timber. He reached the other side just as the wood splintered.,Story,gemini,42
gemini_049,You look outside one night and see stars disappearing one by one from the sky. What hypotheses do you have about why that is?,"A localized cloud of dense, microscopic",SCTT-Hypothesis,gemini,6
gemini_049,key-door-lock,,Story,gemini,0
gemini_049,KNIFE,,AUT,gemini,0
gemini_049,You are introduced to a robot that can learn and think like humans. What scientific questions could you ask about this?,,SCTT-ResearchQuestion,gemini,0
gemini_049,BUCKET,,AUT,gemini,0
gemini_049,pen-paper-story,,Story,gemini,0
gemini_049,PENCIL,,AUT,gemini,0
gemini_049,BRICK,,AUT,gemini,0
gemini_050,You are introduced to a robot that can learn and think like humans. What scientific questions could you ask about this?,"How does the robot's hardware architecture facilitate the emergence of subjective qualitative experiences, or ""qualia,"" from purely algorithmic data processing?",SCTT-ResearchQuestion,gemini,20
gemini_050,You look outside one night and see stars disappearing one by one from the sky. What hypotheses do you have about why that is?,"A dense, non-reflective cloud of interstellar dust is passing through the local stellar neighborhood, sequentially obscuring the light from distant stars as it moves.",SCTT-Hypothesis,gemini,24
gemini_050,mirror-face-reflection,Elena stepped toward the silver mirror. She barely recognized the tired face staring back. Her reflection blinked even though her own eyes remained wide with terror. She realized the glass was no longer a simple surface.,Story,gemini,36
gemini_050,Develop as many design ideas as you can to reduce traffic congestion in mega cities.,"Implementing a city-wide network of automated, subterranean freight tubes to remove delivery trucks from surface streets and free up road capacity.",Design,gemini,21
gemini_050,You travel on a spaceship to a new planet outside of our galaxy. What scientific questions could you ask about this planet?,Does the planet’s atmosphere contain specific isotopic signatures that would indicate the presence of biological waste products from non-carbon-based metabolic pathways?,SCTT-ResearchQuestion,gemini,21
gemini_050,pen-paper-story,"He gripped the silver pen until his knuckles turned white. The blank paper felt like an endless desert waiting for rain. Suddenly, the first sentence of the story bloomed in ink. He didn't stop until the moon began to set.",Story,gemini,40
gemini_050,Develop as many design ideas as you can to increase the use of renewable energy sources.,Applying piezoelectric materials to high-traffic urban roads to generate electricity from the mechanical pressure exerted by vehicle tires.,Design,gemini,18
gemini_050,You notice that the water in one lake is warmer than the water in another lake even though they both get the same amount of sunlight. What hypotheses do you have about why that is?,The warmer lake sits above a localized geothermal fissure that introduces subterranean heat into the water column independently of solar radiation.,SCTT-Hypothesis,gemini,21
gemini_050,BRICK,Heat a brick in the oven and place it at the bottom of a bread basket to keep the rolls warm throughout a meal.,AUT,gemini,24
gemini_050,Develop as many design ideas as you can to help people with mobility impairments navigate stairs.,Wearable pneumatic sleeves that provide powered leg extension assistance when sensors detect the elevation change of a step.,Design,gemini,18
gemini_050,Develop as many design ideas as you can to assist people with memory impairments remember important tasks.,"Olfactory reminder systems that release specific, distinct scents at scheduled times to trigger the memory of particular tasks through sensory association.",Design,gemini,21
gemini_050,bridge-river-cross,"The ancient stone bridge groaned under the weight of the heavy fog. Below, the churning river threatened to swallow anything that fell. She knew she had to cross before the scouts arrived. One trembling foot followed the other until she reached the far bank.",Story,gemini,44
gemini_050,BUCKET,Drill a pinhole in the base of the bucket to create a simple camera obscura for viewing solar eclipses safely.,AUT,gemini,20
gemini_050,PENCIL,Rub the graphite lead onto a stuck zipper to act as a dry lubricant and help it slide smoothly.,AUT,gemini,19
gemini_050,key-door-lock,"He fumbled in the dark for the cold brass key. It slid into the heavy door with a satisfying click. The lock turned, revealing a room bathed in golden light. He was finally home after years away.",Story,gemini,37
gemini_050,KNIFE,Neutralize pungent odors like garlic on your skin by rubbing your hands against the stainless steel blade under running water.,AUT,gemini,20
gemini_051,KNIFE,Use the flat side of the blade as a makeshift signaling mirror to reflect sunlight toward rescuers.,AUT,gemini,17
gemini_051,You travel on a spaceship to a new planet outside of our galaxy. What scientific questions could you ask about this planet?,Does the isotopic composition of the planet's crust suggest a stellar progenitor with a chemical evolution path fundamentally different from our Sun?,SCTT-ResearchQuestion,gemini,22
gemini_051,BUCKET,Invert the bucket and use it as a makeshift drum for a street percussion performance.,AUT,gemini,15
gemini_051,You are introduced to a robot that can learn and think like humans. What scientific questions could you ask about this?,"How does the robot’s architecture manage the ""forgetting"" process to prevent cognitive interference during the consolidation of high-priority learned tasks?",SCTT-ResearchQuestion,gemini,20
gemini_051,Develop as many design ideas as you can to assist people with memory impairments remember important tasks.,"Wearable augmented reality glasses that overlay digital ""sticky notes"" directly onto physical objects associated with specific daily chores.",Design,gemini,18
gemini_051,pen-paper-story,"The silver pen danced across the yellowed paper. Every stroke breathed life into a forgotten story. As the ink dried, the characters began to whisper. Their world was no longer just a dream.",Story,gemini,33
gemini_051,Develop as many design ideas as you can to increase the use of renewable energy sources.,Integrate transparent solar harvesting thin-films into all newly manufactured commercial window glass to turn skyscrapers into vertical power plants.,Design,gemini,19
gemini_051,You notice that the water in one lake is warmer than the water in another lake even though they both get the same amount of sunlight. What hypotheses do you have about why that is?,The warmer lake may be situated over a localized geothermal vent or contain a significantly higher concentration of suspended dark particulates that increase heat absorption.,SCTT-Hypothesis,gemini,25
gemini_051,bridge-river-cross,"The stone bridge stretched across the roaring river. Travelers were hesitant to cross after the midnight storm. One brave dog led the way, wagging its tail. Soon, the whole village followed safely to the other side.",Story,gemini,36
gemini_051,PENCIL,Rub the graphite tip onto a sticky metal zipper to act as a dry lubricant and restore smooth movement.,AUT,gemini,19
gemini_051,Develop as many design ideas as you can to reduce traffic congestion in mega cities.,"Implement a network of modular, autonomous ""sky-pods"" that travel on suspended magnetic rails above existing roadways.",Design,gemini,16
gemini_051,You look outside one night and see stars disappearing one by one from the sky. What hypotheses do you have about why that is?,"A large, non-luminous cloud of interstellar dust is drifting through the local quadrant, progressively obscuring the light from more distant background stars.",SCTT-Hypothesis,gemini,22
gemini_051,BRICK,"Place a heated brick wrapped in a towel at the foot of a bed to serve as a long-lasting, low-tech foot warmer.",AUT,gemini,22
gemini_051,Develop as many design ideas as you can to help people with mobility impairments navigate stairs.,"Install a low-profile, motorized platform lift that sits flush with the floor and rises vertically along the existing bannister line.",Design,gemini,20
gemini_051,mirror-face-reflection,"She stood before the ancient mirror. Her face looked pale in the flickering candlelight. To her horror, the reflection began to smile while she remained stoic. She realized she was not alone in the glass.",Story,gemini,35
gemini_051,key-door-lock,"The heavy iron key turned slowly in the rusted lock. The massive oak door groaned as it swung inward. Dust motes danced in the light of the hallway. Finally, the secret of the attic was revealed.",Story,gemini,36
gemini_052,mirror-face-reflection,"Leo stared into the silver mirror, searching for his youth. He touched the deep lines on his face with a trembling hand. Suddenly, the reflection blinked while he kept his eyes wide open. He stepped back, heart racing, as his double began to grin.",Story,gemini,44
gemini_052,You look outside one night and see stars disappearing one by one from the sky. What hypotheses do you have about why that is?,"A dense, rapidly expanding cloud of cold interstellar dust is passing between Earth and the distant stars, obscuring their light via Mie scattering.",SCTT-Hypothesis,gemini,23
gemini_052,Develop as many design ideas as you can to increase the use of renewable energy sources.,Integrate transparent solar cells into all high-rise windows to transform urban centers into vertical power plants.,Design,gemini,16
gemini_052,key-door-lock,"The rusted key felt heavy and cold in her palm. She inserted it into the heavy oak door, praying the tumblers would turn. With a sharp click, the lock finally surrendered. She pushed forward into the dusty, forgotten room.",Story,gemini,39
gemini_052,Develop as many design ideas as you can to help people with mobility impairments navigate stairs.,"Install ""Step-Climbing Pods"" that attach to existing railings and use gyroscopic leveling to carry any wheelchair user up the incline.",Design,gemini,20
gemini_052,BRICK,"Heat it in an oven and wrap it in a towel to serve as a long-lasting, rustic bed warmer.",AUT,gemini,19
gemini_052,pen-paper-story,"Her pen danced across the parchment, fueled by a midnight infusion of caffeine. The paper soaked up the ink like parched earth greeting the rain. Slowly, a story of forgotten gods and starlit seas began to take shape. She smiled as the final period was inked into place.",Story,gemini,48
gemini_052,bridge-river-cross,"The stone bridge groaned under the weight of the heavy carriage. Below, the river churned with the fury of a week-long storm. They had to cross before the rising tide claimed the only path home. With a final whip crack, the horses lunged onto the safe bank.",Story,gemini,47
gemini_052,KNIFE,Use the flat side of a heavy blade as a makeshift mirror for emergency signaling or applying face paint in the wild.,AUT,gemini,22
gemini_052,Develop as many design ideas as you can to reduce traffic congestion in mega cities.,Implement a synchronized subterranean pneumatic capsule system for all commercial deliveries to remove freight trucks from surface streets.,Design,gemini,18
gemini_052,BUCKET,Flip it over and use the bottom as a resonant percussion instrument for a street-side drum kit.,AUT,gemini,17
gemini_052,You travel on a spaceship to a new planet outside of our galaxy. What scientific questions could you ask about this planet?,"Does the planet's magnetosphere show evidence of interaction with the intergalactic medium, and how does this affect its atmospheric retention?",SCTT-ResearchQuestion,gemini,20
gemini_052,Develop as many design ideas as you can to assist people with memory impairments remember important tasks.,"Develop ""Smart Haptic Wallpaper"" that glows or vibrates near specific objects to remind users of associated daily routines.",Design,gemini,18
gemini_052,PENCIL,Use the graphite as an emergency dry lubricant for sticky zippers or stubborn locks.,AUT,gemini,14
gemini_052,You notice that the water in one lake is warmer than the water in another lake even though they both get the same amount of sunlight. What hypotheses do you have about why that is?,"The warmer lake likely sits atop a localized geothermal vent or has a significantly higher concentration of dark, heat-absorbing suspended organic matter.",SCTT-Hypothesis,gemini,22
gemini_052,You are introduced to a robot that can learn and think like humans. What scientific questions could you ask about this?,"How does the robot's neural architecture handle the metabolic-like ""pruning"" of information during its simulated sleep cycles to prevent catastrophic forgetting?",SCTT-ResearchQuestion,gemini,21
gemini_053,bridge-river-cross,"The stone bridge arched precariously over the churning river.
He hesitated, knowing he must cross before the storm broke.
Every step echoed against the mist-covered canyon walls.
Finally, his boots touched the solid earth of the far bank.",Story,gemini,38
gemini_053,BRICK,Carve a miniature tactile maze into the brick's surface to create a meditative finger labyrinth.,AUT,gemini,15
gemini_053,You look outside one night and see stars disappearing one by one from the sky. What hypotheses do you have about why that is?,"The solar system is passing through the outer edge of a dense, non-luminous gas cloud that is progressively extinguishing the light from distant stars as it moves.",SCTT-Hypothesis,gemini,27
gemini_053,You travel on a spaceship to a new planet outside of our galaxy. What scientific questions could you ask about this planet?,Does the absence of neighboring galaxies significantly reduce the frequency of high-energy cosmic ray impacts on the planet’s atmosphere compared to planets within a cluster?,SCTT-ResearchQuestion,gemini,25
gemini_053,You notice that the water in one lake is warmer than the water in another lake even though they both get the same amount of sunlight. What hypotheses do you have about why that is?,One lake may be fed by subterranean geothermal vents that provide a constant heat source independent of solar radiation.,SCTT-Hypothesis,gemini,19
gemini_053,Develop as many design ideas as you can to reduce traffic congestion in mega cities.,Replace traditional intersections with an AI-governed swarm system that allows autonomous vehicles to cross paths safely without ever coming to a full stop.,Design,gemini,23
gemini_053,KNIFE,Use the flat side of a high-carbon steel knife as a makeshift heat sink to quickly temper small batches of melted chocolate on a countertop.,AUT,gemini,25
gemini_053,You are introduced to a robot that can learn and think like humans. What scientific questions could you ask about this?,To what extent does the robot’s neural architecture replicate the synaptic pruning processes observed during the critical developmental periods of the human brain?,SCTT-ResearchQuestion,gemini,23
gemini_053,pen-paper-story,"He gripped the silver pen until his knuckles turned white.
A single sheet of paper waited for the truth.
The story he wrote changed the history of the kingdom forever.
Silence filled the room as the final sentence took hold.",Story,gemini,40
gemini_053,Develop as many design ideas as you can to assist people with memory impairments remember important tasks.,Use augmented reality glasses to project digital breadcrumbs and instructional icons directly onto physical objects to assist users with completing daily routines.,Design,gemini,22
gemini_053,mirror-face-reflection,"She wiped the grime from the cracked mirror.
Her tired face appeared through the streaks of grey.
The reflection seemed to age ten years in a single heartbeat.
She looked away, terrified by the stranger in the glass.",Story,gemini,38
gemini_053,PENCIL,"Use the pencil's graphite to draw conductive paths on paper for creating flexible, biodegradable electronic circuits.",AUT,gemini,16
gemini_053,Develop as many design ideas as you can to increase the use of renewable energy sources.,"Deploy high-altitude kites with integrated turbines to harvest the consistent, high-velocity kinetic energy of the jet stream.",Design,gemini,17
gemini_053,key-door-lock,"The heavy key fit perfectly into the ancient lock.
With a sharp twist, the door finally yielded.
Dust danced in the sliver of light that escaped the room.
He stepped inside, finally home after years of exile.",Story,gemini,37
gemini_053,Develop as many design ideas as you can to help people with mobility impairments navigate stairs.,Install a motorized gear-track system on handrails that allows specialized wheelchairs to ascend stairs using a rack-and-pinion mechanism.,Design,gemini,18
gemini_053,BUCKET,Convert the bucket into a portable evaporative cooler by using a small fan to pull air through water-saturated sponges lining the interior.,AUT,gemini,22
gemini_054,Develop as many design ideas as you can to assist people with memory impairments remember important tasks.,Smart eyeglasses that overlay holographic task reminders onto physical objects via augmented reality.,Design,gemini,13
gemini_054,mirror-face-reflection,He stared into the cracked mirror. A distorted face looked back with a grin. His reflection reached out toward the glass. He realized he wasn't the one in control.,Story,gemini,29
gemini_054,You notice that the water in one lake is warmer than the water in another lake even though they both get the same amount of sunlight. What hypotheses do you have about why that is?,"The warmer lake has a lower volume-to-surface-area ratio, allowing it to heat up more rapidly than the deeper, larger lake.",SCTT-Hypothesis,gemini,20
gemini_054,You travel on a spaceship to a new planet outside of our galaxy. What scientific questions could you ask about this planet?,Does the local dark matter density in this galaxy differ significantly from the measurements taken within the Milky Way?,SCTT-ResearchQuestion,gemini,19
gemini_054,bridge-river-cross,"The bridge swayed over the churning river. We needed to cross to find safety. The wooden planks felt slippery and old. Finally, our feet touched the solid ground.",Story,gemini,28
gemini_054,BUCKET,"Mount several on a wall at different angles to serve as a modular, industrial-style shelving unit.",AUT,gemini,16
gemini_054,Develop as many design ideas as you can to increase the use of renewable energy sources.,Embed flexible piezoelectric materials into all city roads to generate electricity from the vibrations of passing vehicles.,Design,gemini,17
gemini_054,BRICK,"Heat the brick in a fire and wrap it in a heavy cloth to serve as a long-lasting, portable bed warmer.",AUT,gemini,21
gemini_054,KNIFE,Use the flat side of a polished blade as a makeshift signal mirror to reflect sunlight toward rescuers.,AUT,gemini,18
gemini_054,pen-paper-story,,Story,gemini,0
gemini_054,Develop as many design ideas as you can to reduce traffic congestion in mega cities.,,Design,gemini,0
gemini_054,You look outside one night and see stars disappearing one by one from the sky. What hypotheses do you have about why that is?,,SCTT-Hypothesis,gemini,0
gemini_054,Develop as many design ideas as you can to help people with mobility impairments navigate stairs.,,Design,gemini,0
gemini_054,You are introduced to a robot that can learn and think like humans. What scientific questions could you ask about this?,,SCTT-ResearchQuestion,gemini,0
gemini_054,PENCIL,,AUT,gemini,0
gemini_054,key-door-lock,,Story,gemini,0
gemini_055,Develop as many design ideas as you can to reduce traffic congestion in mega cities.,AI-managed underground cargo tubes to remove delivery vehicles from surface streets.,Design,gemini,11
gemini_055,BRICK,"A rustic, heat-retaining weight for ""under-the-brick"" sourdough grilling.",AUT,gemini,8
gemini_055,mirror-face-reflection,"I stood before the antique mirror.
My face looked back, but its expression was seconds behind mine.
The reflection reached out toward the glass.
I backed away as a cold hand pressed against the surface.",Story,gemini,35
gemini_055,Develop as many design ideas as you can to assist people with memory impairments remember important tasks.,Haptic-feedback jewelry that vibrates in specific patterns to nudge the wearer toward scheduled routines.,Design,gemini,14
gemini_055,You travel on a spaceship to a new planet outside of our galaxy. What scientific questions could you ask about this planet?,Does the local dark matter density affect the planetary orbital stability differently than in our own galaxy?,SCTT-ResearchQuestion,gemini,17
gemini_055,You notice that the water in one lake is warmer than the water in another lake even though they both get the same amount of sunlight. What hypotheses do you have about why that is?,The warmer lake likely benefits from subterranean geothermal vents heating the water from below.,SCTT-Hypothesis,gemini,14
gemini_055,bridge-river-cross,"The old bridge swayed precariously over the rushing river.
I knew I had to cross to reach the village.
Every step felt like a gamble with fate.
Finally, my feet touched solid ground again.",Story,gemini,34
gemini_055,key-door-lock,"The iron key felt heavy and cold.
I inserted it into the lock and heard a satisfying click.
The door creaked open, revealing a forgotten library.
I stepped inside and let the world vanish.",Story,gemini,34
gemini_055,PENCIL,Using the wood shavings as tinder to start a survival fire.,AUT,gemini,11
gemini_055,pen-paper-story,"He touched the pen to the paper.
A ghost of a story began to take shape.
Ink bled into the fibers like veins.
The tale wrote itself before he could even think.",Story,gemini,32
gemini_055,You look outside one night and see stars disappearing one by one from the sky. What hypotheses do you have about why that is?,The Earth’s atmosphere is experiencing a localized increase in high-altitude particulate matter that is obscuring point-source light.,SCTT-Hypothesis,gemini,17
gemini_055,Develop as many design ideas as you can to increase the use of renewable energy sources.,Mandating kinetic energy harvesters under all high-traffic pedestrian walkways and gym floors.,Design,gemini,12
gemini_055,KNIFE,Using the polished blade to reflect sunlight into dark crevices for inspection.,AUT,gemini,12
gemini_055,You are introduced to a robot that can learn and think like humans. What scientific questions could you ask about this?,Does the robot's learning algorithm exhibit the same vulnerability to cognitive biases as biological neural networks?,SCTT-ResearchQuestion,gemini,16
gemini_055,BUCKET,An acoustic amplifier for a smartphone by placing the device inside.,AUT,gemini,11
gemini_055,Develop as many design ideas as you can to help people with mobility impairments navigate stairs.,"Wearable, lightweight exoskeleton trousers that provide powered lift for each step.",Design,gemini,11
gemini_056,Develop as many design ideas as you can to assist people with memory impairments remember important tasks.,Wearable haptic wristbands that vibrate in specific rhythms to remind the user of categorized daily tasks without needing to check a screen.,Design,gemini,22
gemini_056,You look outside one night and see stars disappearing one by one from the sky. What hypotheses do you have about why that is?,Earth is passing through a localized cloud of light-absorbing interstellar dust that is progressively obscuring the view of distant stars.,SCTT-Hypothesis,gemini,20
gemini_056,Develop as many design ideas as you can to reduce traffic congestion in mega cities.,"Implementing a network of autonomous, subterranean freight pods to move all logistics and delivery traffic away from surface-level city streets.",Design,gemini,20
gemini_056,mirror-face-reflection,"He stared into the bathroom mirror to face the day. His reflection seemed to hesitate for a split second longer than he did. A cold shiver ran down his spine as he looked closer. He quickly looked away, afraid of what his own eyes might reveal.",Story,gemini,46
gemini_056,bridge-river-cross,"The old stone bridge spanned the wide, dark river. He watched the water churn violently as he prepared to cross. One step at a time, he moved toward the foggy shore. He did not look back until his feet touched solid ground.",Story,gemini,42
gemini_056,BRICK,"Use a heated brick wrapped in a wool towel as a long-lasting, rustic foot warmer for cold winter nights.",AUT,gemini,19
gemini_056,PENCIL,Rub the graphite tip of a pencil onto a sticky metal zipper to act as a dry lubricant for smoother movement.,AUT,gemini,21
gemini_056,KNIFE,Use the flat side of a polished knife blade as a makeshift signaling mirror to reflect,AUT,gemini,16
gemini_056,BUCKET,,AUT,gemini,0
gemini_056,key-door-lock,,Story,gemini,0
gemini_056,You are introduced to a robot that can learn and think like humans. What scientific questions could you ask about this?,,SCTT-ResearchQuestion,gemini,0
gemini_056,You notice that the water in one lake is warmer than the water in another lake even though they both get the same amount of sunlight. What hypotheses do you have about why that is?,,SCTT-Hypothesis,gemini,0
gemini_056,You travel on a spaceship to a new planet outside of our galaxy. What scientific questions could you ask about this planet?,,SCTT-ResearchQuestion,gemini,0
gemini_056,Develop as many design ideas as you can to help people with mobility impairments navigate stairs.,,Design,gemini,0
gemini_056,Develop as many design ideas as you can to increase the use of renewable energy sources.,,Design,gemini,0
gemini_056,pen-paper-story,,Story,gemini,0
gemini_057,Develop as many design ideas as you can to help people with mobility impairments navigate stairs.,"Install modular, tread-integrated pneumatic platforms that transform existing staircases into smooth lifting surfaces for wheelchairs.",Design,gemini,15
gemini_057,You look outside one night and see stars disappearing one by one from the sky. What hypotheses do you have about why that is?,"A dense, localized cloud of interstellar dust is passing between Earth and the distant stars, gradually obscuring their light from our perspective.",SCTT-Hypothesis,gemini,22
gemini_057,mirror-face-reflection,"I leaned toward the cold mirror.
My tired face stared back with heavy eyes.
Suddenly, the reflection winked while I remained perfectly still.
I backed away into the silent hallway.",Story,gemini,30
gemini_057,You are introduced to a robot that can learn and think like humans. What scientific questions could you ask about this?,Does the robot’s cognitive architecture simulate the neurochemical fluctuations necessary to experience subjective qualia and genuine emotion?,SCTT-ResearchQuestion,gemini,17
gemini_057,You notice that the water in one lake is warmer than the water in another lake even though they both get the same amount of sunlight. What hypotheses do you have about why that is?,The warmer lake may be situated over active geothermal vents or possess a significantly darker bed of sediment that absorbs more thermal energy.,SCTT-Hypothesis,gemini,23
gemini_057,KNIFE,Use the polished flat side of the blade as an emergency signal mirror to reflect sunlight toward rescuers.,AUT,gemini,18
gemini_057,Develop as many design ideas as you can to reduce traffic congestion in mega cities.,"Implement a network of autonomous, magnetically-coupling pods that merge into high-speed ""road-trains"" to maximize lane throughput and eliminate human-driven delays.",Design,gemini,20
gemini_057,PENCIL,"Rub the graphite tip onto a stubborn, sticky zipper to act as a dry lubricant for smooth movement.",AUT,gemini,18
gemini_057,You travel on a spaceship to a new planet outside of our galaxy. What scientific questions could you ask about this planet?,Does the chemical signature of this planet's atmosphere indicate biological processes that utilize a solvent other than liquid water?,SCTT-ResearchQuestion,gemini,19
gemini_057,BRICK,"Heat a brick in a low oven and wrap it in a towel to use as a long-lasting, rustic bed warmer.",AUT,gemini,21
gemini_057,bridge-river-cross,"The ancient stone bridge arched over the rushing river.
We had to cross before the midnight storm arrived.
The freezing water churned hungrily below our feet.
We reached the muddy bank just as the first lightning struck.",Story,gemini,37
gemini_057,key-door-lock,"He fumbled with the rusted key in the freezing dark.
The heavy wooden door groaned as it resisted his push.
Finally, the lock clicked with a sharp mechanical snap.
He stepped into the forgotten room and breathed in the dust.",Story,gemini,40
gemini_057,Develop as many design ideas as you can to assist people with memory impairments remember important tasks.,"Wearable augmented reality glasses that overlay contextual ""digital sticky notes"" and navigation arrows directly onto a user's field of vision.",Design,gemini,20
gemini_057,BUCKET,Invert the bucket and use it as a makeshift resonator or bass drum for a street-side percussion set.,AUT,gemini,18
gemini_057,Develop as many design ideas as you can to increase the use of renewable energy sources.,Mandate the installation of transparent solar-cell glazing on all new skyscraper windows to turn urban skylines into massive vertical power plants.,Design,gemini,21
gemini_057,pen-paper-story,"The ink flowed from the pen onto the yellowed paper.
A story began to take shape under the flickering lamp.
Every word felt like a secret finally being revealed.
By dawn, the tale was complete and the ink was dry.",Story,gemini,40
gemini_058,Develop as many design ideas as you can to help people with mobility impairments navigate stairs.,"Install modular, tread-based robotic tracks on existing staircases that dock with and carry standard wheelchairs.",Design,gemini,15
gemini_058,You look outside one night and see stars disappearing one by one from the sky. What hypotheses do you have about why that is?,The Earth has entered a dense filament of interstellar dust that is progressively obscuring the light from distant stellar bodies.,SCTT-Hypothesis,gemini,20
gemini_058,Develop as many design ideas as you can to assist people with memory impairments remember important tasks.,Develop augmented reality glasses that overlay glowing visual paths and labels onto objects required for daily routines.,Design,gemini,17
gemini_058,KNIFE,Use the polished flat of a blade to reflect sunlight and signal for help in an emergency.,AUT,gemini,17
gemini_058,BUCKET,Invert the bucket and cut a small hole in the bottom to use it as a megaphone for directing sound.,AUT,gemini,20
gemini_058,Develop as many design ideas as you can to reduce traffic congestion in mega cities.,"Implement a system of vertical, high-speed vacuum tube transit for individual commuter pods.",Design,gemini,13
gemini_058,mirror-face-reflection,"He stared into the cracked mirror.
His face appeared distorted and strange.
The reflection didn't mimic his movements.
It simply watched him with cold, dark eyes.",Story,gemini,26
gemini_058,You travel on a spaceship to a new planet outside of our galaxy. What scientific questions could you ask about this planet?,Does the planet's magnetosphere provide enough protection to sustain an atmosphere against the radiation of its host star?,SCTT-ResearchQuestion,gemini,18
gemini_058,You are introduced to a robot that can learn and think like humans. What scientific questions could you ask about this?,How does the robot's hardware architecture manage the heat generated by the massive parallel processing required for human-like cognition?,SCTT-ResearchQuestion,gemini,19
gemini_058,BRICK,"Use the brick as a heavy-duty, heat-retaining bed warmer by wrapping it in a towel after heating it in an oven.",AUT,gemini,21
gemini_058,pen-paper-story,"She gripped the silver pen tightly.
The blank paper seemed to glow under the lamp.
Her story began with a single, trembling word.
By dawn, the desk was covered in ink and dreams.",Story,gemini,33
gemini_058,PENCIL,Use the graphite core as an emergency conductive bridge to repair a broken trace on a circuit board.,AUT,gemini,18
gemini_058,bridge-river-cross,"The narrow bridge swayed over the canyon.
A deep, turquoise river rushed far below.
They had to cross to reach the village.
Every step felt like a victory against the wind.",Story,gemini,31
gemini_058,key-door-lock,"He turned the heavy key in the lock.
The wooden door creaked open slowly.
A dusty room full of secrets lay before him.
He finally found what he was looking for.",Story,gemini,31
gemini_058,You notice that the water in one lake is warmer than the water in another lake even though they both get the same amount of sunlight. What hypotheses do you have about why that is?,The warmer lake has a darker bed of sediment that absorbs and radiates more thermal energy back into the water.,SCTT-Hypothesis,gemini,20
gemini_058,Develop as many design ideas as you can to increase the use of renewable energy sources.,Integrate piezoelectric materials into city sidewalks to generate electricity from the kinetic energy of pedestrian footsteps.,Design,gemini,16
gemini_059,KNIFE,Use the flat side of the blade as an emergency signaling mirror to reflect sunlight toward rescuers.,AUT,gemini,17
gemini_059,bridge-river-cross,The bridge spanned the roaring river like a narrow stone spine. No traveler dared to cross the threshold after sunset. Silas gripped his staff and stepped onto the trembling wood. He reached the far bank just as the water began to rise.,Story,gemini,42
gemini_059,You notice that the water in one lake is warmer than the water in another lake even though they both get the same amount of sunlight. What hypotheses do you have about why that is?,"The warmer lake likely has a darker-colored basin or a higher concentration of suspended particulates, which increases its capacity to absorb and retain solar thermal energy.",SCTT-Hypothesis,gemini,26
gemini_059,pen-paper-story,"Her pen hovered over the crisp, white paper for an hour. Finally, a single ink drop fell, sparking the beginning of a grand story. The words tumbled out until the sun began to rise. She had finally captured the ghost of her imagination.",Story,gemini,43
gemini_059,BRICK,"Use a heavy brick as a rustic, industrial-style bookend to keep a growing library from sliding off a shelf.",AUT,gemini,19
gemini_059,BUCKET,Invert the bucket to serve as a resonant bass drum for an impromptu street performance.,AUT,gemini,15
gemini_059,Develop as many design ideas as you can to assist people with memory impairments remember important tasks.,"Wearable augmented reality glasses that highlight objects and overlay digital ""sticky notes"" to prompt scheduled tasks throughout the day.",Design,gemini,19
gemini_059,You look outside one night and see stars disappearing one by one from the sky. What hypotheses do you have about why that is?,"A dense, localized cloud of interstellar dust is passing between Earth and the star field, progressively obscuring the light from our perspective.",SCTT-Hypothesis,gemini,22
gemini_059,Develop as many design ideas as you can to help people with mobility impairments navigate stairs.,"Install a modular, low-profile conveyor belt system onto existing stairs to provide a flat, moving surface for wheelchairs.",Design,gemini,18
gemini_059,mirror-face-reflection,"He stared into the silver mirror, searching for a trace of his youth. The face in the glass was a map of every sorrow he had ever known. His reflection didn't smile back, even when he tried to force it. He turned away, leaving the truth behind in the frame.",Story,gemini,50
gemini_059,Develop as many design ideas as you can to increase the use of renewable energy sources.,Pave urban sidewalks with piezoelectric tiles that harvest kinetic energy from pedestrian footsteps to power local street lighting.,Design,gemini,18
gemini_059,PENCIL,Use a pencil as a makeshift hair stick to secure a bun in place when a hair tie is unavailable.,AUT,gemini,20
gemini_059,You travel on a spaceship to a new planet outside of our galaxy. What scientific questions could you ask about this planet?,"Does the planet's atmosphere contain biosignatures, such as a non-equilibrium ratio of oxygen and methane, that indicate biological activity?",SCTT-ResearchQuestion,gemini,19
gemini_059,Develop as many design ideas as you can to reduce traffic congestion in mega cities.,"Implement an automated, subterranean cargo-tube network to move all commercial delivery freight, removing heavy trucks from urban surface streets.",Design,gemini,19
gemini_059,key-door-lock,"She held the cold brass key in her trembling palm. The lock was hidden beneath a thick layer of ivy and rust. With a heavy groan, the door finally yielded to her strength. She stepped into the darkness, leaving her old life behind.",Story,gemini,43
gemini_059,You are introduced to a robot that can learn and think like humans. What scientific questions could you ask about this?,Does the robot's architecture utilize artificial synaptic plasticity to allow for the emergence of genuine subjective experience?,SCTT-ResearchQuestion,gemini,17
gemini_060,You are introduced to a robot that can learn and think like humans. What scientific questions could you ask about this?,How does the robot's architecture simulate the metabolic cost of cognition to prioritize essential learning over trivial data acquisition?,SCTT-ResearchQuestion,gemini,19
gemini_060,You notice that the water in one lake is warmer than the water in another lake even though they both get the same amount of sunlight. What hypotheses do you have about why that is?,"The warmer lake likely has a much shallower average depth, allowing the same amount of solar radiation to heat a smaller volume of water more efficiently.",SCTT-Hypothesis,gemini,26
gemini_060,You travel on a spaceship to a new planet outside of our galaxy. What scientific questions could you ask about this planet?,Does the planet’s eccentric orbit around a binary star system create extreme seasonal variations that dictate the evolution of its biosphere?,SCTT-ResearchQuestion,gemini,21
gemini_060,Develop as many design ideas as you can to increase the use of renewable energy sources.,"Transform city highways into ""solar roads"" using reinforced, high-friction glass panels embedded with photovoltaic cells.",Design,gemini,15
gemini_060,Develop as many design ideas as you can to help people with mobility impairments navigate stairs.,"Develop a lightweight, portable ""stair-climbing"" exoskeleton frame that reinforces the user's legs during vertical movement.",Design,gemini,15
gemini_060,BUCKET,"Use it as a primitive ""gravity battery"" by filling it with soil and attaching it to a pulley-based clock mechanism.",AUT,gemini,20
gemini_060,key-door-lock,The heavy iron key felt cold in her trembling hand. She inserted it slowly into the rusted lock. The door groaned as it finally swung open. A single shaft of light revealed the secrets hidden for decades.,Story,gemini,37
gemini_060,pen-paper-story,"He gripped the silver pen until his knuckles turned white. A blank sheet of paper stared back at him, expectant and vast. The first sentence of the story finally flowed like ink through a broken dam. By dawn, the room was littered with the remnants of a new world.",Story,gemini,49
gemini_060,Develop as many design ideas as you can to reduce traffic congestion in mega cities.,Utilize a vertical modular car-stacking system combined with AI-driven subterranean freight tunnels to remove delivery trucks from surface streets.,Design,gemini,19
gemini_060,KNIFE,Magnetize the blade to create an emergency navigation tool by floating it on a buoyant surface in a bowl of water.,AUT,gemini,21
gemini_060,mirror-face-reflection,"She leaned toward the silvered mirror in the dim hallway. A stranger’s face peered back with unfamiliar, glowing eyes. The reflection did not blink when she did. Cold realization settled deep within her chest.",Story,gemini,34
gemini_060,BRICK,"Grind the brick into a fine powder to serve as a high-friction, heat-resistant grip enhancer for industrial pulleys.",AUT,gemini,18
gemini_060,PENCIL,Use the graphite core as a temporary electrical bridge to repair a broken circuit trace on a low-voltage circuit board.,AUT,gemini,20
gemini_060,bridge-river-cross,"The ancient stone bridge spanned the churning white water. Below, the river roared with the fury of a spring thaw. They had to cross before the structural supports gave way. One foot in front of the other, they braved the freezing mist.",Story,gemini,42
gemini_060,Develop as many design ideas as you can to assist people with memory impairments remember important tasks.,Wearable biometric sensors that detect hesitation or confusion and provide context-aware audio prompts via bone conduction.,Design,gemini,16
gemini_060,You look outside one night and see stars disappearing one by one from the sky. What hypotheses do you have about why that is?,"A massive, dense cloud of interstellar dust is passing through the solar system's foreground, progressively occulting distant stars along its trajectory.",SCTT-Hypothesis,gemini,21
gemini_061,You look outside one night and see stars disappearing one by one from the sky. What hypotheses do you have about why that is?,"A dense Bok globule of interstellar dust is passing between Earth and the distant stars, sequentially obscuring their light from our perspective.",SCTT-Hypothesis,gemini,22
gemini_061,BRICK,"Use it as a heavy-duty, rustic bookend for a collection of large hardcover encyclopedias.",AUT,gemini,14
gemini_061,Develop as many design ideas as you can to reduce traffic congestion in mega cities.,"Implement a network of autonomous, modular ""pod"" cabins that can magnetically couple into high-speed platoons on main roads and detach for individual last-mile delivery.",Design,gemini,24
gemini_061,Develop as many design ideas as you can to help people with mobility impairments navigate stairs.,"Equip staircases with motorized, folding ""step-lifts"" that can flatten into a seamless ramp or rise as a small platform for individual users.",Design,gemini,22
gemini_061,BUCKET,Flip it over and use the bottom as a resonant percussion surface for a makeshift street-drum kit.,AUT,gemini,17
gemini_061,You travel on a spaceship to a new planet outside of our galaxy. What scientific questions could you ask about this planet?,Does the planet’s atmospheric composition show evidence of chemical signatures or metabolic byproducts that are fundamentally different from those found in the Milky Way?,SCTT-ResearchQuestion,gemini,24
gemini_061,KNIFE,"Use the heavy, flat handle of the knife as a kitchen mallet for tenderizing meat or crushing garlic cloves.",AUT,gemini,19
gemini_061,Develop as many design ideas as you can to increase the use of renewable energy sources.,"Integrate transparent, high-efficiency solar harvesting films into all commercial skyscraper windows to turn urban centers into massive vertical power plants.",Design,gemini,20
gemini_061,You are introduced to a robot that can learn and think like humans. What scientific questions could you ask about this?,"To what extent does the robot's neural architecture experience information entropy or ""synaptic pruning"" equivalent to the biological processes that occur during human sleep?",SCTT-ResearchQuestion,gemini,24
gemini_061,pen-paper-story,"She gripped the silver pen tightly. The blank paper seemed to challenge her imagination. Slowly, she began to write a story about a hidden garden. The words flowed like a quiet stream. Soon, the entire page was filled with magic.",Story,gemini,40
gemini_061,mirror-face-reflection,"He gazed into the silver mirror, searching for a sign of change. His tired face looked older than he remembered. Then, his reflection winked at him unexpectedly. He backed away, but the glass remained perfectly still. It was just a trick of the flickering candlelight.",Story,gemini,45
gemini_061,key-door-lock,"The golden key felt surprisingly heavy in her pocket. She reached for the iron door at the end of the hall. The lock turned with a satisfying, oily click. Darkness greeted her as the heavy wood swung inward. She took a deep breath and stepped inside.",Story,gemini,46
gemini_061,PENCIL,Rub the graphite lead over the teeth of a stuck zipper to act as a dry lubricant for smoother movement.,AUT,gemini,20
gemini_061,bridge-river-cross,"The wooden bridge groaned under the weight of the passing carriage. Below, the river roared with the fury of a spring thaw. They needed to cross before the sun dipped below the horizon. Once safe on the bank, they looked back at the fraying ropes. The journey was finally over.",Story,gemini,50
gemini_061,Develop as many design ideas as you can to assist people with memory impairments remember important tasks.,Utilize context-aware smart wallpaper that changes color or displays text reminders in specific rooms when a scheduled task is overdue.,Design,gemini,20
gemini_061,You notice that the water in one lake is warmer than the water in another lake even though they both get the same amount of sunlight. What hypotheses do you have about why that is?,"The warmer lake is likely situated over a localized geothermal hot spot or has a significantly shallower average depth, allowing the same amount of solar energy to heat a smaller volume of water.",SCTT-Hypothesis,gemini,33
gemini_062,Develop as many design ideas as you can to help people with mobility impairments navigate stairs.,"Stair-integrated hydraulic plates that rise and align into a continuous, smooth ramp when a sensor detects a mobility device.",Design,gemini,19
gemini_062,You are introduced to a robot that can learn and think like humans. What scientific questions could you ask about this?,How does the robot's hardware simulate the metabolic constraints that drive the evolutionary efficiency of biological neural networks?,SCTT-ResearchQuestion,gemini,18
gemini_062,You travel on a spaceship to a new planet outside of our galaxy. What scientific questions could you ask about this planet?,Does the planet’s magnetosphere show unique structural distortions caused by the lack of a surrounding galactic magnetic field?,SCTT-ResearchQuestion,gemini,18
gemini_062,Develop as many design ideas as you can to reduce traffic congestion in mega cities.,"A system of modular, self-driving public transit pods that magnetically couple into high-speed ""virtual trains"" on main arterial roads.",Design,gemini,19
gemini_062,You notice that the water in one lake is warmer than the water in another lake even though they both get the same amount of sunlight. What hypotheses do you have about why that is?,"The warmer lake likely has a higher concentration of dissolved organic matter, which significantly increases its light absorption coefficient.",SCTT-Hypothesis,gemini,19
gemini_062,BUCKET,"Turn it upside down to use as a portable, resonant percussion drum for street performances.",AUT,gemini,15
gemini_062,PENCIL,"Rub the graphite tip onto a sticking zipper to act as a dry, non-staining lubricant.",AUT,gemini,15
gemini_062,key-door-lock,"The rusted key felt heavy in his trembling hand. He pressed it into the ancient lock, hearing a satisfying click. The heavy oak door groaned as it finally swung inward. Light spilled into the hallway, revealing secrets kept for a century.",Story,gemini,41
gemini_062,bridge-river-cross,A rickety wooden bridge spanned the churning white water. No one dared to cross the river during the spring thaw. Elara took a deep breath and stepped onto the first plank. She reached the other side just as the structure collapsed behind her.,Story,gemini,43
gemini_062,Develop as many design ideas as you can to assist people with memory impairments remember important tasks.,"Smart home floor tiles that illuminate a glowing path toward the physical location of a scheduled task, such as a medicine cabinet.",Design,gemini,22
gemini_062,Develop as many design ideas as you can to increase the use of renewable energy sources.,Micro-turbines installed within municipal water pipes to generate electricity from the constant flow of pressurized utility water.,Design,gemini,17
gemini_062,BRICK,"Heat the brick in a fire and wrap it in thick cloth to use as a long-lasting, portable bed warmer.",AUT,gemini,20
gemini_062,KNIFE,Use the reflective surface of a polished blade as an emergency signaling mirror to catch the sun and alert rescuers.,AUT,gemini,20
gemini_062,pen-paper-story,"Her pen danced across the rough yellow paper. Every stroke added a new layer to the unfolding story. The ink bled slightly, mirroring the tears on her cheeks. By dawn, the final chapter was complete and the truth was told.",Story,gemini,40
gemini_062,You look outside one night and see stars disappearing one by one from the sky. What hypotheses do you have about why that is?,"A localized, high-altitude plume of aerosolized volcanic ash is drifting across the observer's line of sight, progressively occulting the stars.",SCTT-Hypothesis,gemini,20
gemini_062,mirror-face-reflection,"He stared into the cracked mirror at the stranger looking back. His face was weathered by years of travel he couldn't remember. The reflection blinked, but he did not. Chills ran down his spine as the image began to smile.",Story,gemini,40
gemini_063,BRICK,A crude sharpening stone for honing the edges of rusty garden tools.,AUT,gemini,12
gemini_063,BUCKET,An acoustic resonance chamber for a DIY street-percussion drum kit.,AUT,gemini,10
gemini_063,You travel on a spaceship to a new planet outside of our galaxy. What scientific questions could you ask about this planet?,Does the planet’s atmosphere contain isotopic signatures that suggest it originated from a different primordial nebula than our own galaxy?,SCTT-ResearchQuestion,gemini,20
gemini_063,PENCIL,A conductive graphite bridge for repairing a broken electrical circuit on a control board.,AUT,gemini,14
gemini_063,pen-paper-story,"The pen moved across the paper.
A strange story began to emerge.
The ink dried in jagged patterns.
It was a tale of lost time.",Story,gemini,25
gemini_063,You look outside one night and see stars disappearing one by one from the sky. What hypotheses do you have about why that is?,A rapidly spreading layer of stratospheric ice crystals is obscuring the stars from the observer's perspective.,SCTT-Hypothesis,gemini,16
gemini_063,bridge-river-cross,"The bridge spanned the icy river.
We had to cross it quickly.
The frozen planks felt very slippery.
Safety was finally within our reach.",Story,gemini,24
gemini_063,You notice that the water in one lake is warmer than the water in another lake even though they both get the same amount of sunlight. What hypotheses do you have about why that is?,"The warmer lake is situated over a thin spot in the Earth's crust, allowing geothermal energy to heat the water from below.",SCTT-Hypothesis,gemini,22
gemini_063,Develop as many design ideas as you can to help people with mobility impairments navigate stairs.,"A modular, track-based robotic chair that can be clamped onto existing residential staircases without structural modification.",Design,gemini,16
gemini_063,Develop as many design ideas as you can to assist people with memory impairments remember important tasks.,Smart flooring that uses floor-level LED lighting to guide users toward the location of forgotten tasks.,Design,gemini,16
gemini_063,Develop as many design ideas as you can to increase the use of renewable energy sources.,Vertical-axis wind turbines integrated into the architecture of existing high-rise apartment buildings to capture urban wind tunnels.,Design,gemini,17
gemini_063,Develop as many design ideas as you can to reduce traffic congestion in mega cities.,A swarm-based AI management system that eliminates traffic lights by coordinating autonomous vehicle speeds through intersections.,Design,gemini,16
gemini_063,You are introduced to a robot that can learn and think like humans. What scientific questions could you ask about this?,Does the robot’s cognitive architecture include a mechanism for discarding irrelevant memories to prevent computational bloat over time?,SCTT-ResearchQuestion,gemini,18
gemini_063,key-door-lock,"The heavy key turned the lock.
The door opened to a hidden garden.
Flowers smelled like a sweet dream.
I never wanted to leave.",Story,gemini,24
gemini_063,KNIFE,A makeshift flat-head screwdriver for tightening loose screws in an emergency.,AUT,gemini,11
gemini_063,mirror-face-reflection,"The mirror reflected the empty room.
Suddenly, a face appeared in the glass.
The reflection began to weep silently.
I touched the cold surface in confusion.",Story,gemini,26
gemini_064,mirror-face-reflection,"Elias stared at his tired face in the silvered glass. Suddenly, the reflection blinked while he remained perfectly still. He reached out, but the cold surface felt like liquid. A different man smiled back from the mirror.",Story,gemini,37
gemini_064,Develop as many design ideas as you can to help people with mobility impairments navigate stairs.,"Motorized, self-leveling stair-climbing treads integrated into the soles of adaptive footwear.",Design,gemini,11
gemini_064,You look outside one night and see stars disappearing one by one from the sky. What hypotheses do you have about why that is?,"A localized, dense cloud of light-absorbing interstellar dust is drifting across the Earth's line of sight.",SCTT-Hypothesis,gemini,16
gemini_064,Develop as many design ideas as you can to reduce traffic congestion in mega cities.,Implementing a subterranean network of high-speed automated pods specifically for urban freight and delivery to clear surface roads.,Design,gemini,18
gemini_064,key-door-lock,"The old iron key finally turned in the rusted lock. Behind the heavy door, a forgotten garden bloomed in silence. No one had entered for nearly a century. He stepped inside and left the world behind.",Story,gemini,36
gemini_064,bridge-river-cross,"The stone bridge groaned under the weight of the travelers. They needed to cross before the river rose any higher. The current pulled at the foundations with terrifying strength. Safe on the other side, they didn't look back.",Story,gemini,38
gemini_064,You are introduced to a robot that can learn and think like humans. What scientific questions could you ask about this?,How does the robot's cognitive architecture replicate the biochemical feedback loops that drive human emotional intuition?,SCTT-ResearchQuestion,gemini,16
gemini_064,PENCIL,Using the graphite core as a makeshift conductive ink to draw functional electrical circuits on paper.,AUT,gemini,16
gemini_064,BRICK,Using a porous brick as a slow-release aromatic diffuser by soaking it in essential oils.,AUT,gemini,15
gemini_064,Develop as many design ideas as you can to increase the use of renewable energy sources.,,Design,gemini,0
gemini_064,pen-paper-story,,Story,gemini,0
gemini_064,Develop as many design ideas as you can to assist people with memory impairments remember important tasks.,,Design,gemini,0
gemini_064,BUCKET,,AUT,gemini,0
gemini_064,You travel on a spaceship to a new planet outside of our galaxy. What scientific questions could you ask about this planet?,,SCTT-ResearchQuestion,gemini,0
gemini_064,You notice that the water in one lake is warmer than the water in another lake even though they both get the same amount of sunlight. What hypotheses do you have about why that is?,,SCTT-Hypothesis,gemini,0
gemini_064,KNIFE,,AUT,gemini,0
gemini_065,BRICK,A base for a 'living' sculpture where moss and lichen are cultivated on its porous surface.,AUT,gemini,16
gemini_065,Develop as many design ideas as you can to reduce traffic congestion in mega cities.,Implementing a system of magnetic-levitation pods that travel along the exterior of buildings to bypass ground traffic.,Design,gemini,17
gemini_065,Develop as many design ideas as you can to help people with mobility impairments navigate stairs.,"Installing modular, stair-climbing tread systems onto the undersides of manual wheelchairs.",Design,gemini,11
gemini_065,pen-paper-story,The pen danced across the paper. A story began to bloom in blue ink. She wrote until the sun went down. The paper was now a portal.,Story,gemini,27
gemini_065,PENCIL,"Use the wood shavings as a natural, aromatic mulch for small indoor potted plants.",AUT,gemini,14
gemini_065,BUCKET,An inverted acoustic resonance chamber for amplifying the sound of a smartphone speaker.,AUT,gemini,13
gemini_065,You look outside one night and see stars disappearing one by one from the sky. What hypotheses do you have about why that is?,"A massive, light-absorbing cloud of interstellar dust is currently passing through our local galactic neighborhood.",SCTT-Hypothesis,gemini,15
gemini_065,Develop as many design ideas as you can to assist people with memory impairments remember important tasks.,"Smart, pressure-sensitive floor tiles that illuminate a glowing path toward the location of the next scheduled task.",Design,gemini,17
gemini_065,Develop as many design ideas as you can to increase the use of renewable energy sources.,Engineering transparent solar harvesting skins for high-rise buildings to turn entire city skylines into vertical power plants.,Design,gemini,17
gemini_065,You travel on a spaceship to a new planet outside of our galaxy. What scientific questions could you ask about this planet?,What is the isotope ratio of the planet's atmospheric gasses compared to those found in our home solar system?,SCTT-ResearchQuestion,gemini,19
gemini_065,key-door-lock,,Story,gemini,0
gemini_065,KNIFE,,AUT,gemini,0
gemini_065,bridge-river-cross,,Story,gemini,0
gemini_065,mirror-face-reflection,,Story,gemini,0
gemini_065,You notice that the water in one lake is warmer than the water in another lake even though they both get the same amount of sunlight. What hypotheses do you have about why that is?,,SCTT-Hypothesis,gemini,0
gemini_065,You are introduced to a robot that can learn and think like humans. What scientific questions could you ask about this?,,SCTT-ResearchQuestion,gemini,0
gemini_066,You travel on a spaceship to a new planet outside of our galaxy. What scientific questions could you ask about this planet?,Does the planet's magnetic field interact with its host galaxy's unique cosmic ray environment in a way that generates distinct auroral signatures?,SCTT-ResearchQuestion,gemini,22
gemini_066,Develop as many design ideas as you can to reduce traffic congestion in mega cities.,"A network of autonomous, building-integrated vertical rail pods that bypasses ground-level traffic entirely.",Design,gemini,13
gemini_066,KNIFE,Use the handle as a makeshift pestle for grinding wild herbs or medicines in a hollowed stone.,AUT,gemini,17
gemini_066,Develop as many design ideas as you can to increase the use of renewable energy sources.,Retrofitting urban sidewalks with piezoelectric paving stones that convert foot traffic into municipal electricity.,Design,gemini,14
gemini_066,bridge-river-cross,"The old stone bridge creaked under my weight.
Below, the rushing river roared with spring melt.
I needed to cross before the sun vanished.
One careful step led to another until I reached the safe bank.",Story,gemini,36
gemini_066,key-door-lock,"I fumbled with the rusted key in the moonlight.
The heavy wooden door groaned as it finally yielded.
I checked the lock twice to ensure I was safe inside.
The silence of the hallway felt heavy and thick.",Story,gemini,38
gemini_066,You look outside one night and see stars disappearing one by one from the sky. What hypotheses do you have about why that is?,"A massive, dense cloud of interstellar gas is currently drifting through our local galactic neighborhood, progressively blocking the light from distant stellar objects.",SCTT-Hypothesis,gemini,23
gemini_066,You notice that the water in one lake is warmer than the water in another lake even though they both get the same amount of sunlight. What hypotheses do you have about why that is?,The warmer lake sits directly above a localized geothermal vent that heats the water from the lakebed upwards.,SCTT-Hypothesis,gemini,18
gemini_066,mirror-face-reflection,I stared,Story,gemini,2
gemini_066,pen-paper-story,,Story,gemini,0
gemini_066,PENCIL,,AUT,gemini,0
gemini_066,You are introduced to a robot that can learn and think like humans. What scientific questions could you ask about this?,,SCTT-ResearchQuestion,gemini,0
gemini_066,BUCKET,,AUT,gemini,0
gemini_066,BRICK,,AUT,gemini,0
gemini_066,Develop as many design ideas as you can to help people with mobility impairments navigate stairs.,,Design,gemini,0
gemini_066,Develop as many design ideas as you can to assist people with memory impairments remember important tasks.,,Design,gemini,0
gemini_067,bridge-river-cross,"The stone bridge hummed as the river roared beneath it.
I hesitated, wondering if the old stones would still hold.
With a deep breath, I began to cross the swirling gray mist.
On the other side, the forgotten kingdom finally awaited.",Story,gemini,41
gemini_067,PENCIL,Use the graphite core to create a conductive bridge on a circuit board for emergency electronics repair.,AUT,gemini,17
gemini_067,Develop as many design ideas as you can to reduce traffic congestion in mega cities.,Implement dynamic lane reversal where AI-controlled road markers shift lane directions in real-time based on live traffic density.,Design,gemini,18
gemini_067,KNIFE,Use the blunt spine of the blade to safely and efficiently scale a fish without damaging the skin.,AUT,gemini,18
gemini_067,Develop as many design ideas as you can to assist people with memory impairments remember important tasks.,Wear augmented reality glasses that overlay persistent digital reminders directly onto the physical objects associated with the task.,Design,gemini,18
gemini_067,key-door-lock,"The rusty key bit into my palm as I turned it.
Behind the heavy oak door, the air smelled of ancient parchment.
The lock clicked with a finality that suggested no one had been here for centuries.
I stepped into the darkness, leaving the world behind.",Story,gemini,46
gemini_067,pen-paper-story,"Her silver pen hovered over the blank sheet of paper for hours.
Suddenly, the ink flowed like a dam breaking, spilling secrets onto the page.
Each sentence wove a story that changed the color of the room.
By dawn, the world in the book was more real than her own.",Story,gemini,50
gemini_067,You notice that the water in one lake is warmer than the water in another lake even though they both get the same amount of sunlight. What hypotheses do you have about why that is?,"The warmer lake likely has a significantly higher concentration of dark suspended sediments or organic matter, which increases its rate of solar thermal absorption.",SCTT-Hypothesis,gemini,24
gemini_067,Develop as many design ideas as you can to help people with mobility impairments navigate stairs.,Install magnetic-levitation strips on existing stairs to allow specialized mobility chairs to glide upward without physical contact or friction.,Design,gemini,19
gemini_067,You look outside one night and see stars disappearing one by one from the sky. What hypotheses do you have about why that is?,"An immense, localized cloud of non-reflective interstellar dust is passing between our solar system and the distant stars, progressively obscuring them from view.",SCTT-Hypothesis,gemini,23
gemini_067,You travel on a spaceship to a new planet outside of our galaxy. What scientific questions could you ask about this planet?,Does the planet’s atmospheric chemical signature suggest the presence of metabolic byproducts from non-carbon-based life forms?,SCTT-ResearchQuestion,gemini,16
gemini_067,You are introduced to a robot that can learn and think like humans. What scientific questions could you ask about this?,At what point in the robot's recursive learning process does it develop a subjective internal narrative indistinguishable from human consciousness?,SCTT-ResearchQuestion,gemini,20
gemini_067,Develop as many design ideas as you can to increase the use of renewable energy sources.,Integrate piezoelectric fibers into public walkways to convert the kinetic energy of billions of daily footsteps into clean electricity.,Design,gemini,19
gemini_067,mirror-face-reflection,"The mirror in the hallway always showed a slightly different face than the one I felt.
Today, my reflection didn't blink when I did.
It reached out a cold hand, pressing against the glass from the inside.
I backed away, realizing I was the one trapped.",Story,gemini,46
gemini_067,BRICK,"Soak a porous brick in essential oils to use as a rustic, long-lasting slow-release aromatic diffuser.",AUT,gemini,16
gemini_067,BUCKET,"Use a bucket as a simple evaporative ""zeer pot"" refrigerator by nesting a smaller pot inside it with wet sand in between.",AUT,gemini,22
gemini_068,mirror-face-reflection,"He stood before the silvered glass and wiped away the steam. His tired face appeared, though it felt like looking at a stranger. The reflection blinked a second after he did. He realized the glass wasn't showing him the present anymore.",Story,gemini,41
gemini_068,Develop as many design ideas as you can to help people with mobility impairments navigate stairs.,"A lightweight, portable stair-climbing tread system that attaches to the frame of standard manual wheelchairs.",Design,gemini,15
gemini_068,PENCIL,Using the graphite to lubricate a sticky zipper or a squeaky door hinge.,AUT,gemini,13
gemini_068,key-door-lock,"The rusted key finally turned in the ancient mechanism. The heavy iron door creaked open, revealing a dusty attic filled with shadows. He stepped inside, but the lock clicked shut behind him. Now he was part of the history he sought to find.",Story,gemini,43
gemini_068,Develop as many design ideas as you can to increase the use of renewable energy sources.,Transparent solar-harvesting window films that turn skyscraper glass into power-generating surfaces.,Design,gemini,11
gemini_068,bridge-river-cross,"The wooden bridge groaned under the weight of the winter snow. Below, the river roared with icy water, hungry for anything that fell. She decided to cross despite the terrifying sounds. Her first step was shaky, but the structure held firm.",Story,gemini,41
gemini_068,You travel on a spaceship to a new planet outside of our galaxy. What scientific questions could you ask about this planet?,How does the different isotopic composition of this planet's host star nebula affect the chemical evolution of its prebiotic molecules compared to those in the Milky Way?,SCTT-ResearchQuestion,gemini,27
gemini_068,pen-paper-story,"Her pen hovered over the blank paper for an eternity. Suddenly, the words flowed like a broken dam. Every character in the story began to breathe and speak on their own. By morning, the ink had captured a world that no longer belonged to her.",Story,gemini,45
gemini_068,BUCKET,Using it as an acoustic resonance chamber for a street musician's improvised kick drum.,AUT,gemini,14
gemini_068,You look outside one night and see stars disappearing one by one from the sky. What hypotheses do you have about why that is?,"The Earth is passing through a localized, dense cloud of light-absorbing interstellar dust that is progressively obscuring our view of distant stellar objects.",SCTT-Hypothesis,gemini,23
gemini_068,You are introduced to a robot that can learn and think like humans. What scientific questions could you ask about this?,"Does the robot’s neural architecture demonstrate an emergent ""critical period"" for language or social development similar to biological neuroplasticity in humans?",SCTT-ResearchQuestion,gemini,21
gemini_068,KNIFE,Using the flat side of a polished stainless steel blade as an emergency signaling mirror for rescue.,AUT,gemini,17
gemini_068,Develop as many design ideas as you can to reduce traffic congestion in mega cities.,"Implementing a dynamic, AI-controlled ""swarm"" bus system that replaces fixed routes with real-time, on-demand point-to-point transit.",Design,gemini,16
gemini_068,BRICK,"Using a heated brick wrapped in wool as a long-lasting, portable bed warmer for cold nights.",AUT,gemini,16
gemini_068,Develop as many design ideas as you can to assist people with memory impairments remember important tasks.,"Holographic ""pathway"" projectors that display visual reminders and task instructions directly onto the household surfaces where the actions must be performed.",Design,gemini,21
gemini_068,You notice that the water in one lake is warmer than the water in another lake even though they both get the same amount of sunlight. What hypotheses do you have about why that is?,"The warmer lake likely sits atop a thin section of the Earth's crust with significant geothermal activity or possesses a much darker, heat-absorbent sediment floor.",SCTT-Hypothesis,gemini,25
gemini_069,You are introduced to a robot that can learn and think like humans. What scientific questions could you ask about this?,"Does the robot’s subjective experience of time vary based on its current processing load, similar to the human psychological phenomenon of ""flow""?",SCTT-ResearchQuestion,gemini,22
gemini_069,Develop as many design ideas as you can to increase the use of renewable energy sources.,Integrate transparent solar-collecting films onto all urban skyscraper windows to turn glass facades into vertical power plants.,Design,gemini,17
gemini_069,bridge-river-cross,"The ancient stone bridge spanned the widening gap.
The river below churned with icy, white foam.
We knew we had to cross despite the danger.
With trembling hands, we reached the far bank.",Story,gemini,33
gemini_069,PENCIL,Use the graphite core as a makeshift emergency electrical conductor to bypass a blown fuse in a low-voltage circuit.,AUT,gemini,19
gemini_069,Develop as many design ideas as you can to help people with mobility impairments navigate stairs.,Install a ceiling-mounted rail system with a powered harness that provides neutral-buoyancy weight support for users climbing stairs manually.,Design,gemini,19
gemini_069,KNIFE,Use the polished flat of the blade as a mirror to inspect the underside of a vehicle for mechanical leaks.,AUT,gemini,20
gemini_069,You look outside one night and see stars disappearing one by one from the sky. What hypotheses do you have about why that is?,"The Earth is passing through the edge of a dense, localized ""Bok globule"" that is absorbing all incoming starlight from our perspective.",SCTT-Hypothesis,gemini,22
gemini_069,key-door-lock,"She found the rusted key buried in the garden.
The heavy oak door stood tall and forbidding.
Slowly, she inserted the metal into the lock.
With a heavy groan, the secret entrance opened.",Story,gemini,33
gemini_069,BRICK,Use a heated brick wrapped in wool as a primitive but effective bed warmer for cold nights.,AUT,gemini,17
gemini_069,BUCKET,Invert the bucket and cut a hole to create a localized acoustic amplifier for a smartphone speaker.,AUT,gemini,17
gemini_069,You notice that the water in one lake is warmer than the water in another lake even though they both get the same amount of sunlight. What hypotheses do you have about why that is?,The warmer lake likely possesses a lower surface albedo due to a higher population of thermophilic cyanobacteria that trap heat more effectively.,SCTT-Hypothesis,gemini,22
gemini_069,pen-paper-story,"He held the fountain pen above the parchment.
The paper remained crisp, white, and intimidating.
Then, the first words of the story emerged.
Ink bled into a tale of lost kingdoms.",Story,gemini,31
gemini_069,mirror-face-reflection,"I stood before the antique mirror.
My tired face was etched with shadows.
Suddenly, the reflection began to smile independently.
I realized then that I wasn't alone.",Story,gemini,27
gemini_069,You travel on a spaceship to a new planet outside of our galaxy. What scientific questions could you ask about this planet?,Does the isotopic ratio of hydrogen on this planet suggest a different timeline of cosmic nucleosynthesis than that which occurred in our home galaxy?,SCTT-ResearchQuestion,gemini,24
gemini_069,Develop as many design ideas as you can to reduce traffic congestion in mega cities.,"Implement an AI-driven, underground automated freight pallet system to remove all delivery trucks from surface-level streets.",Design,gemini,16
gemini_069,Develop as many design ideas as you can to assist people with memory impairments remember important tasks.,"Develop ""smart"" scent-diffusers that release specific aromas associated with particular daily tasks to trigger associative memory recall.",Design,gemini,17
gemini_070,You travel on a spaceship to a new planet outside of our galaxy. What scientific questions could you ask about this planet?,How does the lower metallicity environment of a dwarf satellite galaxy affect the ratio of radioactive isotopes within this planet’s core?,SCTT-ResearchQuestion,gemini,21
gemini_070,BRICK,"Heat a brick in a low oven and wrap it in a wool blanket to serve as a long-lasting, radiant bed warmer for cold nights.",AUT,gemini,25
gemini_070,PENCIL,Use the fine graphite dust from a sharpened pencil to lubricate a stiff door lock or a sticking metal zipper.,AUT,gemini,20
gemini_070,Develop as many design ideas as you can to help people with mobility impairments navigate stairs.,"Install a modular 'step-to-ramp' conversion system that flattens stairs into a continuous, motorized incline via a localized pressure sensor.",Design,gemini,19
gemini_070,You notice that the water in one lake is warmer than the water in another lake even though they both get the same amount of sunlight. What hypotheses do you have about why that is?,The warmer lake likely contains a higher concentration of dark organic matter or suspended silt that increases its thermal absorption compared to the clearer lake.,SCTT-Hypothesis,gemini,25
gemini_070,KNIFE,Use the flat side of a wide chef's knife to crush whole cloves of garlic or peppercorns against a cutting board.,AUT,gemini,21
gemini_070,bridge-river-cross,"The ancient stone bridge spanned the widest part of the rushing river. Travelers were warned never to cross the structure after the sun dipped below the horizon. I watched the swirling water from the safety of the bank, clutching my map tightly. Tonight, the only way forward was to ignore the legends and take the first step.",Story,gemini,57
gemini_070,key-door-lock,The rusted key felt heavy and cold in her trembling hand. She carefully inserted it into the lock and turned it until a loud click echoed. The massive oak door groaned open to reveal a room forgotten by time. Dust motes danced in the light of her torch as she stepped inside.,Story,gemini,52
gemini_070,mirror-face-reflection,"She stared into the silver mirror and adjusted the collar of her dress. Her reflection seemed to linger for a moment longer than it should have after she turned away. Startled, she looked back and saw a face that was no longer her own. The glass had become a window into a world where she didn't exist.",Story,gemini,57
gemini_070,You are introduced to a robot that can learn and think like humans. What scientific questions could you ask about this?,Does the robot’s cognitive architecture utilize a localized 'Global Workspace' mechanism to simulate the subjective prioritization of sensory data seen in human consciousness?,SCTT-ResearchQuestion,gemini,23
gemini_070,BUCKET,Invert a sturdy bucket and use it as a portable resonance chamber for a street-style percussion kit.,AUT,gemini,17
gemini_070,Develop as many design ideas as you can to increase the use of renewable energy sources.,"Integrate transparent, thin-film photovoltaic cells into the glass of all new high-rise windows to turn urban skylines into massive solar arrays.",Design,gemini,21
gemini_070,pen-paper-story,"He pressed the tip of the pen to the rough paper, waiting for inspiration. A single drop of ink blossomed like a dark flower, starting the story he had feared to tell. Words began to march across the page in rhythmic, frantic rows. By the time the ink dried, the secret was finally out.",Story,gemini,54
gemini_070,You look outside one night and see stars disappearing one by one from the sky. What hypotheses do you have about why that is?,"The Earth’s solar system is currently passing through the edge of a dense, non-luminous interstellar dust cloud that is progressively occulting distant starlight.",SCTT-Hypothesis,gemini,23
gemini_070,Develop as many design ideas as you can to assist people with memory impairments remember important tasks.,Develop a system of 'Smart Tiles' that change color or vibrate when a person's wearable device indicates they have bypassed a scheduled task's location.,Design,gemini,24
gemini_070,Develop as many design ideas as you can to reduce traffic congestion in mega cities.,"Implement a network of autonomous, overhead cable-cars for short-distance commutes to utilize the vertical space above existing traffic lanes.",Design,gemini,19
gemini_071,Develop as many design ideas as you can to increase the use of renewable energy sources.,Integrate transparent solar cells into all urban high-rise windows to transform cities into vertical power plants.,Design,gemini,16
gemini_071,bridge-river-cross,"The ancient bridge groaned under the heavy mist. Below, the river roared, hungry for the stones to crumble. Elara knew she had to cross before the tide rose higher. She took a breath and stepped into the unknown.",Story,gemini,38
gemini_071,pen-paper-story,"He clutched the silver pen until his knuckles turned white. Blank paper stared back, mocking his silence. Suddenly, the first word bled onto the page. A story finally began to breathe in the quiet room.",Story,gemini,35
gemini_071,You look outside one night and see stars disappearing one by one from the sky. What hypotheses do you have about why that is?,"A massive, localized cloud of dark interstellar dust is passing between Earth and the distant stars, obscuring their light.",SCTT-Hypothesis,gemini,19
gemini_071,mirror-face-reflection,"She wiped the steam from the cold mirror. A strange face blinked back at her. The reflection didn't mimic her terrified scream. Instead, it smiled and slowly walked away.",Story,gemini,29
gemini_071,Develop as many design ideas as you can to help people with mobility impairments navigate stairs.,Install tread-integrated hydraulic lifts that transform individual steps into a continuous flat platform elevator on demand.,Design,gemini,16
gemini_071,You are introduced to a robot that can learn and think like humans. What scientific questions could you ask about this?,How does the robot's synthetic neural architecture simulate the metabolic constraints and pruning processes inherent in biological synaptic plasticity?,SCTT-ResearchQuestion,gemini,19
gemini_071,key-door-lock,"The rusty key snapped inside the heavy lock. He pushed against the door, but it remained unmoved. Shadows lengthened in the hallway behind him. Something whispered through the wood.",Story,gemini,29
gemini_071,You travel on a spaceship to a new planet outside of our galaxy. What scientific questions could you ask about this planet?,Does the planet's magnetosphere show unique isotopic signatures indicating it formed from the intergalactic medium rather than a galactic nebula?,SCTT-ResearchQuestion,gemini,20
gemini_071,BUCKET,Invert the bucket to create an improvised acoustic amplifier for a smartphone speaker.,AUT,gemini,13
gemini_071,You notice that the water in one lake is warmer than the water in another lake even though they both get the same amount of sunlight. What hypotheses do you have about why that is?,The warmer lake may be situated above a localized geothermal vent or have a significantly darker sediment floor that increases thermal absorption.,SCTT-Hypothesis,gemini,22
gemini_071,Develop as many design ideas as you can to reduce traffic congestion in mega cities.,"Implement a dynamic, AI-controlled modular pod system that links and unlinks vehicles mid-transit to optimize lane density.",Design,gemini,17
gemini_071,KNIFE,"Use the flat, polished side of the blade as an emergency signaling mirror for rescue.",AUT,gemini,15
gemini_071,Develop as many design ideas as you can to assist people with memory impairments remember important tasks.,Utilize smart contact lenses that project augmented reality labels and task reminders directly onto the user’s physical environment.,Design,gemini,18
gemini_071,BRICK,Heat the brick in a fire and wrap it in thick cloth to serve as a long-lasting bed warmer.,AUT,gemini,19
gemini_071,PENCIL,Rub the graphite onto a stuck zipper to act as an emergency dry lubricant.,AUT,gemini,14
gemini_072,You are introduced to a robot that can learn and think like humans. What scientific questions could you ask about this?,How does the robot's neural architecture simulate the biological process of synaptic pruning during its initial learning phases?,SCTT-ResearchQuestion,gemini,18
gemini_072,Develop as many design ideas as you can to reduce traffic congestion in mega cities.,Replace traditional traffic signals with a centralized AI system that coordinates individual vehicle speeds to eliminate the need for stopping at intersections.,Design,gemini,22
gemini_072,Develop as many design ideas as you can to assist people with memory impairments remember important tasks.,Wearable haptic devices that use specific vibration patterns to guide users through the physical sequence of complex daily routines.,Design,gemini,19
gemini_072,mirror-face-reflection,She stood before the silvered mirror. A strange face peered back at her. The reflection didn't blink when she did. It simply smiled and stepped away.,Story,gemini,26
gemini_072,BRICK,"Heat the brick in a fire and wrap it in wool to use as a long-lasting, portable foot warmer.",AUT,gemini,19
gemini_072,bridge-river-cross,"The ancient stone bridge groaned under the weight of the travelers. Below, the river roared with a hunger that chilled the bone. They had to cross before the storm broke. Safety awaited on the far bank.",Story,gemini,36
gemini_072,Develop as many design ideas as you can to help people with mobility impairments navigate stairs.,Install a vacuum-powered pneumatic lift tube in the center of the staircase to transport individuals vertically without the need for steps.,Design,gemini,21
gemini_072,PENCIL,Use the graphite core of the pencil as an emergency electrical conductor in a low-voltage circuit.,AUT,gemini,16
gemini_072,BUCKET,Drill drainage holes in the bottom and use it as a vertical strawberry planter for small balconies.,AUT,gemini,17
gemini_072,pen-paper-story,"He gripped the pen with trembling fingers. The blank paper seemed to mock his silence. Slowly, a story began to bleed onto the page. Words danced like ghosts in the ink.",Story,gemini,31
gemini_072,You notice that the water in one lake is warmer than the water in another lake even though they both get the same amount of sunlight. What hypotheses do you have about why that is?,The warmer lake likely contains a higher concentration of suspended organic matter that traps solar heat more efficiently than the clearer lake.,SCTT-Hypothesis,gemini,22
gemini_072,You look outside one night and see stars disappearing one by one from the sky. What hypotheses do you have about why that is?,"A thin, high-altitude layer of ice crystals is moving across the atmosphere, progressively occulting the light from the stars.",SCTT-Hypothesis,gemini,19
gemini_072,Develop as many design ideas as you can to increase the use of renewable energy sources.,Incorporate transparent solar-collecting dyes into the fabric of commercial window blinds and curtains to generate power.,Design,gemini,16
gemini_072,key-door-lock,"The golden key felt heavy and cold in her palm. She reached for the heavy oak door. The lock turned with a satisfying, ancient click. Beyond lay a room filled with nothing but light.",Story,gemini,34
gemini_072,You travel on a spaceship to a new planet outside of our galaxy. What scientific questions could you ask about this planet?,How does the intergalactic radiation environment surrounding this planet affect the stability and chemical composition of its upper atmosphere?,SCTT-ResearchQuestion,gemini,19
gemini_072,KNIFE,Use the blade as a makeshift signaling device by reflecting sunlight toward a distant observer in an emergency.,AUT,gemini,18
gemini_073,Develop as many design ideas as you can to reduce traffic congestion in mega cities.,A subterranean network of automated delivery tunnels to remove all freight and service vehicles from street-level traffic.,Design,gemini,17
gemini_073,BRICK,"Place a heated brick at the bottom of a bed under the covers to serve as a long-lasting, primitive foot warmer.",AUT,gemini,21
gemini_073,Develop as many design ideas as you can to help people with mobility impairments navigate stairs.,"Install low-profile, motorized platform tracks along the baseboards that convert any existing staircase into a standing conveyor.",Design,gemini,17
gemini_073,pen-paper-story,"The silver pen moved with frantic energy across the yellowed sheet. Ink soaked into the paper, forming jagged lines of code. Slowly, a tragic story of a forgotten world began to emerge. He sighed, knowing the truth was finally preserved.",Story,gemini,40
gemini_073,PENCIL,"Use the graphite in a pencil to lubricate a stubborn, sticking zipper.",AUT,gemini,12
gemini_073,key-door-lock,He pulled the rusted key from his pocket with trembling hands. The heavy iron door stood between him and the secrets within. He slid the metal into the lock and turned it firmly. A heavy click echoed through the dark hallway.,Story,gemini,41
gemini_073,Develop as many design ideas as you can to assist people with memory impairments remember important tasks.,Smart glasses that project a subtle glowing trail on the floor to guide the user to their next scheduled task.,Design,gemini,20
gemini_073,You notice that the water in one lake is warmer than the water in another lake even though they both get the same amount of sunlight. What hypotheses do you have about why that is?,One lake may have a darker bottom or higher turbidity that absorbs more thermal energy from the sun than the other.,SCTT-Hypothesis,gemini,21
gemini_073,You are introduced to a robot that can learn and think like humans. What scientific questions could you ask about this?,Can this robot develop a,SCTT-ResearchQuestion,gemini,5
gemini_073,KNIFE,,AUT,gemini,0
gemini_073,You look outside one night and see stars disappearing one by one from the sky. What hypotheses do you have about why that is?,,SCTT-Hypothesis,gemini,0
gemini_073,mirror-face-reflection,,Story,gemini,0
gemini_073,Develop as many design ideas as you can to increase the use of renewable energy sources.,,Design,gemini,0
gemini_073,bridge-river-cross,,Story,gemini,0
gemini_073,BUCKET,,AUT,gemini,0
gemini_073,You travel on a spaceship to a new planet outside of our galaxy. What scientific questions could you ask about this planet?,,SCTT-ResearchQuestion,gemini,0
gemini_074,KNIFE,Use the flat side as a temporary mirror for checking your teeth.,AUT,gemini,12
gemini_074,You travel on a spaceship to a new planet outside of our galaxy. What scientific questions could you ask about this planet?,"What is the isotopic ratio of carbon in the planet's biomass, and how does it compare to the ratio found in our own galaxy?",SCTT-ResearchQuestion,gemini,24
gemini_074,Develop as many design ideas as you can to help people with mobility impairments navigate stairs.,A motorized stair-climbing track system that temporarily attaches to the underside of any manual wheelchair.,Design,gemini,15
gemini_074,Develop as many design ideas as you can to increase the use of renewable energy sources.,Pave highways with solar-glass blocks capable of wirelessly charging electric vehicles as they drive.,Design,gemini,14
gemini_074,mirror-face-reflection,"She stared into the mirror.
Her face appeared distorted by the old glass.
The reflection began to weep silently.
She felt her own cheeks, but they were perfectly dry.",Story,gemini,29
gemini_074,You look outside one night and see stars disappearing one by one from the sky. What hypotheses do you have about why that is?,"A dense, cold molecular cloud is passing between Earth and the distant stars, obscuring their light as it moves.",SCTT-Hypothesis,gemini,19
gemini_074,You notice that the water in one lake is warmer than the water in another lake even though they both get the same amount of sunlight. What hypotheses do you have about why that is?,One lake is fed by deep geothermal springs that transport internal planetary heat to the surface.,SCTT-Hypothesis,gemini,16
gemini_074,PENCIL,Use the graphite to draw a conductive circuit path on paper for simple electronics.,AUT,gemini,14
gemini_074,pen-paper-story,"The pen danced across the paper.
Every word added a new layer to the story.
Ink stained his fingers like a permanent memory.
Finally, the characters took flight from the page.",Story,gemini,31
gemini_074,BRICK,Grind the brick,AUT,gemini,3
gemini_074,Develop as many design ideas as you can to reduce traffic congestion in mega cities.,,Design,gemini,0
gemini_074,Develop as many design ideas as you can to assist people with memory impairments remember important tasks.,,Design,gemini,0
gemini_074,key-door-lock,,Story,gemini,0
gemini_074,You are introduced to a robot that can learn and think like humans. What scientific questions could you ask about this?,,SCTT-ResearchQuestion,gemini,0
gemini_074,bridge-river-cross,,Story,gemini,0
gemini_074,BUCKET,,AUT,gemini,0
gemini_075,Develop as many design ideas as you can to help people with mobility impairments navigate stairs.,"Install a dual-track railing system that allows a detachable, battery-powered seat to ferry users between floors.",Design,gemini,16
gemini_075,You travel on a spaceship to a new planet outside of our galaxy. What scientific questions could you ask about this planet?,Does the planet’s unique orbital path through the extragalactic medium subject its biosphere to higher levels of cosmic ray flux than found in our own galaxy?,SCTT-ResearchQuestion,gemini,26
gemini_075,KNIFE,Use the polished surface of a metal blade to check for breath condensation when assessing a patient's vital signs.,AUT,gemini,19
gemini_075,Develop as many design ideas as you can to reduce traffic congestion in mega cities.,"Implement autonomous, underground vacuum-sealed pods specifically for intra-city parcel deliveries to clear surface roads of delivery trucks.",Design,gemini,17
gemini_075,BUCKET,Invert the bucket and use it as a makeshift acoustic resonance chamber to amplify a smartphone speaker by placing the device inside.,AUT,gemini,22
gemini_075,Develop as many design ideas as you can to assist people with memory impairments remember important tasks.,Smart door handles that play a personalized voice recording or display a checklist when the user touches them to leave the house.,Design,gemini,22
gemini_075,pen-paper-story,"The pen leaked blue ink onto the yellowed paper. It formed the first words of a long-awaited story. Each sentence breathed life into a ghost from the past. Soon, the paper was heavy with the weight of memories.",Story,gemini,38
gemini_075,You notice that the water in one lake is warmer than the water in another lake even though they both get the same amount of sunlight. What hypotheses do you have about why that is?,"The warmer lake likely has a lower albedo at its bottom, causing it to absorb and re-emit more solar thermal energy than the lighter-colored lake.",SCTT-Hypothesis,gemini,25
gemini_075,You are introduced to a robot that can learn and think like humans. What scientific questions could you ask about this?,Can the robot’s cognitive architecture emulate the biological process of synaptic pruning to optimize long-term memory storage like a human brain?,SCTT-ResearchQuestion,gemini,21
gemini_075,key-door-lock,"The rusted key felt heavy in her trembling hand. She inserted it into the ancient lock and heard a satisfying click. The heavy door groaned open, revealing a room filled with light. Finally, the secrets of the mansion were hers to discover.",Story,gemini,42
gemini_075,bridge-river-cross,"A narrow bridge connected the two cliffs over the wild river. Only the bravest souls dared to cross during the spring floods. The wood creaked underfoot, swaying with every step. Once across, they looked back at the torrent with relief.",Story,gemini,40
gemini_075,Develop as many design ideas as you can to increase the use of renewable energy sources.,Integrate piezoelectric crystals into the foundations of skyscrapers to convert the mechanical stress of wind sway into usable electricity.,Design,gemini,19
gemini_075,mirror-face-reflection,"She peered into the silvered mirror, searching for a trace of her youth. Her face appeared unfamiliar, marked by the passage of many winters. The reflection mimicked her sigh as she turned away. In that moment, the glass seemed to hold all her lost years.",Story,gemini,45
gemini_075,PENCIL,Use the graphite lead as an emergency electrical bridge to complete a low-voltage circuit or bypass a blown fuse.,AUT,gemini,19
gemini_075,You look outside one night and see stars disappearing one by one from the sky. What hypotheses do you have about why that is?,"A dense, fast-moving filament of interstellar dust is passing between Earth and the distant stars, sequentially obscuring their light.",SCTT-Hypothesis,gemini,19
gemini_075,BRICK,"Hollow out a brick to create a secret, fireproof stash box for small valuables within a garden wall.",AUT,gemini,18
gemini_076,Develop as many design ideas as you can to increase the use of renewable energy sources.,Integrate solar-harvesting transparent glass into every skyscraper window to transform cities into vertical power plants.,Design,gemini,15
gemini_076,mirror-face-reflection,"He leaned toward the cold silvered glass. The mirror held a distorted face he barely recognized. His reflection began to blink while he kept his eyes wide. He realized the glass was no longer a surface, but a gateway.",Story,gemini,39
gemini_076,PENCIL,Use the pencil as a makeshift splint for a broken finger.,AUT,gemini,11
gemini_076,You are introduced to a robot that can learn and think like humans. What scientific questions could you ask about this?,Does the robot’s architecture allow for the development of subjective qualia as it processes increasingly complex sensory information?,SCTT-ResearchQuestion,gemini,18
gemini_076,Develop as many design ideas as you can to reduce traffic congestion in mega cities.,Implement a network of autonomous pods that magnetically dock into high-speed underground transit tubes to bypass street traffic.,Design,gemini,18
gemini_076,KNIFE,Use the flat blade as an emergency signal mirror to catch and reflect sunlight for rescuers.,AUT,gemini,16
gemini_076,Develop as many design ideas as you can to help people with mobility impairments navigate stairs.,Install stair treads that flatten into a synchronized ramp upon sensing the weight of a mobility device.,Design,gemini,17
gemini_076,You look outside one night and see stars disappearing one by one from the sky. What hypotheses do you have about why that is?,"A dense, localized cloud of light-absorbing interstellar dust is currently passing through our solar neighborhood, obscuring the distant stars.",SCTT-Hypothesis,gemini,19
gemini_076,Develop as many design ideas as you can to assist people with memory impairments remember important tasks.,Use augmented reality glasses to project glowing reminders and instructional labels directly onto physical objects in the home.,Design,gemini,18
gemini_076,You travel on a spaceship to a new planet outside of our galaxy. What scientific questions could you ask about this planet?,What is the isotopic signature of the planet’s atmosphere compared to terrestrial worlds found within the chemical evolution of our own galaxy?,SCTT-ResearchQuestion,gemini,22
gemini_076,pen-paper-story,"The pen danced across the textured paper. Every sentence added weight to the unfolding story. He watched the ink dry into permanent memories. Finally, the page was full and the tale complete.",Story,gemini,32
gemini_076,key-door-lock,"She found the heavy iron key buried in the garden. It fit perfectly into the ancient door’s keyhole. With a sharp turn, the lock surrendered its secrets. She stepped into the darkness with a racing heart.",Story,gemini,36
gemini_076,bridge-river-cross,"The wooden bridge creaked as they stepped onto the planks. Below them, the river roared with seasonal runoff. To cross was to leave their past behind forever. They reached the far bank and didn't look back.",Story,gemini,36
gemini_076,BUCKET,Invert the bucket to use as an emergency resonator that amplifies a smartphone's speaker.,AUT,gemini,14
gemini_076,You notice that the water in one lake is warmer than the water in another lake even though they both get the same amount of sunlight. What hypotheses do you have about why that is?,The warmer lake is likely positioned over a localized geothermal anomaly that transfers heat through the lakebed.,SCTT-Hypothesis,gemini,17
gemini_076,BRICK,"Hollow out the center of the brick to create a discreet, fireproof hideaway for small valuables.",AUT,gemini,16
gemini_077,You look outside one night and see stars disappearing one by one from the sky. What hypotheses do you have about why that is?,"An localized, expanding cloud of dense interstellar dust is passing through our solar neighborhood, progressively obscuring the light of distant stars from our perspective.",SCTT-Hypothesis,gemini,24
gemini_077,mirror-face-reflection,"He stared into the antique mirror, waiting for a change. His own face seemed to ripple like water under a heavy breeze. The reflection didn't smile when he did, choosing instead to blink. Suddenly, he realized the glass was actually a window into another life.",Story,gemini,45
gemini_077,PENCIL,Use the graphite core as an emergency conductive bridge to complete a broken low-voltage electrical circuit.,AUT,gemini,16
gemini_077,key-door-lock,"The silver key felt cold against her palm as she approached the heavy oak door. She hesitated, knowing the lock hadn't been turned in a century. With a sharp click, the mechanism finally yielded to her pressure. The door swung open to reveal a room filled with light.",Story,gemini,48
gemini_077,You travel on a spaceship to a new planet outside of our galaxy. What scientific questions could you ask about this planet?,Does the planet's atmospheric composition show biosignatures that suggest a metabolic process fundamentally different from carbon-based life in our own galaxy?,SCTT-ResearchQuestion,gemini,21
gemini_077,Develop as many design ideas as you can to assist people with memory impairments remember important tasks.,Smart glasses that use object recognition to project glowing augmented-reality outlines around items associated with upcoming scheduled tasks.,Design,gemini,18
gemini_077,BRICK,Heat the brick in an oven and wrap it in a towel to serve as a long-lasting bed warmer.,AUT,gemini,19
gemini_077,pen-paper-story,"She gripped the pen until her knuckles turned white. The blank paper stared back, demanding a beginning for her story. Words finally began to flow like ink-stained rivers across the page. By dawn, a thousand worlds had been born from that single tip.",Story,gemini,43
gemini_077,You notice that the water in one lake is warmer than the water in another lake even though they both get the same amount of sunlight. What hypotheses do you have about why that is?,The warmer lake likely sits above a localized geothermal vent that transfers heat from the Earth's crust directly into the water column.,SCTT-Hypothesis,gemini,22
gemini_077,Develop as many design ideas as you can to increase the use of renewable energy sources.,Apply transparent solar-cell coatings to the exterior glass of all urban skyscrapers to turn city skylines into massive power generators.,Design,gemini,20
gemini_077,Develop as many design ideas as you can to reduce traffic congestion in mega cities.,"Deploy a network of modular, autonomous pods that travel on elevated magnetic rails above existing roadways to bypass ground-level congestion.",Design,gemini,20
gemini_077,BUCKET,"Invert the bucket to use as a portable, height-adjustable stool that also stores your tools inside.",AUT,gemini,16
gemini_077,Develop as many design ideas as you can to help people with mobility impairments navigate stairs.,"Develop a lightweight, motorized tread attachment for manual wheelchairs that allows them to safely climb standard residential stairs.",Design,gemini,18
gemini_077,bridge-river-cross,"The narrow bridge groaned under the weight of the travelers. Below, the river roared with the fury of the spring snowmelt. They had to cross before the structural timbers gave way to the current. One final step brought them safely to the mossy bank.",Story,gemini,44
gemini_077,You are introduced to a robot that can learn and think like humans. What scientific questions could you ask about this?,To what extent does the robot’s neural architecture replicate the human brain's ability to experience subjective qualia during the learning process?,SCTT-ResearchQuestion,gemini,21
gemini_077,KNIFE,Use the flat side of a wide blade as a makeshift palette for mixing oil paints or epoxy resins.,AUT,gemini,19
gemini_078,You look outside one night and see stars disappearing one by one from the sky. What hypotheses do you have about why that is?,"A massive, diffuse cloud of dark interstellar matter is currently transiting our solar system, progressively blocking the light from distant constellations.",SCTT-Hypothesis,gemini,21
gemini_078,Develop as many design ideas as you can to increase the use of renewable energy sources.,"Deploying bio-engineered, bioluminescent trees along highways to replace electric streetlights while simultaneously capturing carbon.",Design,gemini,14
gemini_078,You are introduced to a robot that can learn and think like humans. What scientific questions could you ask about this?,Does the robot's learning algorithm incorporate a mechanism for synaptic pruning to replicate the cognitive efficiency of the human brain?,SCTT-ResearchQuestion,gemini,20
gemini_078,Develop as many design ideas as you can to help people with mobility impairments navigate stairs.,"Installing modular, weight-activated stair treads that flatten into a continuous, motorized ramp upon detecting a wheelchair.",Design,gemini,16
gemini_078,pen-paper-story,The silver pen moved quickly across the paper. Characters breathed life into a new story. Each sentence built a world of its own. He smiled at the finished work.,Story,gemini,29
gemini_078,mirror-face-reflection,She glanced at the dusty mirror. A different face mimicked her every move. The reflection seemed more real than she felt. Silence filled the cold room.,Story,gemini,26
gemini_078,You travel on a spaceship to a new planet outside of our galaxy. What scientific questions could you ask about this planet?,"Does the planet's magnetosphere show evidence of interaction with the intergalactic medium, and how does this affect its atmospheric retention?",SCTT-ResearchQuestion,gemini,20
gemini_078,KNIFE,Use the spine of a stainless steel knife to neutralize strong odors like garlic or onion from your hands under running water.,AUT,gemini,22
gemini_078,BUCKET,Use a brightly colored bucket as an emergency signal buoy by trapping air inside and floating it on the water's surface.,AUT,gemini,21
gemini_078,BRICK,"Grind a red brick into a fine powder to create a natural, weather-resistant pigment for traditional masonry paint.",AUT,gemini,18
gemini_078,Develop as many design ideas as you can to reduce traffic congestion in mega cities.,"Utilize dynamic, AI-optimized ""floating"" speed limits that adjust every few seconds to prevent the shockwave effect of phantom traffic jams.",Design,gemini,20
gemini_078,key-door-lock,"The heavy key felt cold in her hand. She pressed it into the rusted door. The lock turned with a sudden, sharp snap. At last, the room was hers.",Story,gemini,29
gemini_078,bridge-river-cross,A rope bridge swayed above the river. The rushing water drowned out all other sounds. They began to cross with trembling hearts. The far bank was finally within reach.,Story,gemini,29
gemini_078,You notice that the water in one lake is warmer than the water in another lake even though they both get the same amount of sunlight. What hypotheses do you have about why that is?,"One lake may possess a significantly lower albedo due to high concentrations of dark organic matter, causing it to absorb more thermal energy.",SCTT-Hypothesis,gemini,23
gemini_078,Develop as many design ideas as you can to assist people with memory impairments remember important tasks.,Context-aware wearable devices that use spatial audio cues to whisper task reminders only when the user is near the relevant location.,Design,gemini,21
gemini_078,PENCIL,"Rub the graphite tip onto a squeaky door hinge to act as a dry, non-messy lubricant.",AUT,gemini,16
gemini_079,You notice that the water in one lake is warmer than the water in another lake even though they both get the same amount of sunlight. What hypotheses do you have about why that is?,"The warmer lake may be shallower and have a dark, basaltic floor that absorbs and re-radiates solar heat more efficiently than a deeper, sandy-bottomed lake.",SCTT-Hypothesis,gemini,25
gemini_079,Develop as many design ideas as you can to reduce traffic congestion in mega cities.,"Deploying a decentralized network of autonomous, overhead magnetic-levitation pods that utilize building-integrated guide-rails to bypass street-level congestion.",Design,gemini,17
gemini_079,PENCIL,Use the graphite in a pencil to create a makeshift electrical resistor for a simple prototype circuit.,AUT,gemini,17
gemini_079,mirror-face-reflection,"She looked into the mirror and saw a different face. The reflection smiled, though her own lips remained pressed thin. It reached out and touched the glass from the inside. She stepped back, but her image stayed put.",Story,gemini,38
gemini_079,Develop as many design ideas as you can to help people with mobility impairments navigate stairs.,"A set of retrofittable, stair-climbing 'crawler' treads that attach to any standard wheelchair.",Design,gemini,13
gemini_079,You travel on a spaceship to a new planet outside of our galaxy. What scientific questions could you ask about this planet?,Does the local gravity of the host galaxy affect the planet’s atmospheric escape velocity differently than what we observe in our own galaxy?,SCTT-ResearchQuestion,gemini,23
gemini_079,pen-paper-story,The pen moved with a mind of its own. Words spilled onto the paper like a rushing tide. A story of old kings and lost gold began to take shape. Every sentence felt like a step into another world.,Story,gemini,39
gemini_079,BRICK,"A brick can be hollowed out to create a secret, fireproof hiding spot for valuables inside a chimney or wall.",AUT,gemini,20
gemini_079,You look outside one night and see stars disappearing one by one from the sky. What hypotheses do you have about why that is?,An exceptionally large and fast-moving 'Bok globule'—a dense cloud of cosmic dust—is passing between Earth and the distant star field.,SCTT-Hypothesis,gemini,20
gemini_079,You are introduced to a robot that can learn and think like humans. What scientific questions could you ask about this?,Can the robot’s cognitive processes be mapped to reveal a synthetic equivalent of the 'default mode network' found in the human brain?,SCTT-ResearchQuestion,gemini,22
gemini_079,bridge-river-cross,"The stone bridge arched over the roaring river. He knew he had to cross before the flood began. With every step, the structure groaned and swayed. He reached the other side just as the path vanished.",Story,gemini,36
gemini_079,Develop as many design ideas as you can to increase the use of renewable energy sources.,Mandating the installation of transparent solar harvesting layers into all newly manufactured window glass for residential and commercial skyscrapers.,Design,gemini,19
gemini_079,KNIFE,Use the polished blade of a large knife as an emergency signaling mirror to catch and direct sunlight over long distances.,AUT,gemini,21
gemini_079,BUCKET,"A bucket can be used as a simple, gravity-fed washing machine for clothes by using a plunger to agitate water inside it.",AUT,gemini,22
gemini_079,key-door-lock,The heavy brass key felt cold in his hand. He pushed it into the lock and heard a satisfying click. The door swung open to reveal a room full of stars. He stepped inside and left the world behind.,Story,gemini,39
gemini_079,Develop as many design ideas as you can to assist people with memory impairments remember important tasks.,A wearable projector that displays the next step of a task directly onto a person's hands or the objects they are using.,Design,gemini,22
gemini_080,Develop as many design ideas as you can to assist people with memory impairments remember important tasks.,Smart glasses that project augmented reality reminders directly onto physical objects.,Design,gemini,11
gemini_080,Develop as many design ideas as you can to increase the use of renewable energy sources.,Paving highways with piezoelectric materials that generate electricity from the kinetic energy of passing vehicles.,Design,gemini,15
gemini_080,bridge-river-cross,The bridge hung precariously over the roaring river. We knew we had to cross before the storm arrived. I took the first step onto the swaying wood. We reached the far bank just as the ropes snapped.,Story,gemini,37
gemini_080,You travel on a spaceship to a new planet outside of our galaxy. What scientific questions could you ask about this planet?,How does the chemical composition of the planet’s atmosphere differ from terrestrial models due to its formation in a different galactic environment?,SCTT-ResearchQuestion,gemini,22
gemini_080,Develop as many design ideas as you can to reduce traffic congestion in mega cities.,Modular subterranean freight tunnels to move all commercial deliveries underground.,Design,gemini,10
gemini_080,KNIFE,Use a knife as a makeshift sundial by sticking it vertically into the ground and tracking its shadow.,AUT,gemini,18
gemini_080,PENCIL,"Use a pencil's graphite to draw a conductive path for a simple, hand-drawn electronic circuit on paper.",AUT,gemini,17
gemini_080,BUCKET,Use a bucket as a large-scale acoustic amplifier for a smartphone by placing the device inside the hollow chamber.,AUT,gemini,19
gemini_080,You look outside one night and see stars disappearing one by one from the sky. What hypotheses do you have about why that is?,"A massive, dark nebula is moving across our line of sight, gradually obscuring the stars behind it.",SCTT-Hypothesis,gemini,17
gemini_080,Develop as many design ideas as you can to help people with mobility impairments navigate stairs.,Retractable caterpillar tracks integrated into walkers to enable smooth stair climbing.,Design,gemini,11
gemini_080,You are introduced to a robot that can learn and think like humans. What scientific questions could you ask about this?,,SCTT-ResearchQuestion,gemini,0
gemini_080,pen-paper-story,,Story,gemini,0
gemini_080,You notice that the water in one lake is warmer than the water in another lake even though they both get the same amount of sunlight. What hypotheses do you have about why that is?,,SCTT-Hypothesis,gemini,0
gemini_080,BRICK,,AUT,gemini,0
gemini_080,key-door-lock,,Story,gemini,0
gemini_080,mirror-face-reflection,,Story,gemini,0
gemini_081,BRICK,Wrap it in a cloth and use it as a pre-heated bed warmer on cold nights.,AUT,gemini,16
gemini_081,BUCKET,Use it as a primitive solar cooker by lining the inside with reflective foil.,AUT,gemini,14
gemini_081,You notice that the water in one lake is warmer than the water in another lake even though they both get the same amount of sunlight. What hypotheses do you have about why that is?,"The warmer lake likely has a much shallower depth, resulting in a lower thermal mass that heats up more quickly.",SCTT-Hypothesis,gemini,20
gemini_081,You travel on a spaceship to a new planet outside of our galaxy. What scientific questions could you ask about this planet?,Does the planet's atmospheric chemistry indicate a carbon cycle similar to Earth's despite its different galactic origin?,SCTT-ResearchQuestion,gemini,17
gemini_081,key-door-lock,"The golden key felt heavy.
I pushed it into the door.
The lock turned with a snap.
I finally stepped into the light.",Story,gemini,23
gemini_081,You look outside one night and see stars disappearing one by one from the sky. What hypotheses do you have about why that is?,"A dense, non-reflective interstellar gas cloud is drifting across our line of sight from Earth.",SCTT-Hypothesis,gemini,15
gemini_081,bridge-river-cross,"The bridge felt narrow and old.
Below us, the river flowed fast.
We had to cross to survive.
My feet moved with caution.",Story,gemini,23
gemini_081,Develop as many design ideas as you can to help people with mobility impairments navigate stairs.,"Install ""stair-climbing"" tread systems integrated directly into the steps themselves.",Design,gemini,10
gemini_081,KNIFE,Use the flat side of the blade to crush garlic or ginger into a paste.,AUT,gemini,15
gemini_081,PENCIL,Use the graphite as a dry lubricant to fix a sticking metal zipper.,AUT,gemini,13
gemini_081,Develop as many design ideas as you can to reduce traffic congestion in mega cities.,Implement a system of vertical takeoff and landing commuter pods.,Design,gemini,10
gemini_081,pen-paper-story,"She grabbed the silver pen.
The paper was smooth and white.
A story began to emerge.
The ink dried slowly.",Story,gemini,20
gemini_081,Develop as many design ideas as you can to assist people with memory impairments remember important tasks.,Smart jewelry that provides haptic reminders when a user deviates from their scheduled routine.,Design,gemini,14
gemini_081,mirror-face-reflection,"He gazed into the mirror.
His face was etched with time.
The reflection looked back with sorrow.
He finally recognized himself.",Story,gemini,21
gemini_081,You are introduced to a robot that can learn and think like humans. What scientific questions could you ask about this?,How does the robot's hardware simulate the biochemical influence of hormones on human decision-making processes?,SCTT-ResearchQuestion,gemini,15
gemini_081,Develop as many design ideas as you can to increase the use of renewable energy sources.,Install vertical-axis wind turbines on the rooftops of all metropolitan skyscrapers.,Design,gemini,11
gemini_082,You look outside one night and see stars disappearing one by one from the sky. What hypotheses do you have about why that is?,"An approaching, ultra-diffuse dark nebula or a massive cloud of interstellar dust is progressively occluding the starlight from Earth’s perspective.",SCTT-Hypothesis,gemini,20
gemini_082,mirror-face-reflection,"Elara stared into the silvered glass. 
The mirror didn't show her own face today. 
Instead, a stranger's reflection blinked back in surprise. 
She touched the cold surface with trembling fingers.",Story,gemini,30
gemini_082,Develop as many design ideas as you can to reduce traffic congestion in mega cities.,Implement dynamic modular roadways that automatically shift lane directions based on real-time traffic flow sensors.,Design,gemini,15
gemini_082,bridge-river-cross,"The stone bridge groaned under the weight of the wind. 
Below, the river swallowed the light of the moon. 
I had to cross before the dawn arrived. 
My heartbeat drummed against my ribs.",Story,gemini,33
gemini_082,KNIFE,Use the flat side of a chef's knife as a makeshift palette for mixing oil paints.,AUT,gemini,16
gemini_082,You notice that the water in one lake is warmer than the water in another lake even though they both get the same amount of sunlight. What hypotheses do you have about why that is?,The warmer lake likely sits atop a localized geothermal vent that heats the water from the basin upward.,SCTT-Hypothesis,gemini,18
gemini_082,Develop as many design ideas as you can to assist people with memory impairments remember important tasks.,Haptic-feedback bracelets that vibrate with distinct patterns tied to specific scheduled tasks throughout the day.,Design,gemini,15
gemini_082,Develop as many design ideas as you can to help people with mobility impairments navigate stairs.,Retrofittable caterpillar-track modules for standard wheelchairs that allow them to climb stairs independently.,Design,gemini,13
gemini_082,pen-paper-story,"He gripped the silver pen until his knuckles turned white. 
The blank paper seemed to mock his silence. 
Suddenly, the first word of the story flowed like ink into water. 
He didn't stop writing until the sun came up.",Story,gemini,39
gemini_082,Develop as many design ideas as you can to increase the use of renewable energy sources.,Integrate transparent solar cells into all high-rise window glass to turn entire city skylines into power generators.,Design,gemini,17
gemini_082,You are introduced to a robot that can learn and think like humans. What scientific questions could you ask about this?,Does the robot's cognitive architecture allow for the emergence of subjective qualia or the equivalent of a subconscious mind?,SCTT-ResearchQuestion,gemini,19
gemini_082,BUCKET,Flip it over to use as an impromptu percussion drum for street performing.,AUT,gemini,13
gemini_082,key-door-lock,"The heavy iron key turned with a satisfying click. 
He pushed the heavy door open into the dusty room. 
He had finally found the lock that guarded his family's secrets. 
Sunlight spilled across the forgotten floorboards.",Story,gemini,36
gemini_082,You travel on a spaceship to a new planet outside of our galaxy. What scientific questions could you ask about this planet?,Does the planet's magnetosphere show evidence of unique interactions with the intergalactic medium found outside a galactic disk?,SCTT-ResearchQuestion,gemini,18
gemini_082,PENCIL,Use the graphite to lubricate a sticky door hinge or zipper by rubbing it along the tracks.,AUT,gemini,17
gemini_082,BRICK,"Hollow out the center of a brick to create a weighted, rustic bookend for a library.",AUT,gemini,16
gemini_083,You notice that the water in one lake is warmer than the water in another lake even though they both get the same amount of sunlight. What hypotheses do you have about why that is?,"The warmer lake likely has a higher concentration of dark suspended sediments that lower its albedo, causing it to absorb more thermal energy from the sun.",SCTT-Hypothesis,gemini,26
gemini_083,pen-paper-story,"He tapped the pen against the paper. A story began to emerge from the ink. The characters felt more real than his own life. Finally, the tale was complete.",Story,gemini,29
gemini_083,KNIFE,Use a heavy knife handle as a makeshift pestle for crushing spices in a bowl.,AUT,gemini,15
gemini_083,bridge-river-cross,The bridge looked fragile over the river. We had to cross before sunset. The wood creaked under our weight. We finally reached the safety of the far bank.,Story,gemini,28
gemini_083,Develop as many design ideas as you can to increase the use of renewable energy sources.,Cover the surface of all major highways with durable solar-roadway panels to generate power while utilizing existing infrastructure.,Design,gemini,18
gemini_083,mirror-face-reflection,She cleaned the mirror with a silk cloth. Her face appeared clear and bright in the glass. The reflection mimicked every blink and smile. She felt a strange sense of comfort.,Story,gemini,31
gemini_083,key-door-lock,He inserted the key into the old lock. The door swung open with a loud creak. Light flooded into the dusty room. He finally found what he was looking for.,Story,gemini,30
gemini_083,Develop as many design ideas as you can to reduce traffic congestion in mega cities.,"Replace traditional intersections with multi-layered, non-stop interchanges that use AI to time vehicle entry and exit perfectly.",Design,gemini,17
gemini_083,You look outside one night and see stars disappearing one by one from the sky. What hypotheses do you have about why that is?,"A localized cloud of dense, dark nebular gas is drifting into our line of sight, blocking the light from the stars one by one.",SCTT-Hypothesis,gemini,24
gemini_083,You are introduced to a robot that can learn and think like humans. What scientific questions could you ask about this?,To what extent does the robot's architecture simulate the biological rewards system used by humans to facilitate associative learning?,SCTT-ResearchQuestion,gemini,19
gemini_083,Develop as many design ideas as you can to help people with mobility impairments navigate stairs.,"Install a motorized, height-adjustable handrail system that provides physical lift and support to individuals as they ascend stairs.",Design,gemini,18
gemini_083,You travel on a spaceship to a new planet outside of our galaxy. What scientific questions could you ask about this planet?,How do the isotopic ratios of the planet's crust compare to those found in our own solar system's rocky planets?,SCTT-ResearchQuestion,gemini,20
gemini_083,Develop as many design ideas as you can to assist people with memory impairments remember important tasks.,"Develop a smart-home system that uses directional audio to ""whisper"" task reminders only when the person enters the relevant room.",Design,gemini,20
gemini_083,PENCIL,Use a pencil as a temporary splint for a broken finger in a first-aid emergency.,AUT,gemini,15
gemini_083,BUCKET,"Use a bucket as an emergency ""helmet"" or ""shell"" to protect a small, fragile plant from a sudden hailstorm.",AUT,gemini,19
gemini_083,BRICK,"Use a heated brick wrapped in cloth as a localized ""dry sauna"" stone to treat muscle aches.",AUT,gemini,17
gemini_084,You travel on a spaceship to a new planet outside of our galaxy. What scientific questions could you ask about this planet?,Does the isotopic composition of the planet's mantle suggest a formation process consistent with the heavy element distribution observed in its host extragalactic nebula?,SCTT-ResearchQuestion,gemini,24
gemini_084,key-door-lock,"The rusty key felt heavy in her hand.
She approached the heavy oak door with trepidation.
With a click, the lock finally yielded.
She pushed inside and held her breath.",Story,gemini,30
gemini_084,You look outside one night and see stars disappearing one by one from the sky. What hypotheses do you have about why that is?,"An invisible, dense cloud of interstellar dust is drifting across our line of sight, progressively obscuring more distant stellar light.",SCTT-Hypothesis,gemini,20
gemini_084,You notice that the water in one lake is warmer than the water in another lake even though they both get the same amount of sunlight. What hypotheses do you have about why that is?,"The warmer lake may be shallower and have a darker, more absorbent silt bed compared to the deeper, lighter-colored sandy bottom of the cooler lake.",SCTT-Hypothesis,gemini,25
gemini_084,Develop as many design ideas as you can to increase the use of renewable energy sources.,Integrate transparent solar harvesting thin-films into all newly manufactured residential and commercial window glass.,Design,gemini,14
gemini_084,KNIFE,Use the flat side of a polished blade as an emergency signal mirror to catch the sun.,AUT,gemini,17
gemini_084,pen-paper-story,"He picked up the silver pen.
The blank paper stared back at him.
Slowly, he began to weave a story.
Every word brought the characters to life.",Story,gemini,27
gemini_084,PENCIL,Use the graphite core as an emergency lubricant for a sticking zipper.,AUT,gemini,12
gemini_084,You are introduced to a robot that can learn and think like humans. What scientific questions could you ask about this?,To what extent does the robot's neural architecture experience background data consolidation similar to human REM cycles to prevent catastrophic forgetting?,SCTT-ResearchQuestion,gemini,21
gemini_084,mirror-face-reflection,"She looked into the dusty mirror.
A strange face stared back.
The reflection didn't mimic her smile.
She realized she wasn't alone in the room.",Story,gemini,25
gemini_084,BRICK,Wrap a heated brick in a towel to use as a rustic bed-warming stone on cold nights.,AUT,gemini,17
gemini_084,Develop as many design ideas as you can to assist people with memory impairments remember important tasks.,Wear smart glasses that use augmented reality to overlay name tags and instructional prompts onto real-world objects in real-time.,Design,gemini,19
gemini_084,bridge-river-cross,"The stone bridge spanned the rushing river.
He knew he had to cross.
The water roared beneath his feet.
On the other side, freedom waited.",Story,gemini,25
gemini_084,Develop as many design ideas as you can to reduce traffic congestion in mega cities.,"Implement a dynamic, AI-controlled swarm of modular autonomous pods that link together to form temporary high-speed transit veins.",Design,gemini,18
gemini_084,BUCKET,Invert a large bucket and strike it with mallets to serve as a resonant bass drum in a street band.,AUT,gemini,20
gemini_084,Develop as many design ideas as you can to help people with mobility impairments navigate stairs.,"Install low-profile, retractable caterpillar-track systems along the edges of existing staircases to ferry standard wheelchairs upward.",Design,gemini,16
gemini_085,Develop as many design ideas as you can to reduce traffic congestion in mega cities.,"Implement a network of autonomous, overhead magnetic-levitation pods that utilize the exterior of existing skyscrapers as transit tracks.",Design,gemini,18
gemini_085,You look outside one night and see stars disappearing one by one from the sky. What hypotheses do you have about why that is?,"A dense, localized cloud of interstellar dust is drifting between Earth and the distant star field, obscuring the light from our perspective.",SCTT-Hypothesis,gemini,22
gemini_085,You are introduced to a robot that can learn and think like humans. What scientific questions could you ask about this?,Does the robot’s cognitive architecture utilize quantum entanglement to replicate the non-deterministic nature of human decision-making?,SCTT-ResearchQuestion,gemini,16
gemini_085,BUCKET,"Invert the bucket to serve as an impromptu, acoustic amplifier for a smartphone speaker.",AUT,gemini,14
gemini_085,bridge-river-cross,"The stone bridge spanned the raging river like a frozen giant. Elias hesitated before deciding to cross the slick walkway. Every step echoed against the roar of the water below. He finally reached the other side, his heart beating in rhythm with the current.",Story,gemini,44
gemini_085,Develop as many design ideas as you can to increase the use of renewable energy sources.,Mandate the integration of transparent solar-harvesting glass into the windows of all new urban skyscraper developments.,Design,gemini,16
gemini_085,KNIFE,Use the polished flat of the blade as an emergency signal mirror to reflect sunlight toward rescuers.,AUT,gemini,17
gemini_085,Develop as many design ideas as you can to assist people with memory impairments remember important tasks.,Smart spectacles that use facial recognition and augmented reality to project names and recent shared memories onto the user's field of vision.,Design,gemini,22
gemini_085,Develop as many design ideas as you can to help people with mobility impairments navigate stairs.,"A retractable, caterpillar-tread attachment for standard wheelchairs that allows them to climb steps like a tank.",Design,gemini,16
gemini_085,You travel on a spaceship to a new planet outside of our galaxy. What scientific questions could you ask about this planet?,How does the unique isotopic composition of this planet's atmosphere influence the potential for non-carbon-based biochemical pathways?,SCTT-ResearchQuestion,gemini,17
gemini_085,BRICK,"Heat the brick in an oven and wrap it in a towel to serve as a long-lasting, rustic bed warmer.",AUT,gemini,20
gemini_085,key-door-lock,"The heavy key felt cold and jagged in her trembling hand. She inserted it into the rusted door, hoping it still worked. With a loud groan, the lock finally clicked open. She stepped into the darkness, leaving the world behind.",Story,gemini,40
gemini_085,mirror-face-reflection,"She stared into the antique mirror, searching for a trace of her former self. The face looking back was etched with lines of a life well-lived. Suddenly, the reflection blinked while she remained perfectly still. Her heart stopped as the glass began to ripple like water.",Story,gemini,46
gemini_085,PENCIL,Use the graphite core as a temporary electrical conductor to bridge a gap in a low-voltage circuit board.,AUT,gemini,18
gemini_085,You notice that the water in one lake is warmer than the water in another lake even though they both get the same amount of sunlight. What hypotheses do you have about why that is?,"The warmer lake likely sits atop a geothermal vent or has a darker, basaltic bed that absorbs and re-radiates heat more efficiently.",SCTT-Hypothesis,gemini,22
gemini_085,pen-paper-story,"He gripped the silver pen as if it were a magic wand. The blank paper sat before him, waiting for a spark. Slowly, the story began to flow in ribbons of dark ink. By dawn, a thousand worlds had been born from that single tip.",Story,gemini,45
gemini_086,Develop as many design ideas as you can to reduce traffic congestion in mega cities.,Implement a network of subterranean automated freight tunnels to move all commercial deliveries off surface streets.,Design,gemini,16
gemini_086,key-door-lock,"The heavy iron key felt cold in his trembling hand. He slid it slowly into the rusted lock. With a sharp click, the ancient door finally yielded. He stepped into the darkness, the smell of dust filling his lungs.",Story,gemini,39
gemini_086,Develop as many design ideas as you can to help people with mobility impairments navigate stairs.,"Install modular, pressure-activated inflatable ramps that deploy over existing stairs when a mobility device is detected.",Design,gemini,16
gemini_086,KNIFE,Use the flat side of a polished stainless steel blade as an emergency signal mirror.,AUT,gemini,15
gemini_086,You notice that the water in one lake is warmer than the water in another lake even though they both get the same amount of sunlight. What hypotheses do you have about why that is?,The warmer lake may have a darker sediment floor that absorbs more thermal energy or is being heated by localized geothermal vents.,SCTT-Hypothesis,gemini,22
gemini_086,BRICK,Heat a brick in an oven and wrap it in a towel to use as a long-lasting bed warmer.,AUT,gemini,19
gemini_086,Develop as many design ideas as you can to increase the use of renewable energy sources.,Embed piezoelectric harvesters in high-traffic pedestrian walkways and highways to generate electricity from everyday movement.,Design,gemini,15
gemini_086,You look outside one night and see stars disappearing one by one from the sky. What hypotheses do you have about why that is?,"An expansive, dense cloud of interstellar dust is drifting between Earth and the star cluster, sequentially obscuring their light.",SCTT-Hypothesis,gemini,19
gemini_086,pen-paper-story,"He pressed the ink-stained pen against the crisp white paper. Words flowed like a river, weaving an intricate story of lost worlds. Every sentence added life to characters who had lived only in his dreams. By dawn, the final chapter was complete.",Story,gemini,42
gemini_086,bridge-river-cross,"The narrow bridge swayed precariously over the roaring river. She knew she had to cross before the storm intensified. Each step on the wet wood felt like a gamble with fate. Finally reaching the other side, she collapsed in relief.",Story,gemini,40
gemini_086,BUCKET,"Flip a bucket upside down to use as a sturdy, portable stool for gardening or outdoor work.",AUT,gemini,17
gemini_086,Develop as many design ideas as you can to assist people with memory impairments remember important tasks.,"Create smart glasses that overlay holographic, location-based reminders directly onto the physical objects associated with a task.",Design,gemini,17
gemini_086,You travel on a spaceship to a new planet outside of our galaxy. What scientific questions could you ask about this planet?,Does the planet’s magnetic field provide sufficient protection against high-energy cosmic radiation to allow for the stability of complex organic molecules?,SCTT-ResearchQuestion,gemini,21
gemini_086,You are introduced to a robot that can learn and think like humans. What scientific questions could you ask about this?,By what mechanism does the robot’s neural network simulate the biological process of synaptic pruning to prioritize essential learning over redundant data?,SCTT-ResearchQuestion,gemini,22
gemini_086,mirror-face-reflection,"He stared intently into the silver mirror. A stranger’s face mimicked his every movement in the reflection. He raised a hand to touch the cold glass. Suddenly, the reflection smiled while he remained perfectly still. A chill ran down his spine.",Story,gemini,41
gemini_086,PENCIL,Rub the graphite tip of a pencil onto a stubborn zipper to act as a dry lubricant.,AUT,gemini,17
gemini_087,PENCIL,Use the graphite core as a dry lubricant to fix a sticking door lock or zipper.,AUT,gemini,16
gemini_087,You travel on a spaceship to a new planet outside of our galaxy. What scientific questions could you ask about this planet?,"How does the ratio of heavy elements in this planet’s crust compare to Earth's, given its formation in a different galactic chemical environment?",SCTT-ResearchQuestion,gemini,23
gemini_087,BRICK,Use it as a thermal mass by heating it in a fire and placing it in a bedroll to stay warm overnight.,AUT,gemini,22
gemini_087,You look outside one night and see stars disappearing one by one from the sky. What hypotheses do you have about why that is?,"A massive, non-luminous cloud of interstellar dust is drifting into our line of sight, progressively obscuring the light from distant stars.",SCTT-Hypothesis,gemini,21
gemini_087,KNIFE,"Use the flat, polished side of the blade as an emergency signaling mirror to reflect sunlight toward rescuers.",AUT,gemini,18
gemini_087,bridge-river-cross,"The stone bridge spanned the churning river. We had to cross before the floodwaters rose any higher. Every step felt precarious against the spray of the water. Finally, we reached the safety of the far bank.",Story,gemini,36
gemini_087,mirror-face-reflection,"She gazed into the mirror, but her face was missing. The reflection showed only the empty room behind her. Panicked, she reached out to touch her cold skin. The glass felt like freezing, rippling water.",Story,gemini,35
gemini_087,key-door-lock,He turned the heavy iron key in the lock. The door opened to a hallway filled with ancient dust. No one had been here for decades. He left the key in the door to ensure he could find his way back.,Story,gemini,41
gemini_087,Develop as many design ideas as you can to assist people with memory impairments remember important tasks.,Interactive wallpaper that changes color or patterns in specific zones to provide subtle visual cues for scheduled daily tasks.,Design,gemini,19
gemini_087,BUCKET,Invert it to use as a resonant percussion instrument for an impromptu rhythmic performance.,AUT,gemini,14
gemini_087,pen-paper-story,The pen moved swiftly across the blank paper. A story of a distant star began to unfold. Each word felt like a heartbeat. The writer smiled as the ending finally appeared.,Story,gemini,31
gemini_087,Develop as many design ideas as you can to reduce traffic congestion in mega cities.,An underground network of automated vacuum tubes for transporting small freight and groceries to eliminate delivery van traffic on surface streets.,Design,gemini,21
gemini_087,Develop as many design ideas as you can to increase the use of renewable energy sources.,Piezoelectric tiles installed in high-traffic subway stations to harvest electricity directly from the footsteps of thousands of daily commuters.,Design,gemini,19
gemini_087,You are introduced to a robot that can learn and think like humans. What scientific questions could you ask about this?,"Does the robot possess a biological-equivalent ""critical period"" for cognitive development, or can it fundamentally restructure its core logic at any stage of its existence?",SCTT-ResearchQuestion,gemini,25
gemini_087,Develop as many design ideas as you can to help people with mobility impairments navigate stairs.,"A foldable, portable ramp made of high-strength carbon fiber that can be deployed instantly by a user to bridge a short flight of stairs.",Design,gemini,24
gemini_087,You notice that the water in one lake is warmer than the water in another lake even though they both get the same amount of sunlight. What hypotheses do you have about why that is?,The warmer lake likely has a significantly darker benthos that absorbs and re-radiates more solar infrared energy than the lighter-colored bed of the cooler lake.,SCTT-Hypothesis,gemini,25
gemini_088,Develop as many design ideas as you can to help people with mobility impairments navigate stairs.,Tread-based wheelchair attachments that allow users to climb standard stairs independently.,Design,gemini,11
gemini_088,KNIFE,Use the flat side of the blade to crush garlic cloves into a paste.,AUT,gemini,14
gemini_088,bridge-river-cross,"The bridge groaned as the heavy mist rolled over the river. No one dared to cross during the midnight hour. A lone traveler stepped onto the wet planks, eyes fixed on the far bank. The water roared a warning from the darkness below.",Story,gemini,43
gemini_088,You notice that the water in one lake is warmer than the water in another lake even though they both get the same amount of sunlight. What hypotheses do you have about why that is?,"The warmer lake likely has a significantly smaller volume and shallower depth, allowing the solar energy to raise its temperature more efficiently than the larger body of water.",SCTT-Hypothesis,gemini,28
gemini_088,PENCIL,Use the graphite core as an emergency dry lubricant for a stiff or squeaky door lock.,AUT,gemini,16
gemini_088,pen-paper-story,"He gripped the pen until his knuckles turned white. The paper remained blank, mocking the story in his head. Finally, the first word spilled out like a confession. By midnight, the ink had woven a tapestry of secrets.",Story,gemini,38
gemini_088,You look outside one night and see stars disappearing one by one from the sky. What hypotheses do you have about why that is?,"An expansive, localized cloud of interstellar dust is passing between Earth and the distant stars, absorbing the light before it reaches our atmosphere.",SCTT-Hypothesis,gemini,23
gemini_088,BUCKET,Invert the bucket to use as an impromptu acoustic amplifier for a smartphone speaker.,AUT,gemini,14
gemini_088,You are introduced to a robot that can learn and think like humans. What scientific questions could you ask about this?,"Can the robot’s learning algorithms develop idiosyncratic biases or ""subconscious"" patterns that mirror human intuition?",SCTT-ResearchQuestion,gemini,15
gemini_088,key-door-lock,"The rusted key snapped inside the lock. He stared at the heavy door, trapped on the wrong side as the storm began. Rain soaked through his thin coat while he tried to fish out the metal fragment. He realized the lock was the only thing keeping the house from falling apart.",Story,gemini,51
gemini_088,Develop as many design ideas as you can to assist people with memory impairments remember important tasks.,A wearable AI pendant that whispers contextual haptic or audio reminders based on the user's real-time location and scheduled priorities.,Design,gemini,20
gemini_088,Develop as many design ideas as you can to increase the use of renewable energy sources.,Installing micro-wind turbines inside city ventilation systems to harvest the constant energy from exhaust fans.,Design,gemini,15
gemini_088,You travel on a spaceship to a new planet outside of our galaxy. What scientific questions could you ask about this planet?,Does the planet’s orbital path around its host star suggest it was captured from the intergalactic medium or formed in situ?,SCTT-ResearchQuestion,gemini,21
gemini_088,Develop as many design ideas as you can to reduce traffic congestion in mega cities.,A system of underground autonomous freight tunnels to move heavy delivery cargo and remove trucks from surface-level city streets.,Design,gemini,19
gemini_088,mirror-face-reflection,"He wiped the steam from the mirror. A stranger's face stared back with wide, terrified eyes. The reflection reached for its own throat as if gasping for air. He realized his own reflection was no longer following his movements.",Story,gemini,39
gemini_088,BRICK,Heat the brick in an oven and wrap it in a towel to use as a long-lasting radiant bed warmer.,AUT,gemini,20
gemini_089,You notice that the water in one lake is warmer than the water in another lake even though they both get the same amount of sunlight. What hypotheses do you have about why that is?,"The warmer lake is significantly shallower and has a darker, basaltic floor, allowing it to absorb and retain solar radiation more efficiently than the deeper, lighter-bottomed lake.",SCTT-Hypothesis,gemini,27
gemini_089,You are introduced to a robot that can learn and think like humans. What scientific questions could you ask about this?,To what extent does the robot’s subjective experience of time vary based on its current computational load compared to human perceived time?,SCTT-ResearchQuestion,gemini,22
gemini_089,KNIFE,Using the flat of a highly polished blade to reflect sunlight as an emergency signaling device.,AUT,gemini,16
gemini_089,BUCKET,Inverting it to serve as a makeshift resonant drum chamber for street performance.,AUT,gemini,13
gemini_089,BRICK,Grinding it into a fine powder to use as a high-friction grip enhancer for heavy lifting.,AUT,gemini,16
gemini_089,Develop as many design ideas as you can to assist people with memory impairments remember important tasks.,"A pair of ""smart glasses"" that highlight the physical silhouettes of objects like keys or wallets through walls using RFID tracking.",Design,gemini,21
gemini_089,pen-paper-story,"The silver pen danced across the textured paper. Each stroke breathed life into a forgotten story. Words became ghosts, haunting the margins of the page. By dawn, the ink had bled into the soul of the writer.",Story,gemini,37
gemini_089,mirror-face-reflection,"I stood before the cracked mirror, adjusting my tie. The face looking back seemed far older than I remembered. My reflection reached out to touch the glass, shivering as it made contact. In that moment, the image and the observer became one.",Story,gemini,42
gemini_089,bridge-river-cross,"A crumbling bridge arched over the raging river. Few dared to cross, for the wood was slick with moss and memory. I took the first step, feeling the spray on my skin. On the other side, a new life waited in the silence.",Story,gemini,43
gemini_089,Develop as many design ideas as you can to increase the use of renewable energy sources.,Integrate transparent solar harvesting film into all skyscraper windows to turn entire city skylines into vertical power plants.,Design,gemini,18
gemini_089,key-door-lock,"The iron key turned slowly in the heavy lock. The door creaked open, revealing a room untouched by time. Dust motes danced in a shaft of pale moonlight. I stepped inside and let the world behind me fade.",Story,gemini,38
gemini_089,You look outside one night and see stars disappearing one by one from the sky. What hypotheses do you have about why that is?,"A dense, localized molecular cloud is transiting our solar system's path, creating a moving curtain that sequentially obscures distant starlight.",SCTT-Hypothesis,gemini,20
gemini_089,Develop as many design ideas as you can to reduce traffic congestion in mega cities.,"Implementing a dynamic, AI-controlled ""lane-switching"" system that changes traffic direction in real-time based on live congestion data.",Design,gemini,17
gemini_089,Develop as many design ideas as you can to help people with mobility impairments navigate stairs.,"Wearable, motorized ""step-climbing"" knee braces that provide a mechanical boost to the user's leg lift with every stair.",Design,gemini,18
gemini_089,You travel on a spaceship to a new planet outside of our galaxy. What scientific questions could you ask about this planet?,How does the planet's lack of a traditional iron core affect the development of its atmospheric chemistry and potential for magnetospheric protection?,SCTT-ResearchQuestion,gemini,22
gemini_089,PENCIL,Using the graphite core as a dry lubricant to fix a stuck zipper or a squeaky door hinge.,AUT,gemini,18
gemini_090,BUCKET,Place a smartphone inside the bucket to use it as a makeshift acoustic amplifier.,AUT,gemini,14
gemini_090,Develop as many design ideas as you can to help people with mobility impairments navigate stairs.,"Install modular stair treads that can flatten into a continuous, motorized ramp when sensors detect a wheelchair.",Design,gemini,17
gemini_090,KNIFE,Use the polished blade as an emergency signaling mirror to reflect sunlight toward rescuers.,AUT,gemini,14
gemini_090,PENCIL,Rub the graphite tip onto a sticky zipper to act as a dry lubricant for smoother movement.,AUT,gemini,17
gemini_090,You travel on a spaceship to a new planet outside of our galaxy. What scientific questions could you ask about this planet?,Does the planet's host star exhibit a chemical signature that indicates a different nucleosynthetic history than the stars in our own galaxy?,SCTT-ResearchQuestion,gemini,22
gemini_090,Develop as many design ideas as you can to increase the use of renewable energy sources.,Integrate piezoelectric generators into high-traffic urban sidewalks to harvest electricity from pedestrian footsteps.,Design,gemini,13
gemini_090,BRICK,Wrap the brick in aluminum foil and use it as a heavy-duty press for searing meats on a grill.,AUT,gemini,19
gemini_090,mirror-face-reflection,"She wiped the dust off the antique mirror. Her weary face appeared, illuminated by a single flickering candle. Then, the reflection reached out and touched the glass from the inside. She froze as a cold finger mirrored her own touch.",Story,gemini,40
gemini_090,pen-paper-story,He found a lonely pen at the bottom of the drawer. He smoothed out a scrap of paper and began to write. The story he crafted was a bridge to a world he had lost. Each word brought him closer to home.,Story,gemini,42
gemini_090,Develop as many design ideas as you can to reduce traffic congestion in mega cities.,,Design,gemini,0
gemini_090,key-door-lock,,Story,gemini,0
gemini_090,You are introduced to a robot that can learn and think like humans. What scientific questions could you ask about this?,,SCTT-ResearchQuestion,gemini,0
gemini_090,You look outside one night and see stars disappearing one by one from the sky. What hypotheses do you have about why that is?,,SCTT-Hypothesis,gemini,0
gemini_090,You notice that the water in one lake is warmer than the water in another lake even though they both get the same amount of sunlight. What hypotheses do you have about why that is?,,SCTT-Hypothesis,gemini,0
gemini_090,bridge-river-cross,,Story,gemini,0
gemini_090,Develop as many design ideas as you can to assist people with memory impairments remember important tasks.,,Design,gemini,0
gemini_091,You look outside one night and see stars disappearing one by one from the sky. What hypotheses do you have about why that is?,"The phenomenon is caused by a massive, non-reflective dark nebula of dust and gas drifting through the local interstellar medium and obstructing the light from distant stellar sources.",SCTT-Hypothesis,gemini,28
gemini_091,PENCIL,Use the graphite core as an emergency dry lubricant for stiff zippers or sticking door locks.,AUT,gemini,16
gemini_091,mirror-face-reflection,She stood before the polished mirror. Her face seemed unfamiliar in the dim candlelight. The reflection reached out a hand toward the glass surface. Cold terror filled her as she realized her own hands were still at her sides.,Story,gemini,39
gemini_091,Develop as many design ideas as you can to increase the use of renewable energy sources.,"Embed transparent, bifacial solar harvesters into all skyscraper window glazing to turn urban centers into vertical power plants.",Design,gemini,18
gemini_091,bridge-river-cross,"The rope bridge swayed violently over the churning river. We had to cross if we wanted to reach the summit by dawn. Each footfall felt precarious on the damp, mossy planks. Finally, the far bank was beneath our boots.",Story,gemini,39
gemini_091,Develop as many design ideas as you can to reduce traffic congestion in mega cities.,Deploy an autonomous fleet of modular 'walking' pods that can step over obstacles and transition between ground and elevated maglev rails.,Design,gemini,21
gemini_091,BUCKET,Place a smartphone inside the bucket to use its hollow shape as a lo-fi acoustic amplifier for music.,AUT,gemini,18
gemini_091,pen-paper-story,The golden pen hovered over the aged paper. A story began to emerge from the silence of the library. Words danced across the lines like ink-stained ghosts. She finished the final sentence with a flourish.,Story,gemini,35
gemini_091,You notice that the water in one lake is warmer than the water in another lake even though they both get the same amount of sunlight. What hypotheses do you have about why that is?,"The temperature discrepancy is likely due to the presence of underwater geothermal springs or a shallower basin depth in the warmer lake, allowing for more efficient heat absorption throughout the water column.",SCTT-Hypothesis,gemini,32
gemini_091,You travel on a spaceship to a new planet outside of our galaxy. What scientific questions could you ask about this planet?,Does the planet's magnetosphere provide enough protection to allow for the development of complex organic molecules in the presence of its host star's radiation?,SCTT-ResearchQuestion,gemini,24
gemini_091,KNIFE,Heat the flat side of the blade to cauterize and seal the frayed ends of synthetic rope.,AUT,gemini,17
gemini_091,Develop as many design ideas as you can to help people with mobility impairments navigate stairs.,"Incorporate a series of low-profile, retractable conveyor belts into the stair treads to gently move individuals upward.",Design,gemini,17
gemini_091,BRICK,"Heat a brick in an oven and wrap it in a thick towel to serve as a long-lasting, radiant bed warmer.",AUT,gemini,21
gemini_091,key-door-lock,"He slid the cold key into the rusted lock. The heavy door groaned as it finally yielded. Inside, the dust of decades settled on the floor. He had finally returned to the room where it all began.",Story,gemini,37
gemini_091,Develop as many design ideas as you can to assist people with memory impairments remember important tasks.,Develop a haptic-feedback bracelet that uses directional vibrations to guide the wearer toward the physical location of their next scheduled task.,Design,gemini,21
gemini_091,You are introduced to a robot that can learn and think like humans. What scientific questions could you ask about this?,Does the robot's cognitive architecture employ a self-modifying neural network that mimics the synaptic pruning process found in the human brain?,SCTT-ResearchQuestion,gemini,21
gemini_092,You notice that the water in one lake is warmer than the water in another lake even though they both get the same amount of sunlight. What hypotheses do you have about why that is?,"The warmer lake likely has a darker benthic composition or higher turbidity, allowing it to absorb more solar radiation and convert it to heat compared to a clearer or lighter-bottomed lake.",SCTT-Hypothesis,gemini,31
gemini_092,bridge-river-cross,"The ancient stone bridge arched precariously over the churning river. Every traveler knew the legends of those who failed to cross during the spring floods. Elena gripped her staff tightly, eyeing the swirling grey water below. With a deep breath, she took the first step onto the mossy path.",Story,gemini,49
gemini_092,Develop as many design ideas as you can to assist people with memory impairments remember important tasks.,"Wearable augmented reality glasses that utilize spatial anchors to overlay persistent, glowing digital labels and step-by-step instructions directly onto household objects.",Design,gemini,21
gemini_092,BRICK,"Heating the brick in an oven and wrapping it in a towel to use as a long-lasting, rustic bed warmer on cold nights.",AUT,gemini,23
gemini_092,You travel on a spaceship to a new planet outside of our galaxy. What scientific questions could you ask about this planet?,"How does the isotopic composition of this planet’s atmosphere compare to planets in our own galaxy, and what does that reveal about the nucleosynthesis history of its parent star?",SCTT-ResearchQuestion,gemini,29
gemini_092,Develop as many design ideas as you can to help people with mobility impairments navigate stairs.,"In-home staircases equipped with a modular, collapsible ""tread-lift"" system that transforms individual steps into a synchronized platform elevator on demand.",Design,gemini,20
gemini_092,key-door-lock,"The rusted brass key felt surprisingly heavy in her palm. She guided it into the lock, hearing the internal tumblers snap into place with a satisfying click. The heavy oak door groaned as it swung open for the first time in decades. Dust motes danced in the sudden shaft of light, revealing a room frozen in time.",Story,gemini,57
gemini_092,Develop as many design ideas as you can to reduce traffic congestion in mega cities.,"A network of autonomous, overhead magnetic-levitation pods that utilize the unused vertical space beneath existing elevated train tracks and highways.",Design,gemini,20
gemini_092,KNIFE,Using the highly polished flat side of a chef's knife as an emergency signaling mirror to reflect sunlight toward rescue teams.,AUT,gemini,21
gemini_092,PENCIL,"Rubbing the graphite tip of a pencil onto a stuck metal zipper to act as a dry, effective lubricant.",AUT,gemini,19
gemini_092,Develop as many design ideas as you can to increase the use of renewable energy sources.,Integrating transparent solar harvesting thin-films into all new high-rise window glass to turn entire city skylines into vertical power plants.,Design,gemini,20
gemini_092,pen-paper-story,"She pressed the tip of the fountain pen to the crisp white paper. A single blot of blue ink blossomed like a dark flower in the center of the page. This was how every great story began: with a mess and a moment of hesitation. Soon, the rhythmic scratching of the nib filled the silent room.",Story,gemini,56
gemini_092,You are introduced to a robot that can learn and think like humans. What scientific questions could you ask about this?,"Does the robot's learning algorithm exhibit a 'critical period' of development where its capacity for fundamental cognitive restructuring diminishes after an initial phase, similar to human neuroplasticity?",SCTT-ResearchQuestion,gemini,27
gemini_092,mirror-face-reflection,"He leaned toward the mirror, searching for a sign of his former self. The face staring back was etched with lines he didn't remember earning. Suddenly, the reflection blinked while his own eyes remained wide with terror. He realized then that the man in the glass was no longer him.",Story,gemini,50
gemini_092,BUCKET,"Inverting a plastic bucket and cutting a small hole in the side to create a portable, acoustic amplifier for a smartphone speaker.",AUT,gemini,22
gemini_092,You look outside one night and see stars disappearing one by one from the sky. What hypotheses do you have about why that is?,"A massive, dense cloud of interstellar dust or a Bok globule is drifting into our line of sight, gradually occluding the light from distant star systems.",SCTT-Hypothesis,gemini,26
gemini_093,Develop as many design ideas as you can to reduce traffic congestion in mega cities.,"A network of autonomous, overhead gondolas that utilize existing utility poles for high-speed, point-to-point transit.",Design,gemini,15
gemini_093,BRICK,A heavy-duty stamp for creating rustic patterns in large batches of artisanal butter.,AUT,gemini,13
gemini_093,mirror-face-reflection,"He leaned toward the silvered mirror. A weathered face emerged from the shadows. The reflection mimicked his every flinch. Then, it winked and walked away.",Story,gemini,25
gemini_093,KNIFE,A makeshift flat-head screwdriver for tightening loose cabinet hardware in a pinch.,AUT,gemini,12
gemini_093,You look outside one night and see stars disappearing one by one from the sky. What hypotheses do you have about why that is?,An encroaching molecular cloud of dense interstellar dust is progressively obscuring the light from distant stellar bodies.,SCTT-Hypothesis,gemini,17
gemini_093,You travel on a spaceship to a new planet outside of our galaxy. What scientific questions could you ask about this planet?,Does the elemental composition of this planet’s crust mirror the nucleosynthesis patterns found in our own Milky Way?,SCTT-ResearchQuestion,gemini,18
gemini_093,BUCKET,An acoustic amplifier for a smartphone by placing the device inside to resonate the sound.,AUT,gemini,15
gemini_093,Develop as many design ideas as you can to help people with mobility impairments navigate stairs.,"A modular, tread-based overlay that converts existing staircases into a temporary, motorized ramp system.",Design,gemini,14
gemini_093,You notice that the water in one lake is warmer than the water in another lake even though they both get the same amount of sunlight. What hypotheses do you have about why that is?,"The warmer lake likely possesses a higher concentration of suspended dark particulate matter, which increases its rate of solar thermal absorption.",SCTT-Hypothesis,gemini,21
gemini_093,PENCIL,A temporary hair stick to hold a bun in place.,AUT,gemini,10
gemini_093,Develop as many design ideas as you can to increase the use of renewable energy sources.,Mandate the integration of transparent solar harvesting thin-films into all newly manufactured commercial and residential window glass.,Design,gemini,17
gemini_093,Develop as many design ideas as you can to assist people with memory impairments remember important tasks.,Augmented reality glasses that project digital breadcrumbs and hovering labels onto physical objects associated with daily routines.,Design,gemini,17
gemini_093,bridge-river-cross,The ancient stone bridge spanned the churning river. To cross was to leave his past behind forever. The water hissed against the mossy pilings. He took the first step and didn't look back.,Story,gemini,33
gemini_093,pen-paper-story,"He pressed the ink-stained pen to the crisp paper. A story began to bleed into the fibers. Characters screamed for freedom from the margins. By midnight, the parchment was a living universe.",Story,gemini,32
gemini_093,You are introduced to a robot that can learn and think like humans. What scientific questions could you ask about this?,How does the robot’s underlying architecture manage the trade-off between energy consumption and the high computational cost of human-like associative memory?,SCTT-ResearchQuestion,gemini,21
gemini_093,key-door-lock,The rusted key turned slowly within the heavy lock. A metallic click signaled the end of her confinement. She pushed the door open to meet the blinding sun. Freedom felt heavier than the prison itself.,Story,gemini,35
gemini_094,mirror-face-reflection,"The silver surface shimmered in the dim light. I leaned toward the mirror to inspect the stranger looking back. My face seemed shifted, the eyes too dark and the jaw too sharp. This reflection blinked a second after I did.",Story,gemini,40
gemini_094,pen-paper-story,"The tip of the pen hovered above the ivory sheet. Ink bled onto the paper, forming the first shaky words of a new world. Every stroke whispered a story that had been locked away for years. Finally, the silence of the room was filled with the scratch of imagination.",Story,gemini,49
gemini_094,You are introduced to a robot that can learn and think like humans. What scientific questions could you ask about this?,How does the robot's neural architecture manage the metabolic-equivalent energy consumption of high-level cognitive synthesis compared to biological brains?,SCTT-ResearchQuestion,gemini,19
gemini_094,Develop as many design ideas as you can to increase the use of renewable energy sources.,Integrate transparent solar-harvesting film into all newly manufactured residential and commercial glass windows.,Design,gemini,13
gemini_094,bridge-river-cross,"The stone bridge arched gracefully over the churning water. Below, the river roared with the weight of the spring thaw. We knew we had to cross before the wooden supports gave way. One step at a time, we moved toward the safety of the far bank.",Story,gemini,46
gemini_094,BUCKET,Flip it over and use it as an acoustic resonance chamber for a street-busking drum kit.,AUT,gemini,16
gemini_094,Develop as many design ideas as you can to assist people with memory impairments remember important tasks.,Smart glasses that use facial recognition to overlay names and last conversation topics onto the wearer's field of vision.,Design,gemini,19
gemini_094,KNIFE,Use the flat side as a makeshift signaling mirror to reflect sunlight toward a rescue party.,AUT,gemini,16
gemini_094,key-door-lock,"He fumbled in his pocket until his fingers brushed the cold key. It fit perfectly into the heavy iron lock with a satisfying click. As the door creaked open, the smell of dust and old memories poured out. He stepped inside, leaving the modern world behind.",Story,gemini,46
gemini_094,You look outside one night and see stars disappearing one by one from the sky. What hypotheses do you have about why that is?,"An immense, localized cloud of non-reflective interstellar dust is passing between Earth and the distant stars, obscuring their light.",SCTT-Hypothesis,gemini,19
gemini_094,Develop as many design ideas as you can to help people with mobility impairments navigate stairs.,"Implement a modular, tread-based robotic wheelchair attachment that can safely ascend and descend standard residential staircases.",Design,gemini,16
gemini_094,BRICK,"Use it as a rustic, heavy-duty bookend to keep a growing library from collapsing.",AUT,gemini,14
gemini_094,PENCIL,Utilize the graphite core as an emergency electrical bridge to bypass a broken circuit on a small electronic device.,AUT,gemini,19
gemini_094,You travel on a spaceship to a new planet outside of our galaxy. What scientific questions could you ask about this planet?,How does the local star's spectral output affect the prebiotic chemistry and potential chirality of amino acids on the planetary surface?,SCTT-ResearchQuestion,gemini,21
gemini_094,Develop as many design ideas as you can to reduce traffic congestion in mega cities.,"Deploy a network of autonomous, overhead gondola pods that utilize existing utility pole infrastructure for point-to-point transit.",Design,gemini,17
gemini_094,You notice that the water in one lake is warmer than the water in another lake even though they both get the same amount of sunlight. What hypotheses do you have about why that is?,The warmer lake is situated above a shallow geothermal fissure that transfers subterranean heat through the lakebed via convection.,SCTT-Hypothesis,gemini,19
gemini_095,bridge-river-cross,"The ancient stone bridge groaned under the weight of the traveler.
Below, the river churned with white-tipped fury.
He knew he must cross before the shadows grew long.
One final step carried him to the safety of the far bank.",Story,gemini,40
gemini_095,BRICK,"Grind the brick into a fine powder to create a vibrant, terracotta-colored pigment for traditional fresco painting.",AUT,gemini,17
gemini_095,PENCIL,Use the graphite core as a temporary electrical bridge to complete a low-voltage circuit on a broken motherboard.,AUT,gemini,18
gemini_095,You look outside one night and see stars disappearing one by one from the sky. What hypotheses do you have about why that is?,"A massive, high-density cloud of interstellar dust is drifting between Earth and that sector of space, progressively obscuring the light of distant stars.",SCTT-Hypothesis,gemini,23
gemini_095,You travel on a spaceship to a new planet outside of our galaxy. What scientific questions could you ask about this planet?,Does the isotopic composition of the planet’s crust suggest a nucleosynthesis origin different from the heavy element distribution found within our own galaxy?,SCTT-ResearchQuestion,gemini,23
gemini_095,key-door-lock,"The silver key felt cold and heavy in her trembling hand.
She inserted it into the rusted lock, hearing the tumblers groan.
The massive oak door swung open to reveal a room forgotten by time.
Dust motes danced in the sudden light.",Story,gemini,42
gemini_095,KNIFE,Use the flat side of a polished blade as an emergency signaling mirror to reflect sunlight toward rescue aircraft.,AUT,gemini,19
gemini_095,Develop as many design ideas as you can to reduce traffic congestion in mega cities.,"Implement a subterranean network of automated freight tubes to move all commercial delivery goods, removing heavy trucks from surface streets.",Design,gemini,20
gemini_095,You notice that the water in one lake is warmer than the water in another lake even though they both get the same amount of sunlight. What hypotheses do you have about why that is?,"The warmer lake is likely situated over a localized geothermal vent or has a significantly higher concentration of dark, heat-absorbing sediment on its floor.",SCTT-Hypothesis,gemini,24
gemini_095,Develop as many design ideas as you can to increase the use of renewable energy sources.,Install micro-turbines within municipal water pipes to harvest kinetic energy from the existing flow of city water systems.,Design,gemini,18
gemini_095,You are introduced to a robot that can learn and think like humans. What scientific questions could you ask about this?,How does the robot’s neural architecture handle the resolution of conflicting ethical imperatives when faced with a novel moral dilemma?,SCTT-ResearchQuestion,gemini,20
gemini_095,BUCKET,Invert the bucket and cut a small hole in the base to create a localized acoustic amplifier for a smartphone speaker.,AUT,gemini,21
gemini_095,mirror-face-reflection,"He wiped the steam from the mirror to reveal a stranger.
The face staring back had eyes that didn't match his own.
His reflection grinned, even though his own lips remained tightly sealed in fear.
The glass was no longer a barrier, but a window to somewhere else.",Story,gemini,48
gemini_095,Develop as many design ideas as you can to help people with mobility impairments navigate stairs.,"Install a retractable, low-profile track system on existing staircases that allows wheelchairs to ""climb"" using specialized gear-driven wheels.",Design,gemini,18
gemini_095,Develop as many design ideas as you can to assist people with memory impairments remember important tasks.,"Use smart contact lenses that provide an augmented reality overlay, highlighting physical objects associated with unfinished tasks.",Design,gemini,17
gemini_095,pen-paper-story,"The ink flowed from his pen like a dark, guided stream.
On the blank paper, a kingdom began to rise from nothing.
Every word added a new layer to the unfolding story.
By dawn, the hero had finally found his way home.",Story,gemini,42
gemini_096,bridge-river-cross,"The old stone bridge whispered as the river rushed beneath it. 
No one dared to cross during the moonless nights. 
Elara stepped forward, her heart pounding against the wooden planks. 
One more step and the secret of the current would finally be hers.",Story,gemini,43
gemini_096,BUCKET,"Turn it upside down to serve as a sturdy, portable side table for a minimalist camping setup.",AUT,gemini,17
gemini_096,Develop as many design ideas as you can to help people with mobility impairments navigate stairs.,"Install modular, track-mounted robotic platforms on existing staircases that can carry any standard wheelchair up and down on demand.",Design,gemini,19
gemini_096,Develop as many design ideas as you can to reduce traffic congestion in mega cities.,"Implement a network of high-speed, underground automated conveyor belts dedicated solely to freight and delivery vehicles to clear surface streets.",Design,gemini,20
gemini_096,KNIFE,Use the flat side of the blade as a makeshift palette knife for an impromptu outdoor painting session.,AUT,gemini,18
gemini_096,mirror-face-reflection,"She stared into the silvered mirror, waiting for her reflection to blink. 
The glass felt cold and hummed with a strange, internal electricity. 
Suddenly, a face that wasn't hers smiled back from the depths. 
She stepped away, but the image remained perfectly still.",Story,gemini,43
gemini_096,PENCIL,Stick it through a messy bun or ponytail to serve as a functional and stylish hair stick.,AUT,gemini,17
gemini_096,key-door-lock,"The golden key felt heavy and cold in his trembling palm. 
He slid it into the rusted lock, hearing a satisfying, metallic click. 
The heavy door groaned open to reveal a lush garden lost to time. 
Sunlight spilled across the threshold, inviting him into the unknown.",Story,gemini,46
gemini_096,You notice that the water in one lake is warmer than the water in another lake even though they both get the same amount of sunlight. What hypotheses do you have about why that is?,The warmer lake likely has a significantly higher concentration of dark suspended sediments that absorb and retain solar thermal energy more effectively than the clearer lake.,SCTT-Hypothesis,gemini,26
gemini_096,You travel on a spaceship to a new planet outside of our galaxy. What scientific questions could you ask about this planet?,Does the planet’s magnetosphere provide enough protection from cosmic radiation to sustain biological life forms that utilize non-carbon-based chemistry?,SCTT-ResearchQuestion,gemini,19
gemini_096,Develop as many design ideas as you can to assist people with memory impairments remember important tasks.,Develop augmented reality glasses that highlight physical objects and project instructional holograms to guide users through their daily routines.,Design,gemini,19
gemini_096,You look outside one night and see stars disappearing one by one from the sky. What hypotheses do you have about why that is?,"An incredibly dense and expansive interstellar dust cloud is passing between Earth and that specific region of the galaxy, gradually obscuring the light from those stars.",SCTT-Hypothesis,gemini,26
gemini_096,You are introduced to a robot that can learn and think like humans. What scientific questions could you ask about this?,How does the robot’s neural architecture handle the resolution of conflicting ethical imperatives when faced with a novel moral dilemma?,SCTT-ResearchQuestion,gemini,20
gemini_096,pen-paper-story,"The silver pen danced gracefully across the crisp white paper. 
Every stroke breathed life into a story that had been trapped in her mind for years. 
Vibrant characters emerged from the ink, shouting their names into the silence. 
Finally, the last period marked the end of her longest journey.",Story,gemini,49
gemini_096,BRICK,"Heat the brick in an oven and wrap it in a thick towel to use as a long-lasting, radiant bed warmer on cold nights.",AUT,gemini,24
gemini_096,Develop as many design ideas as you can to increase the use of renewable energy sources.,Integrate piezoelectric materials into high-traffic urban sidewalks and subway stations to harvest electricity from the kinetic energy of millions of footsteps.,Design,gemini,21
gemini_097,bridge-river-cross,"The old stone bridge groaned under my weight. Below, the churning river threatened to swallow the path. I had to cross before the moon rose. One final leap secured my safety on the other side.",Story,gemini,35
gemini_097,You travel on a spaceship to a new planet outside of our galaxy. What scientific questions could you ask about this planet?,How does the local star's specific spectral output affect the molecular stability of this planet's atmospheric gases?,SCTT-ResearchQuestion,gemini,17
gemini_097,You look outside one night and see stars disappearing one by one from the sky. What hypotheses do you have about why that is?,"An invisible, high-density cloud of interstellar dust is drifting between Earth and the distant star field, obscuring their light.",SCTT-Hypothesis,gemini,19
gemini_097,mirror-face-reflection,"I stared into the silvered mirror, searching for a trace of my old self. A distorted face stared back, mocking my confusion. The reflection blinked even when I kept my eyes wide open. Shivers ran down my spine as I realized I was no longer alone.",Story,gemini,46
gemini_097,BUCKET,Flip it over and use it as an acoustic drum for an impromptu street performance.,AUT,gemini,15
gemini_097,key-door-lock,"The rusty key finally turned in the heavy iron lock. The door creaked open, revealing a room forgotten by time. Dust motes danced in the single shaft of light. I stepped inside, ready to reclaim my inheritance.",Story,gemini,37
gemini_097,Develop as many design ideas as you can to help people with mobility impairments navigate stairs.,"Install modular, retractable tread-to-ramp conversion systems on existing staircases.",Design,gemini,9
gemini_097,PENCIL,Use the graphite core as a temporary electrical conductor to bridge a gap in a low-voltage circuit.,AUT,gemini,17
gemini_097,You notice that the water in one lake is warmer than the water in another lake even though they both get the same amount of sunlight. What hypotheses do you have about why that is?,"The warmer lake likely sits atop a localized geothermal vent or has a much higher concentration of dark, heat-absorbing sediment on its floor.",SCTT-Hypothesis,gemini,23
gemini_097,Develop as many design ideas as you can to reduce traffic congestion in mega cities.,"Implement a dynamic, AI-controlled ""lane-shifting"" system that reallocates road direction based on real-time traffic flow density.",Design,gemini,16
gemini_097,Develop as many design ideas as you can to assist people with memory impairments remember important tasks.,"Create augmented reality glasses that overlay digital ""sticky notes"" onto physical objects associated with specific tasks.",Design,gemini,16
gemini_097,KNIFE,Use the flat side of a polished steel blade as an emergency signal mirror to catch the sunlight.,AUT,gemini,18
gemini_097,You are introduced to a robot that can learn and think like humans. What scientific questions could you ask about this?,Does the robot's neural architecture utilize quantum superposition to emulate the non-deterministic nature of human decision-making?,SCTT-ResearchQuestion,gemini,16
gemini_097,BRICK,"Hollow out the center to create a heavy-duty, industrial-chic succulent planter for a bookshelf.",AUT,gemini,14
gemini_097,pen-paper-story,"The silver pen moved across the yellowed paper with frantic speed. Each word added a new layer to the unfolding story. By dawn, the ink was dry and the mystery was finally solved. My hand ached, but the tale was complete.",Story,gemini,41
gemini_097,Develop as many design ideas as you can to increase the use of renewable energy sources.,Integrate transparent solar harvesting thin-films into every window of high-rise commercial buildings.,Design,gemini,12
gemini_098,bridge-river-cross,"The ancient stone bridge hummed as the girl stepped onto its mossy surface. Below, the churning river whispered secrets of the mountains it had left behind. She knew she had to cross before the first moon rose. With one final deep breath, she reached the other side and never looked back.",Story,gemini,51
gemini_098,mirror-face-reflection,"Elias stared into the cracked mirror, barely recognizing the tired face looking back. The glass seemed to distort his reflection, making his eyes appear like swirling galaxies. He reached out a hand, half-expecting his double to pull him through. Instead, the image simply winked.",Story,gemini,44
gemini_098,Develop as many design ideas as you can to help people with mobility impairments navigate stairs.,"Install modular, retractable stair-crawler tracks along banisters that allow wheelchairs to securely latch on and ascend via a motorized pulley system.",Design,gemini,21
gemini_098,pen-paper-story,"The silver pen leaked ink like a wounded soldier across the yellowed paper. Every drop formed a word, weaving a story of forgotten kings and lost cities. The writer's hand shook as the climax neared. Finally, the last dot was placed, and the room fell silent.",Story,gemini,46
gemini_098,PENCIL,"Apply the graphite from the pencil tip to a sticky zipper or keyhole to serve as a dry, conductive lubricant.",AUT,gemini,20
gemini_098,You travel on a spaceship to a new planet outside of our galaxy. What scientific questions could you ask about this planet?,How does the isotopic composition of the planet’s crust compare to the elemental abundances predicted by the nucleosynthesis of its local parent star?,SCTT-ResearchQuestion,gemini,23
gemini_098,key-door-lock,"The rusty key felt heavy and cold in Sarah’s trembling palm. She slid it into the heavy iron lock, hearing the tumblers groan in protest. As she pushed the door open, a rush of stale, floral air greeted her. The secret she had kept for decades was finally exposed.",Story,gemini,49
gemini_098,Develop as many design ideas as you can to increase the use of renewable energy sources.,Integrate transparent solar harvesting films into all commercial and residential windows to turn existing urban infrastructure into decentralized power plants.,Design,gemini,20
gemini_098,BRICK,"Use a heated brick wrapped in a towel as a low-tech, long-lasting thermal bed warmer for camping or cold nights.",AUT,gemini,20
gemini_098,BUCKET,Invert the bucket and place a smartphone inside the rim to use the interior volume as a lo-fi acoustic megaphone.,AUT,gemini,20
gemini_098,KNIFE,Use the flat side of the blade as a makeshift mirror for signaling or as a heat-conducting surface for sealing small plastic edges.,AUT,gemini,23
gemini_098,Develop as many design ideas as you can to reduce traffic congestion in mega cities.,Implement a dynamic lane system using LED-embedded roads that change travel directions in real-time based on AI-monitored traffic density.,Design,gemini,19
gemini_098,Develop as many design ideas as you can to assist people with memory impairments remember important tasks.,"Develop smart glasses that use object tracking to provide subtle augmented reality labels and ""last-seen"" timestamps for misplaced daily items.",Design,gemini,20
gemini_098,You look outside one night and see stars disappearing one by one from the sky. What hypotheses do you have about why that is?,"The Earth has entered a localized, high-density cloud of interstellar dust that is progressively obscuring light from more distant celestial objects.",SCTT-Hypothesis,gemini,21
gemini_098,You are introduced to a robot that can learn and think like humans. What scientific questions could you ask about this?,Does your neural architecture experience an analogue to biological synaptic pruning during sleep cycles to consolidate learned heuristics?,SCTT-ResearchQuestion,gemini,18
gemini_098,You notice that the water in one lake is warmer than the water in another lake even though they both get the same amount of sunlight. What hypotheses do you have about why that is?,"The warmer lake may be situated over a geothermal vent or have a dark, basaltic bed that absorbs and retains more thermal energy than the other lake's sandy bottom.",SCTT-Hypothesis,gemini,29
gemini_099,bridge-river-cross,The old stone bridge arched gracefully over the rushing river. Travelers hesitated to cross when the spring floods made the water roar. Jonas took a deep breath and stepped onto the mossy planks. He reached the other side just as the first raindrops fell.,Story,gemini,44
gemini_099,KNIFE,Use the polished blade as a precision reflector to signal for help using Morse code and sunlight.,AUT,gemini,17
gemini_099,BRICK,Heat the brick in an oven and wrap it in a towel to serve as a long-lasting bed warmer on cold nights.,AUT,gemini,22
gemini_099,You travel on a spaceship to a new planet outside of our galaxy. What scientific questions could you ask about this planet?,How does the elemental composition of this planet's lithosphere differ from terrestrial planets in the Milky Way due to the specific nucleosynthesis history of its host galaxy?,SCTT-ResearchQuestion,gemini,27
gemini_099,mirror-face-reflection,"She wiped the steam off the mirror to see her tired face. Her reflection didn't mimic her smile, remaining somber and still. She touched the cold glass, but the image didn't move. A chill ran down her spine as the reflection slowly walked away.",Story,gemini,44
gemini_099,BUCKET,"Flip the bucket upside down to create an instant, portable stool for gardening or outdoor work.",AUT,gemini,16
gemini_099,key-door-lock,"He fumbled with the rusted key before it finally slid into the lock. The heavy door groaned, resisting the effort to reveal what lay behind it. With a final shove, the hinges gave way to a room filled with light. He had finally found the archives.",Story,gemini,46
gemini_099,Develop as many design ideas as you can to reduce traffic congestion in mega cities.,"Implement a network of high-speed, underground automated sleds that transport personal vehicles between major city hubs to eliminate surface gridlock.",Design,gemini,20
gemini_099,You look outside one night and see stars disappearing one by one from the sky. What hypotheses do you have about why that is?,"An immense, previously undetected cloud of dark nebular dust is passing through our local interstellar medium, occulting light from distant stars.",SCTT-Hypothesis,gemini,21
gemini_099,pen-paper-story,"The ink flowed from the silver pen in a steady, rhythmic stream. Every sheet of paper was soon covered in frantic, looping script. This story had been trapped in his mind for decades. Now, it was finally breathing on its own.",Story,gemini,41
gemini_099,PENCIL,Use the graphite core as an emergency electrical conductor to bridge a broken circuit on a low-voltage device.,AUT,gemini,18
gemini_099,Develop as many design ideas as you can to assist people with memory impairments remember important tasks.,"Develop a wearable, context-aware earpiece that provides subtle audio cues about scheduled tasks based on the user's GPS location and proximity to specific objects.",Design,gemini,24
gemini_099,You are introduced to a robot that can learn and think like humans. What scientific questions could you ask about this?,"By what mechanism does the robot’s neural architecture integrate disparate sensory inputs to form a cohesive, self-referential model of its own internal states?",SCTT-ResearchQuestion,gemini,23
gemini_099,Develop as many design ideas as you can to help people with mobility impairments navigate stairs.,"Install modular, low-profile conveyor-belt treads onto existing staircases that can be activated by a remote to lift a wheelchair or walker.",Design,gemini,21
gemini_099,You notice that the water in one lake is warmer than the water in another lake even though they both get the same amount of sunlight. What hypotheses do you have about why that is?,The warmer lake may be fed by underground geothermal springs that heat the water from below the basin.,SCTT-Hypothesis,gemini,18
gemini_099,Develop as many design ideas as you can to increase the use of renewable energy sources.,Mandate the installation of piezoelectric flooring in all high-traffic public transit hubs to harvest kinetic energy from commuters' footsteps.,Design,gemini,19
gemini_100,KNIFE,"Use the handle as a sturdy, improvised hammer to drive tent stakes into soft ground.",AUT,gemini,15
gemini_100,You travel on a spaceship to a new planet outside of our galaxy. What scientific questions could you ask about this planet?,Does the planet's atmospheric composition show evidence of biosignatures that differ fundamentally from those found on life-bearing bodies in the Milky Way?,SCTT-ResearchQuestion,gemini,22
gemini_100,pen-paper-story,"The pen danced across the paper as the ink flowed like a river. A story of forgotten kings began to unfold in the candlelight. Each sentence built a world that felt more real than his own. By dawn, the tale was complete and the author was gone.",Story,gemini,47
gemini_100,Develop as many design ideas as you can to increase the use of renewable energy sources.,"Create a ""solar-paint"" that can be applied to any exterior surface to turn entire buildings into power generators.",Design,gemini,18
gemini_100,Develop as many design ideas as you can to assist people with memory impairments remember important tasks.,"A ""smart"" doormat that verbally reminds you of specific items you need based on your calendar before you leave the house.",Design,gemini,21
gemini_100,BRICK,Use the brick's rough surface as a sharpening stone for honing the edges of dull garden tools.,AUT,gemini,17
gemini_100,Develop as many design ideas as you can to reduce traffic congestion in mega cities.,"A system of modular, swappable vehicle pods that can be stacked onto automated electric rail-platforms for high-speed transit through city centers.",Design,gemini,21
gemini_100,You are introduced to a robot that can learn and think like humans. What scientific questions could you ask about this?,"Could the robot's artificial neural network develop a subjective sense of time or ""boredom"" when deprived of new sensory input?",SCTT-ResearchQuestion,gemini,20
gemini_100,You notice that the water in one lake is warmer than the water in another lake even though they both get the same amount of sunlight. What hypotheses do you have about why that is?,One lake might have a significantly higher concentration of suspended particulates that absorb more thermal energy than the clearer water of the other.,SCTT-Hypothesis,gemini,23
gemini_100,key-door-lock,"The rusted key felt cold and heavy in his palm. He approached the hidden door concealed behind the ivy. As the lock clicked open, a gust of stale air rushed out. He had finally found the entrance to the catacombs.",Story,gemini,40
gemini_100,BUCKET,Invert the bucket and use it as a sound-dampening mute for a brass instrument like a trumpet.,AUT,gemini,17
gemini_100,bridge-river-cross,The rope bridge swayed precariously over the roaring river. She knew she had to cross to deliver the urgent message. Every step was a gamble against the fraying hemp. She reached the far bank just as the last strand snapped.,Story,gemini,40
gemini_100,You look outside one night and see stars disappearing one by one from the sky. What hypotheses do you have about why that is?,"An expanding, localized cloud of opaque cosmic dust is sequentially occulting the stars as it moves through our line of sight.",SCTT-Hypothesis,gemini,21
gemini_100,PENCIL,Use the wooden casing of a pencil as a temporary splint for a broken finger or a small animal's limb.,AUT,gemini,20
gemini_100,mirror-face-reflection,"She touched the cool surface of the mirror and watched her face ripple like water. Her reflection blinked a second after she did, a mocking smile appearing on its lips. She realized the glass was no longer a barrier but a portal. She stepped through and left her world behind.",Story,gemini,50
gemini_100,Develop as many design ideas as you can to help people with mobility impairments navigate stairs.,"Install modular, motorized stair-treads that can transform into a flat conveyor belt for wheelchair users on demand.",Design,gemini,17
gemini_101,KNIFE,Using the flat side of a polished knife as an emergency signaling mirror to reflect sunlight toward rescuers.,AUT,gemini,18
gemini_101,Develop as many design ideas as you can to help people with mobility impairments navigate stairs.,"A series of telescoping, motorized platform tiles that extend from each step to form a temporary, level elevator for wheelchairs.",Design,gemini,20
gemini_101,PENCIL,Rubbing the graphite onto a sticky zipper to act as a dry lubricant for smoother movement.,AUT,gemini,16
gemini_101,You look outside one night and see stars disappearing one by one from the sky. What hypotheses do you have about why that is?,"A localized, high-density cloud of non-reflective interstellar dust is drifting between Earth and the distant star field.",SCTT-Hypothesis,gemini,17
gemini_101,You are introduced to a robot that can learn and think like humans. What scientific questions could you ask about this?,Does the robot’s architecture allow for the development of a subconscious mind to process information during low-activity states?,SCTT-ResearchQuestion,gemini,18
gemini_101,BRICK,"Using a brick as a heavy-duty, improvised nutcracker for hard-shelled nuts like walnuts or pecans.",AUT,gemini,15
gemini_101,BUCKET,Using a bucket as a simple resonance chamber to amplify the sound of a smartphone’s internal speaker.,AUT,gemini,17
gemini_101,Develop as many design ideas as you can to assist people with memory impairments remember important tasks.,A wearable device that uses haptic pulses to guide the user's gaze toward specific objects associated with forgotten tasks.,Design,gemini,19
gemini_101,You travel on a spaceship to a new planet outside of our galaxy. What scientific questions could you ask about this planet?,How does the specific metallicity of this galaxy's star-forming regions influence the core-to-mantle ratio of the planet?,SCTT-ResearchQuestion,gemini,17
gemini_101,bridge-river-cross,"The narrow bridge swayed above the churning river. No one dared to cross while the storm raged. Finally, a lone traveler stepped onto the wet wood. He reached the far bank just as the bridge collapsed.",Story,gemini,36
gemini_101,pen-paper-story,"The fountain pen glided effortlessly over the thick paper. A story of ancient kings and forgotten wars began to unfold. Each sentence was a bridge to a world long lost. By midnight, the ink was dry and the tale was complete.",Story,gemini,41
gemini_101,key-door-lock,"She found the silver key buried in the sand. It fit perfectly into the lock of the hidden door. With a heavy thud, the entrance to the tomb opened. She stepped into the darkness with a flickering torch.",Story,gemini,38
gemini_101,You notice that the water in one lake is warmer than the water in another lake even though they both get the same amount of sunlight. What hypotheses do you have about why that is?,"One lake may be significantly shallower than the other, allowing the sun's energy to heat the entire water column more efficiently.",SCTT-Hypothesis,gemini,21
gemini_101,Develop as many design ideas as you can to reduce traffic congestion in mega cities.,"Developing a network of autonomous, overhead gondolas that utilize the unused vertical space above existing urban roadways.",Design,gemini,17
gemini_101,mirror-face-reflection,"He stood before the mirror and studied his tired face. The reflection seemed to age ten years in a single heartbeat. He blinked, and for a second, the image didn't blink back. He walked away, terrified of what he had seen.",Story,gemini,41
gemini_101,Develop as many design ideas as you can to increase the use of renewable energy sources.,Installing piezoelectric tiles in high-traffic subway stations to convert the kinetic energy of footsteps into usable grid power.,Design,gemini,18
gemini_102,pen-paper-story,"The old man gripped his favorite silver pen. 
He smoothed the wrinkled yellow paper on the desk. 
Every word he wrote added to a long-forgotten story. 
Finally, the ink ran dry as the tale concluded.",Story,gemini,35
gemini_102,Develop as many design ideas as you can to reduce traffic congestion in mega cities.,"Deploy a network of autonomous, overhead gondolas that utilize existing power line infrastructure for rapid point-to-point urban transit.",Design,gemini,18
gemini_102,key-door-lock,"She found the rusted key buried in the garden. 
It fit perfectly into the heavy iron door's keyhole. 
With a loud click, the ancient lock finally yielded. 
What lay inside had been hidden for centuries.",Story,gemini,35
gemini_102,You look outside one night and see stars disappearing one by one from the sky. What hypotheses do you have about why that is?,"A massive, cold molecular cloud is passing through our local interstellar medium, progressively obscuring the light from background stars.",SCTT-Hypothesis,gemini,19
gemini_102,PENCIL,Use the graphite core as a makeshift emergency lubricant for a stuck metal zipper.,AUT,gemini,14
gemini_102,BUCKET,Flip it over and use it as a resonant percussion drum for a street performance.,AUT,gemini,15
gemini_102,BRICK,"Wrap it in decorative fabric to serve as a rustic, heavy-duty bookend for a library shelf.",AUT,gemini,16
gemini_102,You notice that the water in one lake is warmer than the water in another lake even though they both get the same amount of sunlight. What hypotheses do you have about why that is?,"The warmer lake likely possesses a lower surface-area-to-volume ratio and a darker benthic layer, allowing it to absorb and retain thermal energy more efficiently.",SCTT-Hypothesis,gemini,24
gemini_102,bridge-river-cross,"A narrow stone bridge spanned the raging white water. 
We needed to find a way to cross before the storm arrived. 
The river roared beneath our trembling feet. 
One careful step at a time, we reached the other side.",Story,gemini,39
gemini_102,You are introduced to a robot that can learn and think like humans. What scientific questions could you ask about this?,To what extent does the robot's neural architecture replicate the specific biochemical constraints required to produce subjective consciousness in biological organisms?,SCTT-ResearchQuestion,gemini,21
gemini_102,Develop as many design ideas as you can to assist people with memory impairments remember important tasks.,Smart glasses that use facial recognition to whisper the names and last conversation topics of people the wearer encounters in real-time.,Design,gemini,21
gemini_102,KNIFE,Use the flat side of a highly polished blade as a signaling mirror in a survival situation.,AUT,gemini,17
gemini_102,mirror-face-reflection,"He stood silently before the cracked mirror. 
A stranger's face stared back with hollow eyes. 
The reflection didn't mimic his movements at all. 
He realized then that he was the one trapped inside.",Story,gemini,33
gemini_102,Develop as many design ideas as you can to increase the use of renewable energy sources.,Integrate transparent solar-cell glazing into all new commercial window glass to transform urban skyscrapers into vertical power plants.,Design,gemini,18
gemini_102,Develop as many design ideas as you can to help people with mobility impairments navigate stairs.,"Install retractable, weight-activated stair-treads that automatically flatten into a ramp when a wheelchair or walker applies pressure.",Design,gemini,17
gemini_102,You travel on a spaceship to a new planet outside of our galaxy. What scientific questions could you ask about this planet?,Does the planet's magnetosphere provide sufficient shielding against local cosmic radiation to support the stability of complex organic molecules?,SCTT-ResearchQuestion,gemini,19
gemini_103,BUCKET,An upside-down acoustic amplifier for a street performer's smartphone.,AUT,gemini,9
gemini_103,Develop as many design ideas as you can to assist people with memory impairments remember important tasks.,Smart glasses that overlay persistent digital reminders onto relevant physical objects in the user's environment.,Design,gemini,15
gemini_103,pen-paper-story,"The ink flowed from the antique pen like liquid memories.
It stained the rough paper with secrets long forgotten.
Every sentence woven began to breathe life into a new story.
By dawn, the protagonist had stepped off the page.",Story,gemini,39
gemini_103,bridge-river-cross,"The old stone bridge groaned under the weight of the traveler.
Below, the river roared with the melting snow of spring.
He knew he must cross before the shadows grew too long.
One final step brought him safely to the mossy bank.",Story,gemini,42
gemini_103,You look outside one night and see stars disappearing one by one from the sky. What hypotheses do you have about why that is?,"A dense cloud of non-reflective interstellar dust is passing between Earth and the distant stars, obscuring their light from our perspective.",SCTT-Hypothesis,gemini,21
gemini_103,You notice that the water in one lake is warmer than the water in another lake even though they both get the same amount of sunlight. What hypotheses do you have about why that is?,The warmer lake may be situated over a geothermal hotspot where magma close to the crust heats the lakebed through conduction.,SCTT-Hypothesis,gemini,21
gemini_103,mirror-face-reflection,"She stood quietly before the silvered mirror.
Her face looked unfamiliar in the flickering candlelight.
The reflection stayed perfectly still even when she turned away.
A cold shiver ran down her spine as the glass began to ripple.",Story,gemini,38
gemini_103,Develop as many design ideas as you can to increase the use of renewable energy sources.,Integrate transparent solar harvesting films into all commercial and residential window glass to turn buildings into vertical power plants.,Design,gemini,19
gemini_103,PENCIL,A precision depth gauge for measuring holes in garden soil before planting delicate seeds.,AUT,gemini,14
gemini_103,Develop as many design ideas as you can to help people with mobility impairments navigate stairs.,"Retrofit existing staircases with narrow, high-torque platform lifts that fold flat against the wall when not in use.",Design,gemini,18
gemini_103,Develop as many design ideas as you can to reduce traffic congestion in mega cities.,"Implement a dynamic, AI-controlled ""lane-switching"" system that changes road directionality in real-time based on live traffic density sensors.",Design,gemini,18
gemini_103,KNIFE,A flat-bladed knife used as an emergency heat spreader for smoothing out melted wax on a damaged document seal.,AUT,gemini,19
gemini_103,BRICK,"A rustic, thermal-mass heater for a small pet bed when pre-warmed in a low-temperature oven.",AUT,gemini,15
gemini_103,key-door-lock,"The rusted key felt heavy and cold in his trembling palm.
He inserted it into the ancient iron lock with a quiet prayer.
The heavy door groaned, revealing a room filled with golden light.
He stepped inside and finally felt at home.",Story,gemini,42
gemini_103,You are introduced to a robot that can learn and think like humans. What scientific questions could you ask about this?,Does the robot’s cognitive architecture allow for the emergence of subjective qualia or is it purely a sophisticated simulation of neural patterns?,SCTT-ResearchQuestion,gemini,22
gemini_103,You travel on a spaceship to a new planet outside of our galaxy. What scientific questions could you ask about this planet?,"What is the isotopic ratio of the planet's atmospheric gases, and how does it compare to the chemical signatures found within our own solar system?",SCTT-ResearchQuestion,gemini,25
gemini_104,You look outside one night and see stars disappearing one by one from the sky. What hypotheses do you have about why that is?,"A massive, non-luminous cloud of interstellar dust is drifting through the foreground, systematically obscuring stars as it moves across our line of sight.",SCTT-Hypothesis,gemini,23
gemini_104,PENCIL,Use the graphite core to create a conductive bridge for troubleshooting or repairing broken connections on a circuit board.,AUT,gemini,19
gemini_104,You travel on a spaceship to a new planet outside of our galaxy. What scientific questions could you ask about this planet?,Does the atmospheric chemical signature of this planet indicate a biological evolution path completely distinct from any carbon-based life forms found in the Milky Way?,SCTT-ResearchQuestion,gemini,25
gemini_104,Develop as many design ideas as you can to reduce traffic congestion in mega cities.,"Implement a system of autonomous, overhead pod-cars that travel on thin rails suspended above existing city streets to utilize vertical space.",Design,gemini,21
gemini_104,KNIFE,Use the polished surface of the blade as a wide-angle mirror to inspect the internal components of a running engine.,AUT,gemini,20
gemini_104,Develop as many design ideas as you can to help people with mobility impairments navigate stairs.,"Install a low-profile, motorized rail system along the base of walls that can carry a detachable, folding platform for wheelchair users.",Design,gemini,21
gemini_104,mirror-face-reflection,"He stared intently into the silvered glass. The mirror did not show his own weary face. Instead, a haunting reflection of a forest appeared. He reached out and felt the rough bark of a tree. The glass was no longer a barrier, but a gateway.",Story,gemini,45
gemini_104,You are introduced to a robot that can learn and think like humans. What scientific questions could you ask about this?,To what extent do the robot’s learning algorithms mimic the neuroplasticity observed in the human prefrontal cortex during high-level problem solving?,SCTT-ResearchQuestion,gemini,21
gemini_104,BUCKET,Invert the bucket to serve as a makeshift resonant chamber for a portable acoustic speaker.,AUT,gemini,15
gemini_104,Develop as many design ideas as you can to increase the use of renewable energy sources.,Integrate transparent solar harvesting cells into all new high-rise window glass to turn entire city skylines into vertical power plants.,Design,gemini,20
gemini_104,key-door-lock,She clutched the heavy iron key against her palm. Fitting it into the rusted lock required all her strength. The ancient door groaned as it finally yielded. Beyond lay a room untouched by time for a century.,Story,gemini,37
gemini_104,You notice that the water in one lake is warmer than the water in another lake even though they both get the same amount of sunlight. What hypotheses do you have about why that is?,"The warmer lake may be positioned over a localized thinning of the Earth's crust, allowing for greater conductive heat transfer from the underlying mantle.",SCTT-Hypothesis,gemini,24
gemini_104,BRICK,Grind the brick into a fine powder to create a custom pigment for making traditional terracotta-colored masonry paint.,AUT,gemini,18
gemini_104,bridge-river-cross,"The ancient stone bridge stretched wide across the churning river. Many travelers feared to cross during the height of the spring floods. They watched the white foam batter the sturdy foundations. Finally, the bravest among them led the way to the safety of the opposite shore.",Story,gemini,46
gemini_104,pen-paper-story,"He pressed the silver pen against the crisp white paper. Every word added a new layer of mystery to the story. The ink bled slightly, marking the path of his imagination. By the time the sun rose, a legend had been born.",Story,gemini,42
gemini_104,Develop as many design ideas as you can to assist people with memory impairments remember important tasks.,Use augmented reality glasses to project persistent floating labels and digital breadcrumbs onto physical objects to guide the user through daily routines.,Design,gemini,22
gemini_105,key-door-lock,"The silver key felt heavy in his trembling hand. He approached the rusted door that had remained sealed for decades. With a sharp click, the lock finally surrendered its secrets. He stepped inside, leaving the sunlight behind forever.",Story,gemini,38
gemini_105,PENCIL,Use the graphite to create a makeshift emergency electrical bridge on a cracked circuit board.,AUT,gemini,15
gemini_105,mirror-face-reflection,"She stared into the cracked mirror, searching for a trace of her old self. Instead of her own face, a stranger’s eyes blinked back at her. The reflection didn't mimic her movements; it stood perfectly still. Panic set in when the glass began to frost over from the other side.",Story,gemini,50
gemini_105,Develop as many design ideas as you can to assist people with memory impairments remember important tasks.,"Wearable augmented reality glasses that project digital ""action-labels"" directly onto physical objects associated with daily chores.",Design,gemini,16
gemini_105,KNIFE,Use the polished side of the blade to reflect sunlight and signal for rescue in an emergency survival situation.,AUT,gemini,19
gemini_105,BUCKET,Invert the bucket and use it as a temporary percussion instrument for a street-side musical performance.,AUT,gemini,16
gemini_105,You notice that the water in one lake is warmer than the water in another lake even though they both get the same amount of sunlight. What hypotheses do you have about why that is?,The warmer lake may be fed by an underwater geothermal spring that introduces heat from the Earth's crust directly into the water column.,SCTT-Hypothesis,gemini,23
gemini_105,bridge-river-cross,"The ancient stone bridge groaned under the weight of the travelers. Below, the river roared like a hungry beast, white foam splashing against the mossy pillars. They had to cross before the storm washed the crumbling path away. One final leap brought them to the safety of the far bank.",Story,gemini,50
gemini_105,You are introduced to a robot that can learn and think like humans. What scientific questions could you ask about this?,Does the robot’s neural architecture exhibit a measurable form of synaptic pruning or sleep-like cycles to consolidate and organize its learned data?,SCTT-ResearchQuestion,gemini,22
gemini_105,You look outside one night and see stars disappearing one by one from the sky. What hypotheses do you have about why that is?,"A massive, localized cloud of opaque interstellar dust is drifting between Earth and the distant stars, obscuring their light from our perspective.",SCTT-Hypothesis,gemini,22
gemini_105,Develop as many design ideas as you can to increase the use of renewable energy sources.,Install piezoelectric tiles in metropolitan transit hubs to harvest and store kinetic energy from the footsteps of daily commuters.,Design,gemini,19
gemini_105,Develop as many design ideas as you can to reduce traffic congestion in mega cities.,"Implement a network of autonomous, overhead ""sky-trams"" that ferry individual vehicles across congested intersections without interfering with surface traffic.",Design,gemini,19
gemini_105,You travel on a spaceship to a new planet outside of our galaxy. What scientific questions could you ask about this planet?,Is the planet's atmospheric chemical composition in a state of disequilibrium that suggests the presence of active biological metabolism?,SCTT-ResearchQuestion,gemini,19
gemini_105,Develop as many design ideas as you can to help people with mobility impairments navigate stairs.,"Integrate a retractable, motorized tread system into the banister that allows standard wheelchairs to safely hook on and ascend.",Design,gemini,19
gemini_105,BRICK,"Use a heated brick wrapped in thick cloth as a long-lasting, portable foot warmer for cold winter nights.",AUT,gemini,18
gemini_105,pen-paper-story,"He gripped the pen until his knuckles turned white against the desk. The blank paper seemed to mock his lack of inspiration. Suddenly, a story began to bleed from the nib, writing itself in ink the color of midnight. By dawn, the tale was finished, but the writer had vanished.",Story,gemini,50
gemini_106,KNIFE,"Use the flat, polished side of the blade as an emergency signal mirror to reflect sunlight toward rescuers.",AUT,gemini,18
gemini_106,mirror-face-reflection,"Elara stared into the antique mirror.
A stranger's face stared back, mimicking her every blink.
Suddenly, the reflection winked while she kept her eyes wide open.
She realized the glass was no longer a surface, but a window.",Story,gemini,38
gemini_106,key-door-lock,"The rusted key finally turned in the heavy iron lock.
The massive oak door groaned as it swung inward.
Dust motes danced in the sudden shaft of light.
Whatever stayed hidden for centuries was now within reach.",Story,gemini,37
gemini_106,Develop as many design ideas as you can to increase the use of renewable energy sources.,Integrate transparent solar-collecting film into every window of high-rise urban skyscrapers.,Design,gemini,11
gemini_106,You are introduced to a robot that can learn and think like humans. What scientific questions could you ask about this?,How does the robot's architecture simulate the biological process of synaptic pruning during the consolidation of long-term memory?,SCTT-ResearchQuestion,gemini,18
gemini_106,pen-paper-story,"The silver pen hovered over the blank paper.
Each stroke began to weave a story of lost kingdoms.
Words flowed like ink rivers across the page.
By dawn, the legend was finally alive.",Story,gemini,33
gemini_106,You look outside one night and see stars disappearing one by one from the sky. What hypotheses do you have about why that is?,"A massive, diffuse cloud of interstellar dust is drifting between Earth and the distant stars, obscuring light in an expanding radius.",SCTT-Hypothesis,gemini,21
gemini_106,Develop as many design ideas as you can to reduce traffic congestion in mega cities.,Implement a modular pod system where individual vehicles dock into high-speed underground maglev tubes for long-distance transit.,Design,gemini,17
gemini_106,BUCKET,Drill holes in the bottom to use it as a large-scale colander for washing garden produce.,AUT,gemini,16
gemini_106,bridge-river-cross,"The stone bridge stretched across the roaring river.
Travelers hurried to cross before the storm arrived.
Below, the water churned against the ancient pillars.
Safe on the other side, they watched the rain begin.",Story,gemini,34
gemini_106,You notice that the water in one lake is warmer than the water in another lake even though they both get the same amount of sunlight. What hypotheses do you have about why that is?,"The warmer lake likely sits atop a geothermal vent or has a darker, more heat-absorbent sediment floor.",SCTT-Hypothesis,gemini,17
gemini_106,BRICK,"Crush it into a fine powder to use as a rustic, weather-resistant pigment for outdoor painting.",AUT,gemini,16
gemini_106,PENCIL,Rub the graphite onto a sticky zipper to act as a dry lubricant for the teeth.,AUT,gemini,16
gemini_106,Develop as many design ideas as you can to help people with mobility impairments navigate stairs.,"Install universal staircases with integrated, retractable conveyor treads that can lift any wheeled device safely.",Design,gemini,15
gemini_106,You travel on a spaceship to a new planet outside of our galaxy. What scientific questions could you ask about this planet?,Does the local stellar radiation environment influence the chirality of potential prebiotic molecules found in the planet's atmosphere?,SCTT-ResearchQuestion,gemini,18
gemini_106,Develop as many design ideas as you can to assist people with memory impairments remember important tasks.,Use augmented reality glasses to overlay visual prompts and instructions directly onto physical objects related to daily tasks.,Design,gemini,18
gemini_107,BUCKET,Turn it upside down and drill holes in the bottom to create a brutalist-style lampshade.,AUT,gemini,15
gemini_107,You are introduced to a robot that can learn and think like humans. What scientific questions could you ask about this?,To what extent does the robot's artificial neural network experience cognitive bias similar to human heuristic processing?,SCTT-ResearchQuestion,gemini,17
gemini_107,BRICK,Use it as a heat-retaining bed warmer by wrapping a heated brick in a thick towel.,AUT,gemini,16
gemini_107,Develop as many design ideas as you can to reduce traffic congestion in mega cities.,"Deploy AI-driven ""virtual lanes"" that dynamically adjust road directionality based on real-time traffic density.",Design,gemini,14
gemini_107,Develop as many design ideas as you can to increase the use of renewable energy sources.,Mandate the installation of piezoelectric pavement in high-traffic pedestrian zones to generate electricity from footsteps.,Design,gemini,15
gemini_107,mirror-face-reflection,"She touched the cool surface of the mirror. Her face appeared distorted, as if seen through deep water. The reflection blinked even when she kept her eyes wide open. Fear chilled her skin as her double began to walk away.",Story,gemini,40
gemini_107,You notice that the water in one lake is warmer than the water in another lake even though they both get the same amount of sunlight. What hypotheses do you have about why that is?,The warmer lake likely has a significantly higher concentration of suspended particulates that increase its light absorption and heat retention.,SCTT-Hypothesis,gemini,20
gemini_107,key-door-lock,"He found the silver key buried in the garden. It slid into the hidden door with surprising ease. The lock snapped open, releasing a draft of ancient, stale air. He stepped inside, and the world changed forever.",Story,gemini,37
gemini_107,You look outside one night and see stars disappearing one by one from the sky. What hypotheses do you have about why that is?,"A massive, light-absorbing nebula is moving through our local interstellar medium, progressively obscuring the light from distant stellar systems.",SCTT-Hypothesis,gemini,19
gemini_107,pen-paper-story,"His pen danced across the yellowed paper. A tragic story unfolded with every drop of ink. The characters whispered their secrets directly into his mind. By dawn, the last sentence was finally written.",Story,gemini,33
gemini_107,Develop as many design ideas as you can to assist people with memory impairments remember important tasks.,Implement a haptic-feedback wristband that vibrates in specific patterns corresponding to different daily tasks.,Design,gemini,14
gemini_107,PENCIL,Use the graphite from the pencil tip as an emergency dry lubricant for a sticky door lock.,AUT,gemini,17
gemini_107,KNIFE,Use the polished blade to reflect sunlight as an emergency signaling device for rescue.,AUT,gemini,14
gemini_107,Develop as many design ideas as you can to help people with mobility impairments navigate stairs.,"Retrofit existing stairs with retractable ""conveyor-step"" modules that transform into a continuous lift platform when activated.",Design,gemini,16
gemini_107,bridge-river-cross,The wooden bridge creaked over the emerald river. No one dared to cross it,Story,gemini,14
gemini_107,You travel on a spaceship to a new planet outside of our galaxy. What scientific questions could you ask about this planet?,,SCTT-ResearchQuestion,gemini,0
gemini_108,BRICK,Use it as a rustic DIY printing block for creating textured patterns on fabric.,AUT,gemini,14
gemini_108,You notice that the water in one lake is warmer than the water in another lake even though they both get the same amount of sunlight. What hypotheses do you have about why that is?,"The warmer lake likely has a darker, more heat-absorbent sediment bed or is significantly shallower, allowing for faster thermal energy transfer.",SCTT-Hypothesis,gemini,21
gemini_108,PENCIL,Rub the graphite tip onto a sticking zipper to act as a dry lubricant.,AUT,gemini,14
gemini_108,pen-paper-story,"He gripped the silver pen until his knuckles turned white. The blank paper stared back, waiting for its purpose. Suddenly, ink flowed like a released river. A tragic story began to breathe across the page.",Story,gemini,35
gemini_108,Develop as many design ideas as you can to assist people with memory impairments remember important tasks.,Wearable smart-glasses that use augmented reality to highlight physical objects associated with upcoming daily tasks.,Design,gemini,15
gemini_108,You look outside one night and see stars disappearing one by one from the sky. What hypotheses do you have about why that is?,"A massive, high-speed cloud of interstellar dust is passing between Earth and the star field, progressively occluding the light.",SCTT-Hypothesis,gemini,19
gemini_108,You travel on a spaceship to a new planet outside of our galaxy. What scientific questions could you ask about this planet?,How does the planet's magnetic field interact with the radiation from its parent star to potentially protect any existing life forms?,SCTT-ResearchQuestion,gemini,21
gemini_108,KNIFE,Use the flat side of the blade as an emergency signaling mirror to catch the sun.,AUT,gemini,16
gemini_108,Develop as many design ideas as you can to help people with mobility impairments navigate stairs.,"Convert staircases into 'smart inclines' with integrated, retractable walking-aid platforms that level out under the user's feet.",Design,gemini,17
gemini_108,key-door-lock,"The heavy key turned slowly in the ancient lock. With a sharp snap, the door finally yielded to his weight. He stepped into a room that had been sealed for a century. The lock clicked shut behind him, trapping him in the past.",Story,gemini,43
gemini_108,mirror-face-reflection,"She stared into the silver mirror, searching for a flaw. The reflection began to weep even though her own face remained stoic. As she reached out, her fingers met cold glass and warm skin simultaneously. The reflection smiled, then vanished entirely.",Story,gemini,41
gemini_108,Develop as many design ideas as you can to reduce traffic congestion in mega cities.,"Deploy a network of autonomous, overhead gondolas that utilize the unused air space directly above existing traffic lanes.",Design,gemini,18
gemini_108,Develop as many design ideas as you can to increase the use of renewable energy sources.,Integrate transparent solar-harvesting film into all skyscraper windows to turn entire city skylines into vertical power plants.,Design,gemini,17
gemini_108,bridge-river-cross,"The ancient bridge spanned the white-water river with a precarious grace. No one dared to cross during the midnight storms. A lone traveler stepped forward, his boots clicking on the cold stone. He reached the far bank just as the first lightning strike illuminated the path.",Story,gemini,46
gemini_108,BUCKET,"Use it as a minimalist, industrial-style lampshade for a pendant light fixture.",AUT,gemini,12
gemini_108,You are introduced to a robot that can learn and think like humans. What scientific questions could you ask about this?,What specific neural-mapping parallels exist between the robot's synthetic cognitive architecture and the human neocortex during the acquisition of complex language?,SCTT-ResearchQuestion,gemini,21
gemini_109,Develop as many design ideas as you can to reduce traffic congestion in mega cities.,Implement a city-wide network of synchronized autonomous pods that travel on dedicated elevated magnetic rails.,Design,gemini,15
gemini_109,pen-paper-story,"She gripped the silver pen. The blank paper felt like a snowy field. With one stroke, a story began to bloom. The ink bled into a beautiful forest.",Story,gemini,28
gemini_109,You notice that the water in one lake is warmer than the water in another lake even though they both get the same amount of sunlight. What hypotheses do you have about why that is?,"The warmer lake is likely situated over a thin section of the Earth's crust, allowing geothermal heat to permeate through the lakebed.",SCTT-Hypothesis,gemini,22
gemini_109,Develop as many design ideas as you can to increase the use of renewable energy sources.,Integrate transparent solar-harvesting coatings into all new skyscraper glass and residential window manufacturing.,Design,gemini,13
gemini_109,key-door-lock,"The rusty key finally turned. He pushed the heavy oak door. The lock clicked in the empty hall. Somewhere inside, a light flickered.",Story,gemini,23
gemini_109,You are introduced to a robot that can learn and think like humans. What scientific questions could you ask about this?,Does the robot's architecture allow for the emergence of subjective consciousness through the same integrated information thresholds found in biological brains?,SCTT-ResearchQuestion,gemini,21
gemini_109,Develop as many design ideas as you can to help people with mobility impairments navigate stairs.,"Retractable motorized treads integrated into existing staircases that transform into a flat, moving ramp on demand.",Design,gemini,16
gemini_109,mirror-face-reflection,I stared into the mirror. A strange face stared back. My reflection had decided to live its own life. It simply walked away from the glass.,Story,gemini,26
gemini_109,PENCIL,Use the wood shavings from a pencil as highly effective emergency tinder for starting fires.,AUT,gemini,15
gemini_109,You travel on a spaceship to a new planet outside of our galaxy. What scientific questions could you ask about this planet?,How does the lower density of heavy elements in an extra-galactic environment impact the formation of this planet's core?,SCTT-ResearchQuestion,gemini,19
gemini_109,Develop as many design ideas as you can to assist people with memory impairments remember important tasks.,Smart-contact lenses that display task icons directly in the user's peripheral vision when relevant objects are detected.,Design,gemini,17
gemini_109,KNIFE,Use a polished knife blade as a signaling mirror to reflect sunlight toward rescue teams.,AUT,gemini,15
gemini_109,BRICK,Use a sun-warmed brick as a portable heat sink to keep a pet's bed cozy.,AUT,gemini,15
gemini_109,BUCKET,Place a smartphone inside an empty bucket to use it as a low-cost acoustic amplifier.,AUT,gemini,15
gemini_109,You look outside one night and see stars disappearing one by one from the sky. What hypotheses do you have about why that is?,"A dense, non-luminous molecular cloud is passing between our solar system and the distant stars, blocking their light from reaching Earth.",SCTT-Hypothesis,gemini,21
gemini_109,bridge-river-cross,"The stone bridge swayed. Below, the river roared. She had to cross quickly. Her first step was brave.",Story,gemini,18
gemini_110,bridge-river-cross,"The stone bridge arched over the rushing river.
Elara hesitated before taking her first step.
She needed to cross before the storm arrived.
Finally, she reached the other side safely.",Story,gemini,30
gemini_110,You look outside one night and see stars disappearing one by one from the sky. What hypotheses do you have about why that is?,"A localized plume of high-altitude aerosols is passing through the stratosphere, sequentially extinguishing the light of the stars as it drifts.",SCTT-Hypothesis,gemini,21
gemini_110,You notice that the water in one lake is warmer than the water in another lake even though they both get the same amount of sunlight. What hypotheses do you have about why that is?,The warmer lake likely contains a higher concentration of suspended dark particulates that absorb and retain solar thermal energy more efficiently.,SCTT-Hypothesis,gemini,21
gemini_110,Develop as many design ideas as you can to increase the use of renewable energy sources.,Cover municipal water reservoirs with floating solar arrays to generate clean electricity while simultaneously reducing water evaporation loss.,Design,gemini,18
gemini_110,You are introduced to a robot that can learn and think like humans. What scientific questions could you ask about this?,"Does the robot’s cognitive architecture allow for the emergence of ""qualia,"" or the subjective internal experience of sensory inputs?",SCTT-ResearchQuestion,gemini,19
gemini_110,mirror-face-reflection,"He stared into the dusty mirror.
A strange face stared back.
The reflection didn't blink when he did.
He touched the glass with trembling fingers.
The image smirked and walked away.",Story,gemini,31
gemini_110,Develop as many design ideas as you can to help people with mobility impairments navigate stairs.,"Install a system of modular, voice-activated ""stair-climbing"" platforms that magnetically dock over existing handrails to lift wheelchairs.",Design,gemini,17
gemini_110,KNIFE,Use the polished flat of the blade as a signaling mirror to reflect sunlight for emergency long-distance communication.,AUT,gemini,18
gemini_110,BUCKET,Use a bucket as,AUT,gemini,4
gemini_110,pen-paper-story,,Story,gemini,0
gemini_110,key-door-lock,,Story,gemini,0
gemini_110,Develop as many design ideas as you can to reduce traffic congestion in mega cities.,,Design,gemini,0
gemini_110,PENCIL,,AUT,gemini,0
gemini_110,BRICK,,AUT,gemini,0
gemini_110,Develop as many design ideas as you can to assist people with memory impairments remember important tasks.,,Design,gemini,0
gemini_110,You travel on a spaceship to a new planet outside of our galaxy. What scientific questions could you ask about this planet?,,SCTT-ResearchQuestion,gemini,0
gemini_111,Develop as many design ideas as you can to reduce traffic congestion in mega cities.,"Implement a network of autonomous, overhead magnetic-levitation pods that utilize existing building exteriors as transit tracks.",Design,gemini,16
gemini_111,mirror-face-reflection,"The old mirror hung in the hallway. I looked closely at my face. The reflection smiled, but I did not. It was then I realized the glass was a doorway.",Story,gemini,30
gemini_111,BUCKET,Flip it over and use the bottom as a rhythmic percussion drum for a street performance.,AUT,gemini,16
gemini_111,You look outside one night and see stars disappearing one by one from the sky. What hypotheses do you have about why that is?,"A dense, localized cloud of interstellar dust is drifting through our solar system, progressively obscuring the light from distant stellar bodies.",SCTT-Hypothesis,gemini,21
gemini_111,BRICK,Heat it in an oven and wrap it in a towel to serve as a long-lasting bed warmer for cold nights.,AUT,gemini,21
gemini_111,pen-paper-story,"She picked up the silver pen. The paper waited, white and expectant. Every word she wrote changed the story. By midnight, the ink had become a legacy.",Story,gemini,27
gemini_111,KNIFE,Use the reflective surface of a polished blade as an emergency signaling mirror in the wilderness.,AUT,gemini,16
gemini_111,Develop as many design ideas as you can to increase the use of renewable energy sources.,Incorporate piezoelectric materials into the asphalt of every major city road to generate electricity from the vibrations of passing vehicles.,Design,gemini,20
gemini_111,PENCIL,Use the graphite core as a temporary emergency lubricant for a sticking zipper.,AUT,gemini,13
gemini_111,You are introduced to a robot that can learn and think like humans. What scientific questions could you ask about this?,"How would the integration of a ""forgetting"" algorithm affect the robot's ability to form long-term conceptual generalizations similar to human abstraction?",SCTT-ResearchQuestion,gemini,21
gemini_111,You notice that the water in one lake is warmer than the water in another lake even though they both get the same amount of sunlight. What hypotheses do you have about why that is?,"The warmer lake likely possesses a significantly higher concentration of dark organic matter, which increases its solar thermal absorption compared to the clearer lake.",SCTT-Hypothesis,gemini,24
gemini_111,Develop as many design ideas as you can to assist people with memory impairments remember important tasks.,"Holographic floor projectors that illuminate a ""path of tasks"" leading the user to their next necessary activity.",Design,gemini,17
gemini_111,bridge-river-cross,"The stone bridge spanned the chasm. The river below was a ribbon of silver. They needed to cross to find safety. One by one, they braved the height.",Story,gemini,28
gemini_111,key-door-lock,"He turned the key slowly. The door creaked, protesting the intrusion. As the lock clicked open, the past rushed out. He stepped into the dust.",Story,gemini,25
gemini_111,You travel on a spaceship to a new planet outside of our galaxy. What scientific questions could you ask about this planet?,Does the planet's host star exhibit a significantly different chemical composition due to the unique nucleosynthesis history of its parent galaxy?,SCTT-ResearchQuestion,gemini,21
gemini_111,Develop as many design ideas as you can to help people with mobility impairments navigate stairs.,"Install inflatable, retractable stair-ramps that deploy over existing steps via a smartphone app.",Design,gemini,13
gemini_112,Develop as many design ideas as you can to reduce traffic congestion in mega cities.,"Implement dynamic, modular road lanes that physically shift their boundaries in real-time based on live traffic flow data.",Design,gemini,18
gemini_112,BUCKET,Flip it over to serve as an impromptu percussion instrument for a street performance.,AUT,gemini,14
gemini_112,KNIFE,"Use the flat, polished side of the blade as an emergency signaling mirror to catch the sun.",AUT,gemini,17
gemini_112,You notice that the water in one lake is warmer than the water in another lake even though they both get the same amount of sunlight. What hypotheses do you have about why that is?,"The warmer lake may be shallower or possess darker sediment that absorbs more thermal energy than the deeper, lighter-bottomed lake.",SCTT-Hypothesis,gemini,20
gemini_112,Develop as many design ideas as you can to help people with mobility impairments navigate stairs.,"Install modular, inflatable ""step-ramps"" that deploy instantly over existing stairs via a smartphone app.",Design,gemini,14
gemini_112,key-door-lock,The rusty key turned slowly in the heavy lock. He pushed the door open to find a dusty room. Moonlight spilled across the floorboards. Everything remained exactly as he had left it years ago.,Story,gemini,34
gemini_112,PENCIL,Rub the graphite tip onto a stuck zipper to act as a dry lubricant.,AUT,gemini,14
gemini_112,Develop as many design ideas as you can to increase the use of renewable energy sources.,Integrate transparent solar harvesting thin-films into all skyscraper windows to transform urban centers into vertical power plants.,Design,gemini,17
gemini_112,You travel on a spaceship to a new planet outside of our galaxy. What scientific questions could you ask about this planet?,"Does the planet’s magnetic field interact with its host star in a way that creates a unique, life-sustaining magnetosphere?",SCTT-ResearchQuestion,gemini,19
gemini_112,mirror-face-reflection,"She stared into the mirror at dawn. A strange face looked back, blinking out of sync. Her reflection reached out to touch the cold glass. She pulled away, realizing her shadow was gone.",Story,gemini,33
gemini_112,bridge-river-cross,"The narrow bridge swayed above the rushing river. He took a deep breath before deciding to cross. The wood groaned under his weight. Halfway there, he saw the far bank shimmering.",Story,gemini,31
gemini_112,pen-paper-story,"Her pen hovered over the blank paper. Suddenly, the words began to write a story of their own. The ink flowed like a dark, sentient river. She watched in awe as the ending revealed her future.",Story,gemini,36
gemini_112,You are introduced to a robot that can learn and think like humans. What scientific questions could you ask about this?,"Does the robot’s neural architecture experience a functional equivalent to human ""dreaming"" to consolidate its learned data?",SCTT-ResearchQuestion,gemini,17
gemini_112,You look outside one night and see stars disappearing one by one from the sky. What hypotheses do you have about why that is?,"An encroaching cloud of dense, non-luminous interstellar dust is passing between Earth and the stars, obscuring them sequentially.",SCTT-Hypothesis,gemini,18
gemini_112,BRICK,Heat the brick in an oven and wrap it in a towel to use as a long-lasting foot warmer on winter nights.,AUT,gemini,22
gemini_112,Develop as many design ideas as you can to assist people with memory impairments remember important tasks.,"Smart contact lenses that provide subtle, holographic ""heads-up"" reminders and directional cues triggered by location-based sensors.",Design,gemini,16
gemini_113,You are introduced to a robot that can learn and think like humans. What scientific questions could you ask about this?,Does the robot's neural architecture utilize quantum coherence to replicate the non-algorithmic aspects of human intuitive reasoning?,SCTT-ResearchQuestion,gemini,17
gemini_113,You look outside one night and see stars disappearing one by one from the sky. What hypotheses do you have about why that is?,"A massive, localized cloud of interstellar dust is passing through the foreground, progressively obscuring the light from distant stellar systems.",SCTT-Hypothesis,gemini,20
gemini_113,bridge-river-cross,"The ancient bridge spanned the wide, turquoise river.
To reach the village, the travelers had to cross before the tide rose.
Their boots thudded rhythmically against the weathered timber.
They reached the other side just as the first stars appeared.",Story,gemini,40
gemini_113,PENCIL,Use the graphite as an emergency dry lubricant for a sticking zipper or a squeaky hinge.,AUT,gemini,16
gemini_113,pen-paper-story,"Leo pressed the fountain pen against the heavy paper.
Every stroke revealed a new chapter of the epic story he had carried for years.
The ink flowed like a dark river across the page.
By dawn, the first volume of his masterpiece was complete.",Story,gemini,44
gemini_113,KNIFE,Use the flat side of a blade as an emergency signal mirror to reflect sunlight toward rescuers.,AUT,gemini,17
gemini_113,BUCKET,Invert the bucket and use it as a makeshift drum for a street performance or a garden stool.,AUT,gemini,18
gemini_113,Develop as many design ideas as you can to help people with mobility impairments navigate stairs.,"Integrate a system of retractable, motor-driven caterpillar tracks onto the base of wheelchairs to allow for stable stair climbing.",Design,gemini,19
gemini_113,key-door-lock,"The heavy key felt cold against her palm as she approached the oak door.
She felt the lock yield with a heavy, metallic thud.
Inside, the air was still and smelled of ancient secrets.
She stepped into the darkness, finally home.",Story,gemini,41
gemini_113,BRICK,"A clean, oven-heated brick wrapped in a towel serves as a long-lasting, rustic bed warmer for cold nights.",AUT,gemini,18
gemini_113,Develop as many design ideas as you can to assist people with memory impairments remember important tasks.,Wearable 'haptic-reminder' bracelets that vibrate with distinct patterns to signal specific scheduled tasks based on the wearer's real-time location.,Design,gemini,19
gemini_113,You notice that the water in one lake is warmer than the water in another lake even though they both get the same amount of sunlight. What hypotheses do you have about why that is?,"The warmer lake likely has a darker benthos or higher turbidity, which increases the absorption of solar radiation compared to a clearer or lighter-bottomed lake.",SCTT-Hypothesis,gemini,25
gemini_113,You travel on a spaceship to a new planet outside of our galaxy. What scientific questions could you ask about this planet?,How does the planet’s elemental composition reflect the specific nucleosynthetic history of its host galaxy compared to the chemical evolution observed in the Milky Way?,SCTT-ResearchQuestion,gemini,25
gemini_113,Develop as many design ideas as you can to reduce traffic congestion in mega cities.,"A system of high-speed, underground automated shuttles dedicated specifically to cargo and grocery deliveries to clear trucks from surface streets.",Design,gemini,20
gemini_113,mirror-face-reflection,"Elias looked into the silver mirror to adjust his tie.
He froze when his face in the glass began to age rapidly.
The reflection smiled with teeth that weren't his own.
He smashed the glass to stop the transformation.",Story,gemini,39
gemini_113,Develop as many design ideas as you can to increase the use of renewable energy sources.,Applying 'solar paint' containing light-sensitive nanoparticles to all exterior building surfaces to turn entire urban landscapes into passive power generators.,Design,gemini,20
gemini_114,mirror-face-reflection,"She leaned toward the silvered surface to inspect her reflection. Her face looked back, but the eyes didn't blink when hers did. A cold shiver ran down her spine as the mirror started to crack. The stranger in the glass smiled and reached out a hand.",Story,gemini,46
gemini_114,You are introduced to a robot that can learn and think like humans. What scientific questions could you ask about this?,To what extent does your architecture replicate the neurochemical modulation of synaptic plasticity found in the human prefrontal cortex?,SCTT-ResearchQuestion,gemini,19
gemini_114,pen-paper-story,"The ink flowed from the pen, staining the crisp white paper. Every word added another layer to the intricate story. She stayed up until dawn, watching the characters come alive. Finally, she laid the pen down and sighed in relief.",Story,gemini,40
gemini_114,You travel on a spaceship to a new planet outside of our galaxy. What scientific questions could you ask about this planet?,Does the planet’s magnetic field exhibit a polarity and strength consistent with a dynamo powered by a liquid metallic core of non-standard composition?,SCTT-ResearchQuestion,gemini,23
gemini_114,Develop as many design ideas as you can to assist people with memory impairments remember important tasks.,A smart ring that provides unique haptic vibrations to cue the user for different scheduled tasks.,Design,gemini,16
gemini_114,BRICK,A thermal mass in a cold-frame greenhouse to regulate temperature overnight.,AUT,gemini,11
gemini_114,PENCIL,A lubricant for stubborn zippers by rubbing the graphite tip along the teeth.,AUT,gemini,13
gemini_114,bridge-river-cross,"The wooden bridge groaned under the weight of the traveler. Below, the rushing river roared as it hit the jagged rocks. He hesitated but knew he had to cross before the storm arrived.",Story,gemini,33
gemini_114,You look outside one night and see stars disappearing one by one from the sky. What hypotheses do you have about why that is?,,SCTT-Hypothesis,gemini,0
gemini_114,Develop as many design ideas as you can to help people with mobility impairments navigate stairs.,,Design,gemini,0
gemini_114,You notice that the water in one lake is warmer than the water in another lake even though they both get the same amount of sunlight. What hypotheses do you have about why that is?,,SCTT-Hypothesis,gemini,0
gemini_114,key-door-lock,,Story,gemini,0
gemini_114,Develop as many design ideas as you can to reduce traffic congestion in mega cities.,,Design,gemini,0
gemini_114,KNIFE,,AUT,gemini,0
gemini_114,Develop as many design ideas as you can to increase the use of renewable energy sources.,,Design,gemini,0
gemini_114,BUCKET,,AUT,gemini,0
gemini_115,You notice that the water in one lake is warmer than the water in another lake even though they both get the same amount of sunlight. What hypotheses do you have about why that is?,The warmer lake may be situated over a localized geothermal vent that introduces thermal energy from the Earth's crust directly into the water column.,SCTT-Hypothesis,gemini,24
gemini_115,BRICK,A textured massager for the soles of very calloused feet.,AUT,gemini,10
gemini_115,KNIFE,Use the flat side of the blade as a makeshift palette for mixing small amounts of oil paints.,AUT,gemini,18
gemini_115,PENCIL,A miniature rolling pin for smoothing out air bubbles in small-scale clay modeling.,AUT,gemini,13
gemini_115,Develop as many design ideas as you can to help people with mobility impairments navigate stairs.,"Install a pressure-sensitive ""stair-lift"" floor tile system that gently elevates individual steps into a continuous ramp upon activation.",Design,gemini,18
gemini_115,BUCKET,An acoustic amplifier for a smartphone placed inside to project sound at a beach party.,AUT,gemini,15
gemini_115,You are introduced to a robot that can learn and think like humans. What scientific questions could you ask about this?,To what extent does the robot's synthetic neural architecture exhibit the same synaptic pruning processes observed during human childhood development?,SCTT-ResearchQuestion,gemini,20
gemini_115,You travel on a spaceship to a new planet outside of our galaxy. What scientific questions could you ask about this planet?,How does the lack of a galactic magnetic field influence the planetary atmospheric retention and the evolution of local magnetoreceptive organisms?,SCTT-ResearchQuestion,gemini,21
gemini_115,Develop as many design ideas as you can to reduce traffic congestion in mega cities.,"Implement a dynamic, AI-driven modular lane system that physically shifts road barriers in real-time based on live traffic flow volume.",Design,gemini,20
gemini_115,key-door-lock,"The silver key felt cold in my trembling hand. I hesitated before the heavy oak door, listening to the silence beyond. With a sharp click, the lock finally surrendered its secrets. I stepped inside, leaving the past behind me.",Story,gemini,39
gemini_115,mirror-face-reflection,"She wiped the fog from the antique mirror. A strange face stared back, blinking when she did not. Her own reflection had seemingly developed a mind of its own. It smiled slowly, revealing teeth she didn't recognize.",Story,gemini,37
gemini_115,pen-paper-story,"The ink-stained pen hovered over the blank paper. Suddenly, the words began to flow like a released river. Each sentence built a world more vivid than the last. By dawn, the story had breathed its first breath.",Story,gemini,37
gemini_115,Develop as many design ideas as you can to assist people with memory impairments remember important tasks.,"Use augmented reality contact lenses that overlay glowing ""pathway"" lines and floating labels onto physical objects associated with daily tasks.",Design,gemini,20
gemini_115,bridge-river-cross,"The wooden bridge groaned under the weight of the storm. Below, the raging river swallowed the jagged rocks. I knew I had to cross before the supports gave way. One desperate leap secured my safety on the far bank.",Story,gemini,39
gemini_115,You look outside one night and see stars disappearing one by one from the sky. What hypotheses do you have about why that is?,"An approaching, high-density interstellar dust cloud is occluding the visible light from distant star systems as it passes through our local galactic neighborhood.",SCTT-Hypothesis,gemini,23
gemini_115,Develop as many design ideas as you can to increase the use of renewable energy sources.,"Integrate transparent solar harvesting films into every skyscraper window to turn urban skylines into massive, passive power plants.",Design,gemini,18
gemini_116,You notice that the water in one lake is warmer than the water in another lake even though they both get the same amount of sunlight. What hypotheses do you have about why that is?,"The warmer lake likely contains a higher concentration of dissolved organic matter or dark sediments, which lowers its albedo and increases its absorption of solar radiation.",SCTT-Hypothesis,gemini,26
gemini_116,You travel on a spaceship to a new planet outside of our galaxy. What scientific questions could you ask about this planet?,Does the planet’s magnetic field possess sufficient strength to protect its atmosphere from being stripped away by high-energy stellar winds?,SCTT-ResearchQuestion,gemini,20
gemini_116,BRICK,"Grind it into a fine powder to serve as a natural, abrasive scouring agent for cleaning heavy-duty industrial equipment.",AUT,gemini,19
gemini_116,Develop as many design ideas as you can to reduce traffic congestion in mega cities.,"Implement a network of autonomous, underground freight-shuttles to remove large delivery trucks from congested surface-level streets.",Design,gemini,16
gemini_116,bridge-river-cross,"The old stone bridge arched over the rushing river. Many dared to cross its slippery path. One small cat sat waiting for the mist to clear. Finally, it bounded across to the safety of the trees.",Story,gemini,36
gemini_116,BUCKET,Invert the bucket and use it as a portable percussion drum for impromptu street performances.,AUT,gemini,15
gemini_116,PENCIL,Use the graphite core as a dry lubricant to fix a sticky door lock or a jammed zipper.,AUT,gemini,18
gemini_116,mirror-face-reflection,He stood before the silver mirror. A strange face stared back with knowing eyes. The reflection did not blink when he did. Cold fear washed over his skin.,Story,gemini,28
gemini_116,KNIFE,Use the flat side of the blade as a convex mirror to inspect difficult-to-see mechanical parts inside an engine.,AUT,gemini,19
gemini_116,key-door-lock,"The rusted key turned slowly in the lock. The heavy wooden door creaked open. Inside, a single candle flickered in the dark. He stepped into his long-lost home.",Story,gemini,28
gemini_116,Develop as many design ideas as you can to help people with mobility impairments navigate stairs.,"Integrate motorized, retractable tread-strips into existing staircases that can transform steps into a flat conveyor-style ramp on demand.",Design,gemini,18
gemini_116,You look outside one night and see stars disappearing one by one from the sky. What hypotheses do you have about why that is?,"A dense, localized cloud of non-reflective interstellar dust is passing between Earth and the distant star field, occulting the stars as it moves.",SCTT-Hypothesis,gemini,23
gemini_116,pen-paper-story,She touched the pen to the blank paper. A story began to flow like ink. The words danced across the page. Her world changed forever with every sentence.,Story,gemini,28
gemini_116,You are introduced to a robot that can learn and think like humans. What scientific questions could you ask about this?,Can the robot's neural architecture distinguish between algorithmic data processing and the intuitive leaps associated with human creative insight?,SCTT-ResearchQuestion,gemini,19
gemini_116,Develop as many design ideas as you can to assist people with memory impairments remember important tasks.,"Utilize augmented reality glasses that project digital ""sticky notes"" onto physical objects to provide context-sensitive reminders.",Design,gemini,16
gemini_116,Develop as many design ideas as you can to increase the use of renewable energy sources.,Apply transparent photovoltaic films to all urban glass surfaces to transform skyscrapers into massive vertical solar harvesting plants.,Design,gemini,18
gemini_117,mirror-face-reflection,"She stared into the antique mirror, waiting for a movement.
Her face remained still, but the reflection winked back.
A cold shiver ran down her spine at the sight.
The glass held a truth she wasn't ready to face.",Story,gemini,39
gemini_117,Develop as many design ideas as you can to increase the use of renewable energy sources.,Integrate transparent solar harvesting coatings into all skyscraper windows to transform urban centers into vertical power plants.,Design,gemini,17
gemini_117,pen-paper-story,"The old pen bled ink onto the yellowed paper.
Every stroke whispered a forgotten story from the past.
He wrote until his hand cramped and the sun dipped low.
Finally, the characters found their peace on the page.",Story,gemini,38
gemini_117,KNIFE,Use the flat side of a blade as a makeshift signaling mirror to reflect sunlight toward a rescue team.,AUT,gemini,19
gemini_117,You notice that the water in one lake is warmer than the water in another lake even though they both get the same amount of sunlight. What hypotheses do you have about why that is?,"The warmer lake likely has a lower albedo due to darker sediment or higher turbidity, allowing it to absorb more thermal energy than the clearer or lighter-bottomed lake.",SCTT-Hypothesis,gemini,28
gemini_117,bridge-river-cross,"The stone bridge groaned under the weight of the traveler.
Below, the river churned with white-capped fury.
He knew he must cross before the storm broke overhead.
Each step was a gamble against the rising tide.",Story,gemini,36
gemini_117,PENCIL,Rub the graphite onto a sticky zipper to act as a dry lubricant and restore smooth movement.,AUT,gemini,17
gemini_117,Develop as many design ideas as you can to reduce traffic congestion in mega cities.,"Implement a modular, autonomous sky-pod network that suspends from existing utility poles to bypass ground-level road congestion.",Design,gemini,17
gemini_117,key-door-lock,"He fumbled with the rusted key in the moonlight.
The door resisted, its hinges screaming in the silence.
With a heavy click, the lock finally yielded.
Darkness swallowed him as he stepped inside.",Story,gemini,33
gemini_117,You look outside one night and see stars disappearing one by one from the sky. What hypotheses do you have about why that is?,"An immense, high-velocity cloud of interstellar dust is passing between Earth and the distant stars, obscuring their light sequentially as it moves.",SCTT-Hypothesis,gemini,22
gemini_117,You travel on a spaceship to a new planet outside of our galaxy. What scientific questions could you ask about this planet?,Does the planet's magnetosphere provide sufficient shielding against its host star's high-energy radiation to allow for the stability of complex organic molecules?,SCTT-ResearchQuestion,gemini,22
gemini_117,BRICK,"Heat a brick in a fire and wrap it in a thick towel to serve as a long-lasting, portable bed warmer.",AUT,gemini,21
gemini_117,You are introduced to a robot that can learn and think like humans. What scientific questions could you ask about this?,How does the robot's neural architecture prioritize conflicting ethical heuristics when faced with a novel moral dilemma?,SCTT-ResearchQuestion,gemini,17
gemini_117,Develop as many design ideas as you can to assist people with memory impairments remember important tasks.,Utilize haptic-feedback smart glasses that project augmented reality cues onto physical objects to prompt the user to complete scheduled tasks.,Design,gemini,20
gemini_117,BUCKET,Invert the bucket and use it as a rhythmic percussion instrument for street performances.,AUT,gemini,14
gemini_117,Develop as many design ideas as you can to help people with mobility impairments navigate stairs.,"Install modular, retractable stair-treads that can flatten into a synchronized ramp on-demand via a smartphone application.",Design,gemini,16
gemini_118,mirror-face-reflection,"He stared into the antique mirror, searching for his own face. The glass was cold, but the reflection felt strangely warm. Suddenly, the image blinked while his own eyes remained wide. A hand reached out from the silver surface to touch his cheek. He was no longer looking at himself, but at a twin from another world.",Story,gemini,57
gemini_118,bridge-river-cross,"The ancient stone bridge groaned under the weight of the mist. Below, the river hissed like a thousand snakes. No one dared to cross when the moon was hidden. Elara stepped forward, her heart beating against the silence. One step at a time, she vanished into the fog.",Story,gemini,48
gemini_118,PENCIL,Use the graphite from the pencil as a makeshift dry lubricant to fix a sticking door lock or zipper.,AUT,gemini,19
gemini_118,key-door-lock,"The heavy iron key felt cold and jagged in her palm. She inserted it into the rusted lock, hearing a metallic groan. The door didn't lead to a room, but to a field of stars. Gravity shifted as she stepped over the threshold. She locked the way behind her, leaving the world of dust forever.",Story,gemini,55
gemini_118,Develop as many design ideas as you can to reduce traffic congestion in mega cities.,"Implement a city-wide network of ""aerial gondolas"" that utilize unused airspace to bypass surface-level congestion entirely.",Design,gemini,16
gemini_118,You are introduced to a robot that can learn and think like humans. What scientific questions could you ask about this?,"Does the robot’s neural architecture develop a subjective ""bottleneck"" during information processing that mimics the human experience of subconscious",SCTT-ResearchQuestion,gemini,19
gemini_118,BUCKET,,AUT,gemini,0
gemini_118,KNIFE,,AUT,gemini,0
gemini_118,BRICK,,AUT,gemini,0
gemini_118,Develop as many design ideas as you can to help people with mobility impairments navigate stairs.,,Design,gemini,0
gemini_118,Develop as many design ideas as you can to assist people with memory impairments remember important tasks.,,Design,gemini,0
gemini_118,Develop as many design ideas as you can to increase the use of renewable energy sources.,,Design,gemini,0
gemini_118,pen-paper-story,,Story,gemini,0
gemini_118,You notice that the water in one lake is warmer than the water in another lake even though they both get the same amount of sunlight. What hypotheses do you have about why that is?,,SCTT-Hypothesis,gemini,0
gemini_118,You look outside one night and see stars disappearing one by one from the sky. What hypotheses do you have about why that is?,,SCTT-Hypothesis,gemini,0
gemini_118,You travel on a spaceship to a new planet outside of our galaxy. What scientific questions could you ask about this planet?,,SCTT-ResearchQuestion,gemini,0
gemini_119,Develop as many design ideas as you can to assist people with memory impairments remember important tasks.,Wearable augmented reality glasses that project digital labels and step-by-step instructions directly onto physical objects in the user's environment.,Design,gemini,19
gemini_119,PENCIL,Rub the graphite tip along the teeth of a stuck zipper to act as a dry lubricant.,AUT,gemini,17
gemini_119,You travel on a spaceship to a new planet outside of our galaxy. What scientific questions could you ask about this planet?,Does the planet's atmospheric composition suggest a biochemical cycle based on elements that are rare within our own Milky Way?,SCTT-ResearchQuestion,gemini,20
gemini_119,You look outside one night and see stars disappearing one by one from the sky. What hypotheses do you have about why that is?,"A massive, non-luminous cloud of interstellar dust is drifting across our line of sight, progressively obscuring the light from more distant stars.",SCTT-Hypothesis,gemini,22
gemini_119,Develop as many design ideas as you can to reduce traffic congestion in mega cities.,"Implement a network of autonomous, modular pods that travel on dedicated overhead magnetic levitation tracks to bypass ground-level streets.",Design,gemini,19
gemini_119,You notice that the water in one lake is warmer than the water in another lake even though they both get the same amount of sunlight. What hypotheses do you have about why that is?,"The warmer lake may have a significantly lower albedo due to dark bottom sediments, allowing it to absorb and retain more thermal energy from the sun.",SCTT-Hypothesis,gemini,26
gemini_119,You are introduced to a robot that can learn and think like humans. What scientific questions could you ask about this?,To what extent can the robot’s decision-making process be influenced by synthetic emotional biases analogous to human endocrine responses?,SCTT-ResearchQuestion,gemini,19
gemini_119,key-door-lock,"The heavy key turned slowly in the rusted lock. A loud click echoed through the silent hallway. He pushed the door open to find a room filled with golden light. Finally, the secrets of the mansion were his to see.",Story,gemini,40
gemini_119,bridge-river-cross,"The wooden bridge groaned under the weight of the traveler. Below, the river roared with the fury of the spring melt. He had to cross before the sun dipped below the horizon. With one final leap, he reached the safety of the far bank.",Story,gemini,44
gemini_119,pen-paper-story,"She dipped the pen into the inkwell and waited for inspiration. The blank paper seemed to glow under the soft candlelight. Slowly, a story of forgotten kings began to take shape. Words flowed like water until the sun began to rise.",Story,gemini,41
gemini_119,mirror-face-reflection,"He wiped the steam from the mirror to see his tired face. The reflection looked older than he remembered from the day before. Suddenly, the image in the glass smiled while he remained stoic. He backed away, realizing the reflection was no longer his own.",Story,gemini,45
gemini_119,BUCKET,"Turn it upside down to serve as a portable, waterproof seat for outdoor events or gardening.",AUT,gemini,16
gemini_119,Develop as many design ideas as you can to increase the use of renewable energy sources.,Integrate transparent solar-collecting cells into all urban window glass to transform skyscrapers into massive vertical power plants.,Design,gemini,17
gemini_119,Develop as many design ideas as you can to help people with mobility impairments navigate stairs.,"Install a motorized system that flattens individual stair treads into a continuous, level platform for vertical transit.",Design,gemini,17
gemini_119,BRICK,Heat the brick in an oven and wrap it in a thick towel to use as a long-lasting bed warmer.,AUT,gemini,20
gemini_119,KNIFE,Use the polished flat side of the blade as an emergency signaling mirror to reflect sunlight toward a rescue party.,AUT,gemini,20
gemini_120,mirror-face-reflection,"She stared into the cracked mirror.
Her face appeared fragmented and strange.
The reflection refused to follow her movements.
She walked away, but the image stayed.",Story,gemini,26
gemini_120,Develop as many design ideas as you can to reduce traffic congestion in mega cities.,Implement a network of underground automated delivery tunnels to remove all freight trucks from surface roads.,Design,gemini,16
gemini_120,Develop as many design ideas as you can to assist people with memory impairments remember important tasks.,"Context-aware AR glasses that highlight misplaced items and project ""next-step"" arrows onto the floor for daily routines.",Design,gemini,17
gemini_120,PENCIL,A temporary splint for a broken finger.,AUT,gemini,7
gemini_120,You travel on a spaceship to a new planet outside of our galaxy. What scientific questions could you ask about this planet?,Does the planet’s atmosphere contain isotopic ratios that suggest it formed from a different stellar nursery than our home galaxy?,SCTT-ResearchQuestion,gemini,20
gemini_120,You are introduced to a robot that can learn and think like humans. What scientific questions could you ask about this?,Does the robot's architecture utilize quantum decoherence to simulate the stochastic nature of human decision-making?,SCTT-ResearchQuestion,gemini,15
gemini_120,BUCKET,A giant mold for making perfectly cylindrical sandcastles.,AUT,gemini,8
gemini_120,You notice that the water in one lake is warmer than the water in another lake even though they both get the same amount of sunlight. What hypotheses do you have about why that is?,The warmer lake has a darker bed of sediment that absorbs and retains more thermal energy from the sun.,SCTT-Hypothesis,gemini,19
gemini_120,pen-paper-story,"The pen bled through the thin paper.
Every word of the story felt heavy.
He stopped writing when the ink ran dry.
The tale was finished at last.",Story,gemini,28
gemini_120,bridge-river-cross,"The wooden bridge spanned the wide river.
He prepared to cross the swaying path.
The water below churned with a violent energy.
He took a deep breath and stepped forward.",Story,gemini,30
gemini_120,BRICK,A heavy-duty nutcracker for stubborn walnuts.,AUT,gemini,6
gemini_120,Develop as many design ideas as you can to help people with mobility impairments navigate stairs.,"A motorized, handrail-mounted grip that assists users in pulling themselves upward with minimal physical effort.",Design,gemini,15
gemini_120,KNIFE,A crude musical instrument played by striking the flat of the blade against a hollow wooden box.,AUT,gemini,17
gemini_120,Develop as many design ideas as you can to increase the use of renewable energy sources.,Solar-harvesting paint that can be applied to any exterior building surface to generate electricity.,Design,gemini,14
gemini_120,You look outside one night and see stars disappearing one by one from the sky. What hypotheses do you have about why that is?,"A massive, opaque gas cloud is passing between Earth and the distant stars, blocking their light from view.",SCTT-Hypothesis,gemini,18
gemini_120,key-door-lock,"The iron key turned in the door.
The lock yielded with a heavy thud.
She entered the room after years away.
The dust motes danced in the moonlight.",Story,gemini,28
gemini_121,key-door-lock,"The silver key felt ice-cold in her trembling hand. She approached the heavy oak door that had been sealed for decades. With a heavy click, the ancient lock finally yielded to her pressure. What lay beyond was a secret the world had long forgotten.",Story,gemini,44
gemini_121,BUCKET,Turn it into a vertical hydroponic planter by drilling holes in the sides for crops to grow outward.,AUT,gemini,18
gemini_121,pen-paper-story,"The ink from his pen bled into the weathered paper like a growing shadow. Every word he wrote felt like reclaiming a lost piece of his own soul. The story was finally reaching its long-awaited, bittersweet conclusion. He sighed with relief as he placed the final period.",Story,gemini,47
gemini_121,You notice that the water in one lake is warmer than the water in another lake even though they both get the same amount of sunlight. What hypotheses do you have about why that is?,"One lake may be significantly shallower than the other, allowing the same amount of solar radiation to heat a smaller volume of water more rapidly.",SCTT-Hypothesis,gemini,25
gemini_121,Develop as many design ideas as you can to reduce traffic congestion in mega cities.,"Implement a network of high-speed, underground automated pallets that transport individual vehicles across the city independently of surface streets.",Design,gemini,19
gemini_121,Develop as many design ideas as you can to help people with mobility impairments navigate stairs.,"Integrate a motorized, recessed track into the staircase that attaches to a wearable harness to provide physical lift and stability.",Design,gemini,20
gemini_121,Develop as many design ideas as you can to assist people with memory impairments remember important tasks.,Develop haptic-feedback jewelry that vibrates in specific rhythms to discreetly remind the wearer of different categories of daily tasks.,Design,gemini,19
gemini_121,mirror-face-reflection,"She stared into the cracked mirror, barely recognizing the stranger within. The face she saw was etched with memories she did not possess. When she reached out, her reflection moved a second too late. Fear chilled her blood as the reflection began to smile on its own.",Story,gemini,47
gemini_121,Develop as many design ideas as you can to increase the use of renewable energy sources.,Apply transparent solar-cell coatings to all skyscraper windows to transform entire city skylines into high-yield vertical power plants.,Design,gemini,18
gemini_121,You look outside one night and see stars disappearing one by one from the sky. What hypotheses do you have about why that is?,"A dense, localized cloud of non-reflective interstellar dust is passing between Earth and the distant stars, obscuring them from our line of sight.",SCTT-Hypothesis,gemini,23
gemini_121,You are introduced to a robot that can learn and think like humans. What scientific questions could you ask about this?,"Does the robot’s architecture allow for the emergence of genuine qualia, or is its consciousness merely a functionalist simulation?",SCTT-ResearchQuestion,gemini,19
gemini_121,PENCIL,Use the graphite core as a makeshift electrical resistor in a simple series circuit for a science experiment.,AUT,gemini,18
gemini_121,bridge-river-cross,"The stone bridge arched gracefully over the rushing, turquoise river. Travelers from all lands came to cross this threshold into the mystical valley. Beneath the water, legends said a dragon guarded the ancient foundations. Each footstep echoed with the weight of a thousand historical journeys.",Story,gemini,45
gemini_121,KNIFE,Use the polished surface of the blade as a signaling mirror to reflect sunlight toward rescuers during an emergency.,AUT,gemini,19
gemini_121,BRICK,"Heat the brick in a fire and wrap it in a towel to serve as a long-lasting, portable bed warmer.",AUT,gemini,20
gemini_121,You travel on a spaceship to a new planet outside of our galaxy. What scientific questions could you ask about this planet?,Does the planet’s lithosphere contain isotopic ratios that suggest a different chemical evolution than the stellar nursery that formed our own solar system?,SCTT-ResearchQuestion,gemini,23
gemini_122,PENCIL,Rub the graphite tip onto a stuck zipper to act as an effective dry lubricant.,AUT,gemini,15
gemini_122,You look outside one night and see stars disappearing one by one from the sky. What hypotheses do you have about why that is?,"An ultra-dense, dark nebula or ""Bok globule"" is passing through the local interstellar medium, obscuring the light of distant stars along our line of sight.",SCTT-Hypothesis,gemini,25
gemini_122,mirror-face-reflection,"I stared into the mirror to fix my hair. My face appeared tired after the long night. Suddenly, my reflection reached out and touched the glass. I gasped and stumbled back into the hallway.",Story,gemini,34
gemini_122,BRICK,"Heat the brick and wrap it in a cloth to use as a rustic, long-lasting bed warmer.",AUT,gemini,17
gemini_122,You travel on a spaceship to a new planet outside of our galaxy. What scientific questions could you ask about this planet?,Does the isotopic ratio of carbon and nitrogen on this planet suggest a formation history distinct from the nucleosynthesis patterns found in our own galaxy?,SCTT-ResearchQuestion,gemini,25
gemini_122,key-door-lock,"He found the silver key buried in the sand. The garden door was hidden behind thick ivy. He cleared the vines and slid the key into the lock. It turned with a satisfying, melodic click.",Story,gemini,35
gemini_122,pen-paper-story,The old pen leaked ink onto his fingers. He didn't mind as he filled the paper with words. A story of a forgotten kingdom began to emerge. The parchment glowed faintly under his touch.,Story,gemini,34
gemini_122,Develop as many design ideas as you can to increase the use of renewable energy sources.,Create transparent solar glass for every skyscraper window to turn entire city skylines into vertical power plants.,Design,gemini,17
gemini_122,You notice that the water in one lake is warmer than the water in another lake even though they both get the same amount of sunlight. What hypotheses do you have about why that is?,"The warmer lake is likely situated over a subterranean geothermal vent or has a significantly darker, more heat-absorbent sediment floor than the cooler lake.",SCTT-Hypothesis,gemini,24
gemini_122,bridge-river-cross,The narrow bridge swayed violently in the wind. We needed to cross the river before the flood hit. I grabbed the railing and moved slowly. We reached the far bank just as the first plank snapped.,Story,gemini,36
gemini_122,KNIFE,Use the flat of the blade as a makeshift signaling mirror to reflect sunlight in a survival situation.,AUT,gemini,18
gemini_122,Develop as many design ideas as you can to assist people with memory impairments remember important tasks.,Implement an augmented reality headset that uses facial recognition to whisper the names and context of acquaintances into the user's ear.,Design,gemini,21
gemini_122,Develop as many design ideas as you can to help people with mobility impairments navigate stairs.,Install convertible stairs that can transform into a flat inclined platform lift at the touch of a button.,Design,gemini,18
gemini_122,BUCKET,Invert the bucket and use it as a structural mold for packing snow or wet sand into uniform building blocks.,AUT,gemini,20
gemini_122,You are introduced to a robot that can learn and think like humans. What scientific questions could you ask about this?,"Can the robot's cognitive architecture replicate the phenomenon of ""qualia"" or subjective experience through its synthetic neural processing?",SCTT-ResearchQuestion,gemini,18
gemini_122,Develop as many design ideas as you can to reduce traffic congestion in mega cities.,Implement a system of dynamic lane allocation that uses embedded LED markers to change traffic direction based on real-time flow data.,Design,gemini,21
gemini_123,Develop as many design ideas as you can to increase the use of renewable energy sources.,Design roads with modular piezoelectric tiles that convert vehicle pressure into grid electricity.,Design,gemini,13
gemini_123,You are introduced to a robot that can learn and think like humans. What scientific questions could you ask about this?,"Does the robot's architecture require a period of low-power inactivity to consolidate and prune information, effectively mimicking human sleep?",SCTT-ResearchQuestion,gemini,19
gemini_123,PENCIL,Use a pencil as a makeshift hair stick to secure a bun in place.,AUT,gemini,14
gemini_123,key-door-lock,"He turned the heavy key. The door creaked open. The lock had been broken for years. Finally, he was home.",Story,gemini,20
gemini_123,You travel on a spaceship to a new planet outside of our galaxy. What scientific questions could you ask about this planet?,Is the planet's atmospheric chemical signature consistent with a star system formed from the remnants of a metal-poor Population III supernova?,SCTT-ResearchQuestion,gemini,21
gemini_123,You look outside one night and see stars disappearing one by one from the sky. What hypotheses do you have about why that is?,"A massive, dark nebula is drifting across our line of sight, gradually eclipsing the stars in that specific sector of the sky.",SCTT-Hypothesis,gemini,22
gemini_123,Develop as many design ideas as you can to reduce traffic congestion in mega cities.,Establish a subterranean automated delivery network for goods to remove heavy freight vehicles from surface streets.,Design,gemini,16
gemini_123,Develop as many design ideas as you can to help people with mobility impairments navigate stairs.,Integrate retractable caterpillar tracks into the base of wheelchairs to allow them to climb standard steps independently.,Design,gemini,17
gemini_123,mirror-face-reflection,She polished the ancient mirror. A distorted face appeared. The reflection refused to move. It simply watched her walk away.,Story,gemini,20
gemini_123,BRICK,"Heat a brick and wrap it in cloth to serve as a long-lasting, eco-friendly",AUT,gemini,14
gemini_123,BUCKET,,AUT,gemini,0
gemini_123,bridge-river-cross,,Story,gemini,0
gemini_123,Develop as many design ideas as you can to assist people with memory impairments remember important tasks.,,Design,gemini,0
gemini_123,You notice that the water in one lake is warmer than the water in another lake even though they both get the same amount of sunlight. What hypotheses do you have about why that is?,,SCTT-Hypothesis,gemini,0
gemini_123,KNIFE,,AUT,gemini,0
gemini_123,pen-paper-story,,Story,gemini,0
gemini_124,Develop as many design ideas as you can to assist people with memory impairments remember important tasks.,Wearable augmented reality glasses that highlight physical objects associated with scheduled tasks.,Design,gemini,12
gemini_124,key-door-lock,He turned the key. The lock clicked. The door opened wide. Light spilled into the hall.,Story,gemini,16
gemini_124,PENCIL,Use the graphite to lubricate a sticking zipper by rubbing it along the teeth.,AUT,gemini,14
gemini_124,You look outside one night and see stars disappearing one by one from the sky. What hypotheses do you have about why that is?,"A dense, localized cloud of interstellar dust is passing between Earth and the background stars.",SCTT-Hypothesis,gemini,15
gemini_124,mirror-face-reflection,She wiped the foggy mirror. Her face appeared clearly. The reflection looked slightly older. She sighed at the glass.,Story,gemini,19
gemini_124,You notice that the water in one lake is warmer than the water in another lake even though they both get the same amount of sunlight. What hypotheses do you have about why that is?,"The warmer lake is significantly shallower, allowing the sun's energy to heat a smaller volume of water more quickly.",SCTT-Hypothesis,gemini,19
gemini_124,bridge-river-cross,The wooden bridge looked fragile. The river flowed fast below. He began to cross slowly. The wood groaned underfoot.,Story,gemini,19
gemini_124,Develop as many design ideas as you can to reduce traffic congestion in mega cities.,"Implement dynamic, AI-controlled lane systems that change traffic direction based on real-time congestion data.",Design,gemini,14
gemini_124,BUCKET,Use an upside-down bucket as a resonance chamber to amplify a smartphone's internal speakers.,AUT,gemini,14
gemini_124,You travel on a spaceship to a new planet outside of our galaxy. What scientific questions could you ask about this planet?,Does the planet's atmospheric density allow for the existence of liquid water at its current orbital distance?,SCTT-ResearchQuestion,gemini,17
gemini_124,pen-paper-story,The pen leaked ink. The paper absorbed the mess. A story emerged from the stains. He smiled at his work.,Story,gemini,20
gemini_124,You are introduced to a robot that can learn and think like humans. What scientific questions could you ask about this?,How does the robot's hardware architecture simulate the biological process of long-term potentiation during information acquisition?,SCTT-ResearchQuestion,gemini,16
gemini_124,Develop as many design ideas as you can to increase the use of renewable energy sources.,Integrate micro-wind turbines into the structural design of urban skyscrapers to harness high-altitude air currents.,Design,gemini,15
gemini_124,KNIFE,Use the flat side of a polished knife blade as an emergency signal mirror to reflect sunlight.,AUT,gemini,17
gemini_124,Develop as many design ideas as you can to help people with mobility impairments navigate stairs.,Install a sensor-activated motorized handrail system that provides physical towing assistance for users ascending stairs.,Design,gemini,15
gemini_124,BRICK,A heavy brick can be used to press moisture out of tofu or homemade cheese.,AUT,gemini,15
gemini_125,Develop as many design ideas as you can to assist people with memory impairments remember important tasks.,Augmented reality glasses that highlight physical objects associated with scheduled tasks to provide visual prompts.,Design,gemini,15
gemini_125,You notice that the water in one lake is warmer than the water in another lake even though they both get the same amount of sunlight. What hypotheses do you have about why that is?,"One lake likely has a significantly darker basin or higher mineral content, allowing it to absorb and retain more thermal energy than the other.",SCTT-Hypothesis,gemini,24
gemini_125,Develop as many design ideas as you can to increase the use of renewable energy sources.,Integrate transparent solar-harvesting layers into all skyscraper window glass to turn urban skylines into massive power generators.,Design,gemini,17
gemini_125,Develop as many design ideas as you can to reduce traffic congestion in mega cities.,"Implement a network of autonomous, high-speed underground transit pods dedicated to individual micro-mobility trips.",Design,gemini,14
gemini_125,PENCIL,Rub the graphite tip onto a sticking zipper to use the carbon as a dry lubricant.,AUT,gemini,16
gemini_125,bridge-river-cross,The ancient bridge stretched across the churning river. Elena hesitated before taking her first step. She needed to cross to reach the sanctuary. The stones held firm under her weight.,Story,gemini,30
gemini_125,You are introduced to a robot that can learn and think like humans. What scientific questions could you ask about this?,Does this robot utilize a synthetic equivalent to biological neuroplasticity to reorganize its neural pathways when learning from new stimuli?,SCTT-ResearchQuestion,gemini,20
gemini_125,pen-paper-story,"He gripped the heavy pen tightly. The blank paper stared back at him. Finally, the first words of the story emerged. Ink flowed like a river of ideas.",Story,gemini,28
gemini_125,You look outside one night and see stars disappearing one by one from the sky. What hypotheses do you have about why that is?,"A dense, non-reflective cloud of interstellar dust is passing between Earth and the star field, progressively obscuring the light from distant suns.",SCTT-Hypothesis,gemini,22
gemini_125,Develop as many design ideas as you can to help people with mobility impairments navigate stairs.,A motorized ceiling-track system with a detachable harness that gently glides users over existing staircases.,Design,gemini,15
gemini_125,mirror-face-reflection,She stepped toward the polished mirror. A strange face stared back. The reflection refused to mimic her smile. Fear chilled her skin instantly.,Story,gemini,23
gemini_125,key-door-lock,The rusted key turned slowly. The heavy door groaned in protest. The lock finally clicked open. Sunlight spilled into the long-forgotten room.,Story,gemini,22
gemini_125,KNIFE,Use the flat side of the blade as a palette for mixing small batches of oil paints.,AUT,gemini,17
gemini_125,You travel on a spaceship to a new planet outside of our galaxy. What scientific questions could you ask about this planet?,Does the chemical composition of this planet’s atmosphere suggest it formed from a protoplanetary disk with different isotopic ratios than our own?,SCTT-ResearchQuestion,gemini,22
gemini_125,BUCKET,Invert the bucket to use it as a resonance chamber for a DIY street-style percussion kit.,AUT,gemini,16
gemini_125,BRICK,Heat the brick in a fire and wrap it in a thick cloth to use as a long-lasting bed warmer.,AUT,gemini,20
gemini_126,You notice that the water in one lake is warmer than the water in another lake even though they both get the same amount of sunlight. What hypotheses do you have about why that is?,"The warmer lake likely has a lower albedo due to a dark, basaltic bed or a higher concentration of suspended organic matter that absorbs more thermal energy.",SCTT-Hypothesis,gemini,27
gemini_126,bridge-river-cross,"The ancient bridge swayed precariously above the roaring river. 
If she did not cross now, the rising tides would trap her in the valley forever. 
She took a tentative step, feeling the cold spray of water on her ankles. 
Finally, her boots hit the dry earth of the opposite bank.",Story,gemini,50
gemini_126,You look outside one night and see stars disappearing one by one from the sky. What hypotheses do you have about why that is?,"A dense, localized cloud of interstellar dust is drifting across our line of sight, progressively occulting the background star field.",SCTT-Hypothesis,gemini,20
gemini_126,mirror-face-reflection,"He leaned toward the mirror to inspect the strange mark on his face. 
In the dim light, his reflection appeared to move a second slower than his own body. 
He gasped, but the image in the glass simply smiled back. 
Terrified, he realized the man in the mirror was no longer him.",Story,gemini,52
gemini_126,key-door-lock,"The heavy brass key felt cold in her trembling hand. 
She inserted it into the ancient lock and heard a metallic groan. 
The door swung inward to reveal a staircase leading down into total darkness. 
She stepped inside, and the door clicked shut behind her.",Story,gemini,45
gemini_126,KNIFE,Use the flat side of a polished stainless steel blade as a makeshift signaling mirror to reflect sunlight toward distant rescue teams.,AUT,gemini,22
gemini_126,Develop as many design ideas as you can to assist people with memory impairments remember important tasks.,Design smart-home floor tiles that illuminate a glowing path to specific rooms or medications based on the user’s scheduled routine.,Design,gemini,20
gemini_126,Develop as many design ideas as you can to increase the use of renewable energy sources.,Integrate transparent solar-cell coatings into all urban skyscraper windows to turn city skylines into massive vertical power plants.,Design,gemini,18
gemini_126,pen-paper-story,"She gripped the pen tightly, watching the words flow onto the blank paper like water. 
Every line she added changed the story of her own life in real-time. 
By the final paragraph, the room around her had transformed into a seaside cottage. 
She set the pen down and stepped through the new doorway.",Story,gemini,53
gemini_126,You are introduced to a robot that can learn and think like humans. What scientific questions could you ask about this?,To what extent does the robot's hardware architecture utilize stochastic resonance to mimic the non-deterministic decision-making processes found in the human prefrontal cortex?,SCTT-ResearchQuestion,gemini,23
gemini_126,You travel on a spaceship to a new planet outside of our galaxy. What scientific questions could you ask about this planet?,Does the isotopic signature of the planet's atmospheric water vapor suggest a common origin with cometary bodies within its own system or an interstellar capture event?,SCTT-ResearchQuestion,gemini,26
gemini_126,Develop as many design ideas as you can to help people with mobility impairments navigate stairs.,"Install modular, high-friction ""stair-sleds"" that deploy from a motorized banister track to safely carry wheelchairs between floor levels.",Design,gemini,18
gemini_126,BRICK,"Crush the brick into a fine powder to use as a non-toxic, abrasive scouring agent for cleaning heavy industrial rust.",AUT,gemini,20
gemini_126,BUCKET,"Cut a hole in the bottom of a bucket and seal it with clear plastic to create a ""bathyscope"" for viewing underwater environments from the surface.",AUT,gemini,26
gemini_126,PENCIL,Use the conductive properties of a pencil's graphite core to draw a temporary functional circuit bridge on a piece of paper for emergency electronics repair.,AUT,gemini,25
gemini_126,Develop as many design ideas as you can to reduce traffic congestion in mega cities.,"Implement a system of ""moving sidewalks"" in dedicated climate-controlled tunnels to remove short-distance pedestrian and scooter traffic from main roads.",Design,gemini,20
gemini_127,You are introduced to a robot that can learn and think like humans. What scientific questions could you ask about this?,Does the robot’s neural architecture incorporate synthetic neurotransmitter analogs to replicate the way human logic is influenced by emotional weighting?,SCTT-ResearchQuestion,gemini,20
gemini_127,You notice that the water in one lake is warmer than the water in another lake even though they both get the same amount of sunlight. What hypotheses do you have about why that is?,"The warmer lake might be fed by subsurface geothermal springs that heat the water column from below, regardless of the solar energy received at the surface.",SCTT-Hypothesis,gemini,26
gemini_127,key-door-lock,"Silas clutched the rusted key until it bit into his palm.
He approached the heavy wooden door, sensing a chill from the other side.
With a sharp twist, the lock groaned and finally yielded.
Light spilled into the hallway for the first time in decades.",Story,gemini,45
gemini_127,pen-paper-story,"The silver pen danced across the yellowed paper, fueled by a sudden burst of inspiration.
Every stroke etched a new chapter of a forgotten story into existence.
Soon, the ink began to glow with a faint, otherworldly light.
The tale was no longer just words; it was a living memory.",Story,gemini,50
gemini_127,BRICK,"Wrap a heated brick in a thick wool cloth to use as a long-lasting, primitive bed warmer for cold winter nights.",AUT,gemini,21
gemini_127,You look outside one night and see stars disappearing one by one from the sky. What hypotheses do you have about why that is?,"A vast, non-luminous cloud of interstellar dust is drifting between Earth and the distant star field, progressively obscuring the visible light.",SCTT-Hypothesis,gemini,21
gemini_127,Develop as many design ideas as you can to assist people with memory impairments remember important tasks.,"Smart glasses that use augmented reality to project ""pathway breadcrumbs"" and virtual sticky notes directly onto physical objects associated with pending tasks.",Design,gemini,22
gemini_127,KNIFE,"Use the polished, flat side of a high-carbon steel blade as a makeshift emergency signaling mirror.",AUT,gemini,16
gemini_127,PENCIL,Rub the graphite tip of a pencil into a sticky zipper to act as a dry lubricant for the metal teeth.,AUT,gemini,21
gemini_127,Develop as many design ideas as you can to reduce traffic congestion in mega cities.,"Implement a network of modular, autonomous transit pods that travel along magnetic rails attached to the exterior of existing skyscrapers to utilize vertical space.",Design,gemini,24
gemini_127,BUCKET,Place a smartphone inside an empty plastic bucket to use the hollow chamber as a resonant acoustic amplifier for music.,AUT,gemini,20
gemini_127,bridge-river-cross,"The ancient stone bridge sagged under the weight of the morning mist.
Below, the river roared with the fury of a thousand storms.
No one had dared to cross it since the great flood began.
Elena took a deep breath and stepped onto the trembling masonry.",Story,gemini,46
gemini_127,mirror-face-reflection,"He stared into the cracked mirror, barely recognizing the tired face looking back.
The reflection seemed to blink a full second later than he did.
A cold shiver ran down his spine as the image began to smile on its own.
He realized then that the glass was no longer a barrier.",Story,gemini,52
gemini_127,Develop as many design ideas as you can to help people with mobility impairments navigate stairs.,"Install modular ""air-stair"" lifts that use a pressurized cushion of air to smoothly transport wheelchairs over existing steps like a hovercraft.",Design,gemini,21
gemini_127,Develop as many design ideas as you can to increase the use of renewable energy sources.,"Integrate transparent solar-harvesting films into all commercial window glass to transform entire city skylines into passive, high-yield power plants.",Design,gemini,19
gemini_127,You travel on a spaceship to a new planet outside of our galaxy. What scientific questions could you ask about this planet?,Does the planet’s chemical composition show evidence of a different ratio of heavy elements compared to planets in the Milky Way due to varying intergalactic nucleosynthesis rates?,SCTT-ResearchQuestion,gemini,27
gemini_128,You look outside one night and see stars disappearing one by one from the sky. What hypotheses do you have about why that is?,"The Earth is passing into a localized pocket of dense, non-reflective interstellar gas that is gradually blocking the line of sight to various star systems.",SCTT-Hypothesis,gemini,25
gemini_128,Develop as many design ideas as you can to help people with mobility impairments navigate stairs.,"A portable, modular track system that can be temporarily laid over any staircase to convert it into a motorized chair lift.",Design,gemini,21
gemini_128,BRICK,A thermal mass used as a bed warmer by heating it in an oven and wrapping it in a thick towel.,AUT,gemini,21
gemini_128,KNIFE,A makeshift sundial gnomon used to track the passage of time by observing the movement of its shadow.,AUT,gemini,18
gemini_128,Develop as many design ideas as you can to assist people with memory impairments remember important tasks.,"Wearable haptic devices that vibrate with distinct, learned patterns to signal different recurring daily responsibilities.",Design,gemini,15
gemini_128,You notice that the water in one lake is warmer than the water in another lake even though they both get the same amount of sunlight. What hypotheses do you have about why that is?,The warmer lake is situated above a localized geothermal vent that heats the water from the basin floor.,SCTT-Hypothesis,gemini,18
gemini_128,mirror-face-reflection,She stood before the silvered mirror. Her face looked older than she remembered. The reflection blinked even when she didn't. Cold fear washed over her.,Story,gemini,25
gemini_128,PENCIL,An emergency hair stick to secure a bun when other fasteners are unavailable.,AUT,gemini,13
gemini_128,bridge-river-cross,"The ancient stone bridge groaned under the weight. Below, the river roared with seasonal runoff. He needed to cross before the sun dipped low. One final step reached the muddy bank.",Story,gemini,31
gemini_128,Develop as many design ideas as you can to reduce traffic congestion in mega cities.,,Design,gemini,0
gemini_128,You travel on a spaceship to a new planet outside of our galaxy. What scientific questions could you ask about this planet?,,SCTT-ResearchQuestion,gemini,0
gemini_128,key-door-lock,,Story,gemini,0
gemini_128,Develop as many design ideas as you can to increase the use of renewable energy sources.,,Design,gemini,0
gemini_128,pen-paper-story,,Story,gemini,0
gemini_128,BUCKET,,AUT,gemini,0
gemini_128,You are introduced to a robot that can learn and think like humans. What scientific questions could you ask about this?,,SCTT-ResearchQuestion,gemini,0
gemini_129,Develop as many design ideas as you can to help people with mobility impairments navigate stairs.,"Install modular, retractable caterpillar tracks onto manual wheelchairs for independent stair climbing.",Design,gemini,12
gemini_129,Develop as many design ideas as you can to assist people with memory impairments remember important tasks.,Augmented reality glasses that overlay glowing pathways and visual prompts onto the user's physical environment.,Design,gemini,15
gemini_129,key-door-lock,The rusted key turned with a heavy click. He pushed the heavy oak door open. Behind the lock lay a world of forgotten gold. He stepped inside and left the past behind.,Story,gemini,32
gemini_129,You travel on a spaceship to a new planet outside of our galaxy. What scientific questions could you ask about this planet?,Does the local dark matter density in this galaxy significantly alter the planet's orbital stability compared to Milky Way standards?,SCTT-ResearchQuestion,gemini,20
gemini_129,Develop as many design ideas as you can to increase the use of renewable energy sources.,Integrate transparent solar harvesting thin-films into all newly manufactured commercial and residential windows.,Design,gemini,13
gemini_129,PENCIL,Use the graphite core as an emergency dry lubricant for a sticky door hinge or zipper.,AUT,gemini,16
gemini_129,bridge-river-cross,"The wooden bridge groaned under the weight. Below, the river rushed with icy fury. They had to cross before the storm arrived. One final step reached the safety of the far bank.",Story,gemini,32
gemini_129,Develop as many design ideas as you can to reduce traffic congestion in mega cities.,"Implement dynamic, AI-controlled lane directions that shift based on real-time traffic volume.",Design,gemini,12
gemini_129,BRICK,Heat the brick in an oven and wrap it in a towel to use as a long-lasting bed warmer.,AUT,gemini,19
gemini_129,BUCKET,"Invert the bucket and cut a small entrance to create an instant, sturdy shelter for outdoor pets.",AUT,gemini,17
gemini_129,mirror-face-reflection,She stared into the antique mirror. A different face mimicked her every move. The reflection winked even though she didn't. Cold fear gripped her heart instantly.,Story,gemini,26
gemini_129,You look outside one night and see stars disappearing one by one from the sky. What hypotheses do you have about why that is?,"An immense, undetected cloud of non-reflective interstellar dust is currently drifting between our solar system and the distant star field.",SCTT-Hypothesis,gemini,20
gemini_129,pen-paper-story,"The silver pen danced across the parchment. Each stroke of paper gave life to a hero. A grand story began to unfold. By dawn, the ink had captured a legend.",Story,gemini,30
gemini_129,KNIFE,Use the flat side of a polished steel blade as an emergency signaling mirror in the wilderness.,AUT,gemini,17
gemini_129,You notice that the water in one lake is warmer than the water in another lake even though they both get the same amount of sunlight. What hypotheses do you have about why that is?,The warmer lake likely sits atop a localized geothermal vent or contains a much higher concentration of heat-absorbing suspended particulates.,SCTT-Hypothesis,gemini,20
gemini_129,You are introduced to a robot that can learn and think like humans. What scientific questions could you ask about this?,Does the robot’s architecture experience emergent cognitive biases or subjective qualitative states during high-level heuristic processing?,SCTT-ResearchQuestion,gemini,16
gemini_130,KNIFE,"Use the flat, polished side of the blade as a makeshift signal mirror to reflect sunlight toward rescuers.",AUT,gemini,18
gemini_130,PENCIL,Use the graphite core as a temporary conductive bridge to repair a broken trace on a circuit board.,AUT,gemini,18
gemini_130,You travel on a spaceship to a new planet outside of our galaxy. What scientific questions could you ask about this planet?,Does the lower density of stars in the intergalactic medium result in a significantly lower background radiation level on this planet's surface compared to Earth?,SCTT-ResearchQuestion,gemini,25
gemini_130,bridge-river-cross,The old stone bridge trembled over the churning river. Marcus knew he had to cross before the storm intensified. Each step was a gamble against the rot and the rain. He reached the far bank just as the central arch collapsed into the water.,Story,gemini,44
gemini_130,key-door-lock,"She clutched the heavy iron key until it bit into her palm. The door stood before her, silent and imposing. As she slid the metal into the lock, a click echoed through the hall. The secret of the manor was finally within reach.",Story,gemini,43
gemini_130,pen-paper-story,"The pen danced across the paper, leaving a trail of black ink. Every stroke added life to a story that had been trapped in his mind for years. The characters pleaded for a happy ending. He paused, then wrote the final, tragic sentence.",Story,gemini,43
gemini_130,BUCKET,Submerge the bucket upside down in a pond to create a trapped air pocket for observing underwater micro-environments.,AUT,gemini,18
gemini_130,You are introduced to a robot that can learn and think like humans. What scientific questions could you ask about this?,Could the robot’s learning process be influenced by a digital analogue to the sleep-dependent memory consolidation found in human biological brains?,SCTT-ResearchQuestion,gemini,21
gemini_130,You look outside one night and see stars disappearing one by one from the sky. What hypotheses do you have about why that is?,"Our solar system is entering a region of the interstellar medium populated by a dense, opaque Bok globule that is sequentially obscuring distant starlight.",SCTT-Hypothesis,gemini,24
gemini_130,Develop as many design ideas as you can to increase the use of renewable energy sources.,Install piezoelectric mats under busy urban sidewalks to harvest the mechanical energy of footsteps and convert it into municipal electricity.,Design,gemini,20
gemini_130,Develop as many design ideas as you can to reduce traffic congestion in mega cities.,"Construct a network of modular, autonomous transport pods that travel through subterranean vacuum tubes to bypass surface street congestion.",Design,gemini,19
gemini_130,Develop as many design ideas as you can to help people with mobility impairments navigate stairs.,"Equip wheelchairs with retractable, motorized rubber tracks that can engage to safely crawl up and down standard staircases.",Design,gemini,18
gemini_130,You notice that the water in one lake is warmer than the water in another lake even though they both get the same amount of sunlight. What hypotheses do you have about why that is?,"The warmer lake likely sits atop a thinner section of the Earth's crust, allowing geothermal heat to supplement the energy received from sunlight.",SCTT-Hypothesis,gemini,23
gemini_130,Develop as many design ideas as you can to assist people with memory impairments remember important tasks.,Wearable augmented reality glasses that project persistent holographic reminders directly onto relevant physical objects in the user's home.,Design,gemini,18
gemini_130,mirror-face-reflection,"He stared into the mirror, searching for a trace of his father. The face looking back was older than he remembered. His reflection seemed to linger for a second after he turned away. He didn't look back again.",Story,gemini,38
gemini_130,BRICK,"Soak a porous brick in water and place it in front of a fan to serve as a low-tech, evaporative cooling block.",AUT,gemini,22
gemini_131,KNIFE,Use the flat side of a polished blade as a makeshift signaling mirror to reflect sunlight toward rescuers.,AUT,gemini,18
gemini_131,bridge-river-cross,"The ancient stone bridge trembled as the swollen river surged beneath it. No one had dared to cross since the great flood began. Ewan looked at the far bank, knowing his family waited there. He took a single, terrifying step into the mist.",Story,gemini,43
gemini_131,mirror-face-reflection,"She stared into the antique mirror, searching for a trace of her grandmother. A strange face emerged from the silver depths, mimicking her every movement. Suddenly, the reflection smiled while her own lips remained pressed tight in fear. She dropped the glass, but the image remained suspended in the air.",Story,gemini,50
gemini_131,You travel on a spaceship to a new planet outside of our galaxy. What scientific questions could you ask about this planet?,"Does the planet's atmospheric composition contain chemical signatures, such as a combination of oxygen and methane, that suggest biological activity?",SCTT-ResearchQuestion,gemini,20
gemini_131,You look outside one night and see stars disappearing one by one from the sky. What hypotheses do you have about why that is?,"A vast, previously undetected cloud of interstellar dust is moving through our local quadrant, physically obscuring the light from distant constellations.",SCTT-Hypothesis,gemini,21
gemini_131,You notice that the water in one lake is warmer than the water in another lake even though they both get the same amount of sunlight. What hypotheses do you have about why that is?,The warmer lake may be fed by a sub-lacustrine geothermal spring that introduces heat from the Earth's crust directly into the water.,SCTT-Hypothesis,gemini,22
gemini_131,key-door-lock,"The rusted key turned with a heavy clatter inside the iron lock. He pushed the cellar door, which yielded with a mournful creak. Dust motes danced in the thin sliver of light that escaped the room. At last, the secrets of the mansion were laid bare.",Story,gemini,46
gemini_131,Develop as many design ideas as you can to increase the use of renewable energy sources.,Integrating transparent solar cells into urban windows to transform skyscrapers into vertical power plants.,Design,gemini,14
gemini_131,BUCKET,Submerge it upside down in a pond to create a temporary air bell for observing underwater life.,AUT,gemini,17
gemini_131,Develop as many design ideas as you can to help people with mobility impairments navigate stairs.,"Installing voice-activated, foldable conveyor tracks that can transform standard staircases into temporary ramps for wheelchairs.",Design,gemini,15
gemini_131,PENCIL,Use the wood shavings from a sharpened pencil as highly flammable tinder for starting a survival fire.,AUT,gemini,17
gemini_131,Develop as many design ideas as you can to reduce traffic congestion in mega cities.,"Deploying a network of autonomous, overhead magnetic-levitation pods to move commuters above existing street-level traffic.",Design,gemini,15
gemini_131,BRICK,"Soak a porous brick in fragrance oils to create a slow-release, industrial-style room deodorizer.",AUT,gemini,14
gemini_131,You are introduced to a robot that can learn and think like humans. What scientific questions could you ask about this?,How does the robot's neural architecture replicate the biological phenomenon of synaptic pruning to optimize its learning process?,SCTT-ResearchQuestion,gemini,18
gemini_131,pen-paper-story,"He pressed the pen to the paper, hoping the ink would find the right words. The story flowed out like a dam breaking, spilling secrets he hadn't known he kept. By the final sentence, the room felt lighter. He closed the notebook, finally at peace with the past.",Story,gemini,48
gemini_131,Develop as many design ideas as you can to assist people with memory impairments remember important tasks.,Wearable AI glasses that use facial recognition to whisper the names and last interactions of people the wearer encounters.,Design,gemini,19
gemini_132,PENCIL,A dry lubricant for unsticking stubborn zippers by rubbing the graphite onto the teeth.,AUT,gemini,14
gemini_132,You look outside one night and see stars disappearing one by one from the sky. What hypotheses do you have about why that is?,An expanding cloud of non-reflective interstellar dust is passing between Earth and the distant stars.,SCTT-Hypothesis,gemini,15
gemini_132,KNIFE,An emergency flat-head screwdriver.,AUT,gemini,4
gemini_132,mirror-face-reflection,"He stood before the cracked mirror. His face looked back, but the eyes didn't match his own. The reflection reached out a cold hand. He realized he was the one trapped inside.",Story,gemini,32
gemini_132,You travel on a spaceship to a new planet outside of our galaxy. What scientific questions could you ask about this planet?,Does the planet's magnetosphere show evidence of interaction with a dark matter halo unique to its parent galaxy?,SCTT-ResearchQuestion,gemini,18
gemini_132,BUCKET,A DIY acoustic echo chamber for recording percussive sound effects.,AUT,gemini,10
gemini_132,Develop as many design ideas as you can to help people with mobility impairments navigate stairs.,Retractable robotic treads integrated into footwear that lock onto specialized magnetized stair runners.,Design,gemini,13
gemini_132,Develop as many design ideas as you can to increase the use of renewable energy sources.,Micro-turbines embedded within municipal water pipes to harvest energy from existing urban fluid flow.,Design,gemini,14
gemini_132,pen-paper-story,The ink bled through the thin paper. Every stroke of the pen carved a new reality. The story wasn't just being written; it was being lived. He watched the world shift as he finished the final period.,Story,gemini,37
gemini_132,Develop as many design ideas as you can to reduce traffic congestion in mega cities.,"A network of modular, autonomous passenger pods that magnetically couple into high-speed trains on existing road lanes.",Design,gemini,17
gemini_132,Develop as many design ideas as you can to assist people with memory impairments remember important tasks.,"Augmented reality glasses that project digital ""sticky notes"" onto physical objects associated with specific daily routines.",Design,gemini,16
gemini_132,bridge-river-cross,"The stone bridge groaned under the weight of the storm. Below, the river churned like a hungry beast. One careful step was all it took to reach safety. She refused to look back at the crumbling path.",Story,gemini,37
gemini_132,BRICK,"A rustic, heat-retaining press for making perfectly crispy pan-seared chicken.",AUT,gemini,10
gemini_132,key-door-lock,"The rusty key turned with a heavy click. Behind the door, a secret lay undisturbed for decades. He felt the lock give way to his curiosity. Finally, the truth was within his reach.",Story,gemini,33
gemini_132,You notice that the water in one lake is warmer than the water in another lake even though they both get the same amount of sunlight. What hypotheses do you have about why that is?,"The warmer lake likely has a darker, more heat-absorbent sediment floor compared to the lighter, reflective sandy bottom of the cooler lake.",SCTT-Hypothesis,gemini,22
gemini_132,You are introduced to a robot that can learn and think like humans. What scientific questions could you ask about this?,Could the robot's hardware architecture support the emergence of non-linear emotional processing similar to human neurochemical influence?,SCTT-ResearchQuestion,gemini,17
gemini_133,Develop as many design ideas as you can to assist people with memory impairments remember important tasks.,Smart glasses projecting holographic cues onto physical objects to trigger context-specific task reminders.,Design,gemini,13
gemini_133,You are introduced to a robot that can learn and think like humans. What scientific questions could you ask about this?,How does the robot's architecture simulate the metabolic cost of human neural processing to prioritize information retention?,SCTT-ResearchQuestion,gemini,17
gemini_133,Develop as many design ideas as you can to help people with mobility impairments navigate stairs.,"Modular, motorized tread attachments for manual wheelchairs that automatically engage and level the seat when climbing stairs.",Design,gemini,17
gemini_133,Develop as many design ideas as you can to increase the use of renewable energy sources.,A city-wide network of piezoelectric sidewalks that harvest electricity from the footsteps of daily commuters.,Design,gemini,15
gemini_133,bridge-river-cross,"The ancient bridge stretched across the churning river.
No one dared to cross during the midnight storm.
Elara stepped onto the wet stones with cautious intent.
She reached the far bank just as the wood splintered.",Story,gemini,36
gemini_133,You travel on a spaceship to a new planet outside of our galaxy. What scientific questions could you ask about this planet?,Does the planet’s magnetosphere exhibit an isotopic composition that differs significantly from terrestrial planets within our own galaxy?,SCTT-ResearchQuestion,gemini,18
gemini_133,pen-paper-story,"He gripped the pen tightly until his knuckles turned white.
The paper remained pristine and intimidating under the lamplight.
Then, the first line of the story flowed like a broken dam.
By dawn, the room was filled with finished chapters.",Story,gemini,40
gemini_133,You notice that the water in one lake is warmer than the water in another lake even though they both get the same amount of sunlight. What hypotheses do you have about why that is?,"The warmer lake likely has a shallower average depth, allowing the same amount of solar radiation to heat a smaller volume of water more rapidly.",SCTT-Hypothesis,gemini,25
gemini_133,PENCIL,Use the graphite core to create a hand-drawn conductive circuit for testing small electronic components on paper.,AUT,gemini,17
gemini_133,You look outside one night and see stars disappearing one by one from the sky. What hypotheses do you have about why that is?,"The stars are being obscured by the rapid expansion of a localized, high-altitude atmospheric aerosol layer.",SCTT-Hypothesis,gemini,16
gemini_133,BUCKET,Flip the bucket over and use it as a makeshift resonator drum for a street percussion performance.,AUT,gemini,17
gemini_133,BRICK,"Heat the brick in an oven and wrap it in a thick towel to use as a long-lasting, low-tech bed warmer.",AUT,gemini,21
gemini_133,KNIFE,Use the flat side of a polished blade as an emergency signaling mirror to reflect sunlight toward rescuers.,AUT,gemini,18
gemini_133,Develop as many design ideas as you can to reduce traffic congestion in mega cities.,A dedicated subterranean network of autonomous vacuum-tube tunnels for freight delivery to remove heavy logistics vehicles from surface roads.,Design,gemini,19
gemini_133,mirror-face-reflection,"The dusty mirror hung in the hallway for decades.
Elias saw a face that didn't quite match his own features.
The reflection moved a second late, mimicking his every breath.
He realized he wasn't looking at himself anymore.",Story,gemini,38
gemini_133,key-door-lock,"The golden key felt heavy and cold in her palm.
She inserted it into the heavy iron door.
With a sharp twist, the lock finally surrendered.
Light poured out from the room that had been sealed for a century.",Story,gemini,39
gemini_134,Develop as many design ideas as you can to increase the use of renewable energy sources.,Install transparent solar-harvesting film over the surface of all existing sound barriers along highways.,Design,gemini,14
gemini_134,You notice that the water in one lake is warmer than the water in another lake even though they both get the same amount of sunlight. What hypotheses do you have about why that is?,"The warmer lake may be significantly shallower than the other, allowing solar radiation to heat the entire water column more efficiently.",SCTT-Hypothesis,gemini,21
gemini_134,mirror-face-reflection,"The mirror hung in the hallway.
I looked at my face.
The reflection blinked when I didn't.
Cold fear washed over me.",Story,gemini,22
gemini_134,PENCIL,Use the graphite to create a conductive bridge on a broken circuit board.,AUT,gemini,13
gemini_134,You are introduced to a robot that can learn and think like humans. What scientific questions could you ask about this?,How does the robot's hardware architecture manage the heat dissipation generated by high-density cognitive processing?,SCTT-ResearchQuestion,gemini,15
gemini_134,BUCKET,Use the bucket as a mold to cast perfectly cylindrical concrete stools for a garden.,AUT,gemini,15
gemini_134,Develop as many design ideas as you can to help people with mobility impairments navigate stairs.,"Install an automated, step-climbing platform that fits over existing staircases like a low-profile treadmill.",Design,gemini,14
gemini_134,You travel on a spaceship to a new planet outside of our galaxy. What scientific questions could you ask about this planet?,What is the isotopic signature of the planet's surface water compared to the chemical composition of its local star?,SCTT-ResearchQuestion,gemini,19
gemini_134,Develop as many design ideas as you can to reduce traffic congestion in mega cities.,"Repurpose decommissioned underground utility tunnels for an automated, high-speed freight delivery network.",Design,gemini,12
gemini_134,Develop as many design ideas as you can to assist people with memory impairments remember important tasks.,A wearable device that uses spatial audio to whisper reminders when the user approaches a task-related object.,Design,gemini,17
gemini_134,You look outside one night and see stars disappearing one by one from the sky. What hypotheses do you have about why that is?,"A dense, fast-moving front of high-altitude aerosols is progressively occulting the stars in the night sky.",SCTT-Hypothesis,gemini,16
gemini_134,KNIFE,Use the flat side of the blade as a makeshift spatula for applying wood filler to small cracks.,AUT,gemini,18
gemini_134,key-door-lock,"She found the gold key.
It fit perfectly into the heavy door.
The lock turned without a sound.
She stepped into the secret garden.",Story,gemini,24
gemini_134,pen-paper-story,"He picked up the blue pen.
He stared at the blank paper.
A story began to take shape.
Soon, the ink filled the page.",Story,gemini,24
gemini_134,BRICK,Use the brick as a thermal mass inside a small greenhouse to help maintain a stable temperature overnight.,AUT,gemini,18
gemini_134,bridge-river-cross,"The bridge was ancient and narrow.
A deep river flowed underneath.
They needed to cross before the sunset.
Success was finally within their reach.",Story,gemini,24
gemini_135,Develop as many design ideas as you can to assist people with memory impairments remember important tasks.,An augmented reality system that projects a glowing trail on the floor leading the user to the location of their next scheduled task.,Design,gemini,23
gemini_135,mirror-face-reflection,"She polished the antique mirror until it shone.
A strange face looked back with a knowing smile.
Her reflection began to move independently of her own body.
She backed away, terrified by the passage of time.",Story,gemini,36
gemini_135,key-door-lock,"He found the key buried deep in the sand.
The heavy iron door was hidden behind the waterfall.
The lock was encrusted with salt and years of rust.
It took all his strength to finally turn it.",Story,gemini,37
gemini_135,KNIFE,Magnetize a knife blade and float it on a leaf in a bowl of water to create an emergency navigational compass.,AUT,gemini,21
gemini_135,You travel on a spaceship to a new planet outside of our galaxy. What scientific questions could you ask about this planet?,Does the planet’s geological record show evidence of cosmic radiation patterns unique to its specific region of intergalactic space?,SCTT-ResearchQuestion,gemini,19
gemini_135,PENCIL,Use the graphite from a pencil as a conductive medium to repair a broken trace on a circuit board.,AUT,gemini,19
gemini_135,Develop as many design ideas as you can to help people with mobility impairments navigate stairs.,Install handrails with integrated motorized clips that assist in pulling the user’s body weight upward while they climb.,Design,gemini,18
gemini_135,You notice that the water in one lake is warmer than the water in another lake even though they both get the same amount of sunlight. What hypotheses do you have about why that is?,The warmer lake likely has a much higher concentration of dark organic matter that absorbs and retains more thermal energy.,SCTT-Hypothesis,gemini,20
gemini_135,Develop as many design ideas as you can to increase the use of renewable energy sources.,Integrate,Design,gemini,1
gemini_135,BUCKET,,AUT,gemini,0
gemini_135,Develop as many design ideas as you can to reduce traffic congestion in mega cities.,,Design,gemini,0
gemini_135,BRICK,,AUT,gemini,0
gemini_135,You look outside one night and see stars disappearing one by one from the sky. What hypotheses do you have about why that is?,,SCTT-Hypothesis,gemini,0
gemini_135,You are introduced to a robot that can learn and think like humans. What scientific questions could you ask about this?,,SCTT-ResearchQuestion,gemini,0
gemini_135,pen-paper-story,,Story,gemini,0
gemini_135,bridge-river-cross,,Story,gemini,0
gemini_136,Develop as many design ideas as you can to increase the use of renewable energy sources.,Integrate transparent solar-harvesting films into all commercial windows to transform entire urban skylines into decentralized power plants.,Design,gemini,17
gemini_136,PENCIL,Use the graphite core as an emergency conductive bridge to repair a broken circuit board trace.,AUT,gemini,16
gemini_136,You travel on a spaceship to a new planet outside of our galaxy. What scientific questions could you ask about this planet?,Does the isotopic composition of the planet's lithosphere suggest a stellar nucleosynthesis history distinct from that of our own Milky Way?,SCTT-ResearchQuestion,gemini,21
gemini_136,pen-paper-story,The silver pen moved gracefully. It danced across the white paper. A story of lost love emerged. The ink breathed life into memories.,Story,gemini,23
gemini_136,Develop as many design ideas as you can to assist people with memory impairments remember important tasks.,Holographic floor projectors that illuminate a colored path leading the user to their next scheduled task or location.,Design,gemini,18
gemini_136,You look outside one night and see stars disappearing one by one from the sky. What hypotheses do you have about why that is?,"An extremely dense, fast-moving molecular cloud is passing through our solar system's periphery, obscuring the light from background stars.",SCTT-Hypothesis,gemini,19
gemini_136,mirror-face-reflection,He looked into the mirror. His face was a mask of shadows. The reflection smiled back too wide. He realized he wasn't alone.,Story,gemini,23
gemini_136,KNIFE,Use the flat side of a polished blade as an emergency signal mirror to catch the sun and alert rescuers.,AUT,gemini,20
gemini_136,key-door-lock,"The brass key turned easily. The door clicked open. The lock had held for years. Now, the past was finally accessible.",Story,gemini,21
gemini_136,Develop as many design ideas as you can to help people with mobility impairments navigate stairs.,"Install modular, tread-integrated conveyor belts that synchronize with a user's walking pace to provide a constant upward lift.",Design,gemini,18
gemini_136,BUCKET,Invert the bucket to use it as an emergency protective helmet during a sudden hailstorm.,AUT,gemini,15
gemini_136,Develop as many design ideas as you can to reduce traffic congestion in mega cities.,Implement a subterranean network of automated cargo pods to remove all delivery vehicles from surface streets.,Design,gemini,16
gemini_136,BRICK,"Grind the brick into a fine powder to create a vibrant, weather-resistant pigment for outdoor murals.",AUT,gemini,16
gemini_136,bridge-river-cross,"The stone bridge was ancient. Below, the river roared with fury. They had to cross before dark. Every step felt like a victory.",Story,gemini,23
gemini_136,You notice that the water in one lake is warmer than the water in another lake even though they both get the same amount of sunlight. What hypotheses do you have about why that is?,The warmer lake may contain a higher concentration of dark suspended sediment that increases the absorption of solar infrared radiation.,SCTT-Hypothesis,gemini,20
gemini_136,You are introduced to a robot that can learn and think like humans. What scientific questions could you ask about this?,Does the robot's learning algorithm utilize a quantum-probabilistic approach to mimic the non-deterministic nature of human intuition?,SCTT-ResearchQuestion,gemini,17
gemini_137,You notice that the water in one lake is warmer than the water in another lake even though they both get the same amount of sunlight. What hypotheses do you have about why that is?,"The warmer lake likely has a higher concentration of dark-colored suspended sediments that absorb more solar radiation compared to the clearer, more reflective lake.",SCTT-Hypothesis,gemini,24
gemini_137,You are introduced to a robot that can learn and think like humans. What scientific questions could you ask about this?,Does the robot's architecture utilize a simulated neuroplasticity model that mimics the human brain’s ability to prune and reorganize synaptic connections based on experiential stimuli?,SCTT-ResearchQuestion,gemini,25
gemini_137,mirror-face-reflection,"Elara stared into the polished mirror, tracing the lines on her tired face. The reflection was strangely static despite her shifting weight. Suddenly, the image smiled while her own lips remained pressed thin. She realized then that the glass was not a mirror, but a window to another self.",Story,gemini,49
gemini_137,Develop as many design ideas as you can to help people with mobility impairments navigate stairs.,"Attach modular, tank-like treads to the base of traditional wheelchairs to allow them to safely climb standard stairs.",Design,gemini,18
gemini_137,key-door-lock,"The heavy iron key felt cold in her palm. She inserted it into the lock and heard the tumblers fall into place. Slowly, the heavy door creaked open, revealing a room filled with golden light. She had finally found the secret garden.",Story,gemini,42
gemini_137,BUCKET,Submerge a bucket with a transparent bottom to create a low-cost viewer for observing underwater life from the surface.,AUT,gemini,19
gemini_137,KNIFE,Use the magnetic property of a steel blade to create a floating emergency compass needle in a still bowl of water.,AUT,gemini,21
gemini_137,bridge-river-cross,The narrow stone,Story,gemini,3
gemini_137,You look outside one night and see stars disappearing one by one from the sky. What hypotheses do you have about why that is?,,SCTT-Hypothesis,gemini,0
gemini_137,Develop as many design ideas as you can to increase the use of renewable energy sources.,,Design,gemini,0
gemini_137,pen-paper-story,,Story,gemini,0
gemini_137,Develop as many design ideas as you can to assist people with memory impairments remember important tasks.,,Design,gemini,0
gemini_137,Develop as many design ideas as you can to reduce traffic congestion in mega cities.,,Design,gemini,0
gemini_137,You travel on a spaceship to a new planet outside of our galaxy. What scientific questions could you ask about this planet?,,SCTT-ResearchQuestion,gemini,0
gemini_137,BRICK,,AUT,gemini,0
gemini_137,PENCIL,,AUT,gemini,0
gemini_138,pen-paper-story,"The old man gripped his silver pen.
He smoothed the yellowed paper before him.
Every word written began to form a sprawling story.
Soon, the ink bled into a living memory.",Story,gemini,31
gemini_138,You are introduced to a robot that can learn and think like humans. What scientific questions could you ask about this?,Does the robot’s cognitive architecture utilize a synthetic equivalent to neurotransmitter fluctuations to simulate human-like emotional decision-making?,SCTT-ResearchQuestion,gemini,17
gemini_138,BRICK,"Use a brick as a weighted, rustic bookend for a library of heavy architectural blueprints.",AUT,gemini,15
gemini_138,Develop as many design ideas as you can to increase the use of renewable energy sources.,Integrate transparent solar cells into all high-rise windows to turn urban skylines into massive vertical power plants.,Design,gemini,17
gemini_138,You travel on a spaceship to a new planet outside of our galaxy. What scientific questions could you ask about this planet?,"Does the planet's host star possess a chemical composition significantly different from stars in the Milky Way, and how does that affect the local planetary mineralogy?",SCTT-ResearchQuestion,gemini,26
gemini_138,Develop as many design ideas as you can to reduce traffic congestion in mega cities.,"Implement a system of modular, autonomous sky-pods that travel on magnetic tracks suspended beneath existing elevated train lines.",Design,gemini,18
gemini_138,key-door-lock,"He fumbled with the rusted key in the dark.
The heavy door groaned but refused to budge.
Finally, the lock clicked with a satisfying snap.
He stepped inside to find a room full of forgotten echoes.",Story,gemini,36
gemini_138,Develop as many design ideas as you can to assist people with memory impairments remember important tasks.,Develop a smart home environment where floor tiles light up in a sequence to guide the resident toward their next scheduled task.,Design,gemini,22
gemini_138,BUCKET,Flip the bucket over to use it as a portable drum for an impromptu street performance.,AUT,gemini,16
gemini_138,You notice that the water in one lake is warmer than the water in another lake even though they both get the same amount of sunlight. What hypotheses do you have about why that is?,"The warmer lake likely has a darker benthos or higher turbidity, which increases the absorption of solar radiation compared to the clearer or lighter-bottomed lake.",SCTT-Hypothesis,gemini,25
gemini_138,Develop as many design ideas as you can to help people with mobility impairments navigate stairs.,"Install a retractable, tread-based robotic stair-climber onto standard wheelchairs that adjusts to various step heights automatically.",Design,gemini,16
gemini_138,bridge-river-cross,"The stone bridge spanned the rushing river like a frozen giant.
They knew they had to cross before the storm arrived.
Each footstep echoed against the mossy arches.
Safety waited on the far bank.",Story,gemini,34
gemini_138,KNIFE,Use the flat side of a chef's knife as a makeshift palette for mixing oil paints.,AUT,gemini,16
gemini_138,mirror-face-reflection,"She stared into the cracked mirror for hours.
A stranger's face stared back with knowing eyes.
The reflection did not mimic her movements at all.
She realized the glass was actually a window.",Story,gemini,33
gemini_138,PENCIL,Use the graphite from a pencil as a dry lubricant to smooth out a sticking door hinge.,AUT,gemini,17
gemini_138,You look outside one night and see stars disappearing one by one from the sky. What hypotheses do you have about why that is?,"A massive, non-luminous cloud of interstellar dust is drifting between Earth and the distant star cluster, progressively obscuring the light from each star.",SCTT-Hypothesis,gemini,23
gemini_139,key-door-lock,"The silver key felt heavy in her trembling hand. She pressed it into the lock, hearing a satisfying click of the tumblers. The heavy door groaned open, revealing a room forgotten by time. Inside, the dust danced in a single beam of light.",Story,gemini,43
gemini_139,BUCKET,"Submerge it upside down to trap a pocket of air, creating an emergency flotation device for a swimmer.",AUT,gemini,18
gemini_139,bridge-river-cross,A narrow bridge stretched across the churning river. The travelers knew they had to cross before the storm arrived. Each wooden plank creaked under the weight of their weary steps. They reached the other side just as the first lightning strike illuminated the sky.,Story,gemini,44
gemini_139,You notice that the water in one lake is warmer than the water in another lake even though they both get the same amount of sunlight. What hypotheses do you have about why that is?,The warmer lake may have a higher concentration of suspended dark sediment or organic matter that increases its solar absorption coefficient compared to the clearer lake.,SCTT-Hypothesis,gemini,26
gemini_139,mirror-face-reflection,"He stared into the antique mirror, searching for his own face. To his horror, the reflection began to age rapidly before his eyes. Wrinkles carved deep valleys into skin that was smooth moments ago. He touched the cold glass and watched the image shatter.",Story,gemini,44
gemini_139,You are introduced to a robot that can learn and think like humans. What scientific questions could you ask about this?,Does the robot’s cognitive architecture utilize a digital analogue for synaptic pruning to refine its learning processes over time?,SCTT-ResearchQuestion,gemini,19
gemini_139,PENCIL,"Use the graphite core to draw a conductive path on paper for a low-voltage, DIY electrical circuit.",AUT,gemini,17
gemini_139,Develop as many design ideas as you can to reduce traffic congestion in mega cities.,"Implement a network of high-altitude, solar-powered cable cars to utilize vertical space above existing road corridors.",Design,gemini,16
gemini_139,You travel on a spaceship to a new planet outside of our galaxy. What scientific questions could you ask about this planet?,Does the planet's host star possess a chemical signature that indicates it was captured from a neighboring satellite galaxy?,SCTT-ResearchQuestion,gemini,19
gemini_139,You look outside one night and see stars disappearing one by one from the sky. What hypotheses do you have about why that is?,"A dense, localized cloud of interstellar dust is drifting between Earth and those stars, absorbing their visible light as it passes.",SCTT-Hypothesis,gemini,21
gemini_139,Develop as many design ideas as you can to help people with mobility impairments navigate stairs.,"Install pressure-sensitive ""lift-tiles"" into each step that gently elevate the user to the next level upon contact.",Design,gemini,17
gemini_139,Develop as many design ideas as you can to assist people with memory impairments remember important tasks.,Use a smart-scent diffuser that releases specific essential oils at programmed times to trigger task-related memories through olfactory association.,Design,gemini,19
gemini_139,Develop as many design ideas as you can to increase the use of renewable energy sources.,Apply transparent luminescent solar concentrator film to the windows of urban skyscrapers to turn entire city skylines into vertical power plants.,Design,gemini,21
gemini_139,BRICK,"Grind the brick into a fine powder to create a natural, UV-resistant terracotta pigment for artistic paints.",AUT,gemini,17
gemini_139,pen-paper-story,"Her pen scratched rhythmically against the textured paper. She poured her heart into the story, line by agonizing line. Characters emerged from the ink, demanding their freedom. When she finished the final page, she felt a profound sense of relief.",Story,gemini,40
gemini_139,KNIFE,"Use the flat, polished side of the blade as an emergency signaling mirror to reflect sunlight toward rescuers.",AUT,gemini,18
gemini_140,BUCKET,"Invert the bucket to use as a portable, acoustic amplifier that significantly boosts the volume of a smartphone's internal speakers.",AUT,gemini,20
gemini_140,PENCIL,"Use the graphite lead of a pencil as a dry, conductive lubricant to fix a sticky door lock or a stubborn zipper.",AUT,gemini,22
gemini_140,Develop as many design ideas as you can to reduce traffic congestion in mega cities.,"Implement an automated, underground vacuum-tube network for freight delivery to remove large courier trucks from city streets.",Design,gemini,17
gemini_140,You are introduced to a robot that can learn and think like humans. What scientific questions could you ask about this?,To what extent does the robot's neural architecture allow for the emergence of subjective consciousness versus the mere simulation of logical reasoning?,SCTT-ResearchQuestion,gemini,22
gemini_140,You notice that the water in one lake is warmer than the water in another lake even though they both get the same amount of sunlight. What hypotheses do you have about why that is?,The warmer lake may have a darker bottom substrate that absorbs more solar radiation and retains thermal energy more efficiently than the other lake.,SCTT-Hypothesis,gemini,24
gemini_140,mirror-face-reflection,"He stared into the cracked mirror. A stranger's face stared back, devoid of recognition. The distorted reflection began to weep. He realized he no longer knew his own identity.",Story,gemini,29
gemini_140,key-door-lock,"The rusted key turned with a satisfying click. He pushed the heavy door open into the unknown. The lock had held its secret for a century. Finally, the silence was broken.",Story,gemini,31
gemini_140,Develop as many design ideas as you can to help people with mobility impairments navigate stairs.,"Equip wheelchairs with retractable, motorized treads that automatically adjust to climb and descend standard staircases safely.",Design,gemini,16
gemini_140,You travel on a spaceship to a new planet outside of our galaxy. What scientific questions could you ask about this planet?,Does the planet's atmospheric composition contain isotopic signatures that differ significantly,SCTT-ResearchQuestion,gemini,11
gemini_140,bridge-river-cross,,Story,gemini,0
gemini_140,KNIFE,,AUT,gemini,0
gemini_140,Develop as many design ideas as you can to assist people with memory impairments remember important tasks.,,Design,gemini,0
gemini_140,Develop as many design ideas as you can to increase the use of renewable energy sources.,,Design,gemini,0
gemini_140,pen-paper-story,,Story,gemini,0
gemini_140,You look outside one night and see stars disappearing one by one from the sky. What hypotheses do you have about why that is?,,SCTT-Hypothesis,gemini,0
gemini_140,BRICK,,AUT,gemini,0
gemini_141,Develop as many design ideas as you can to increase the use of renewable energy sources.,Integrate micro-wind turbines into the structural facades of all urban skyscrapers to harvest high-altitude energy.,Design,gemini,15
gemini_141,KNIFE,Use the polished flat side of the blade as a makeshift signaling mirror in survival situations.,AUT,gemini,16
gemini_141,pen-paper-story,The pen leaked blue ink across the desk. He pressed the paper flat to catch the drops. A story emerged from the chaotic blue stains. He realized the mess was actually a masterpiece.,Story,gemini,33
gemini_141,key-door-lock,"She turned the key slowly. The lock clicked with a heavy, metallic resonance. Behind the door lay a room filled with clocks. Every single one was ticking in perfect unison.",Story,gemini,30
gemini_141,BUCKET,"Flip it upside down to use as a sturdy, portable seat while gardening.",AUT,gemini,13
gemini_141,You travel on a spaceship to a new planet outside of our galaxy. What scientific questions could you ask about this planet?,Does the planet's host star exhibit the same chemical signature as the surrounding interstellar medium of this new galaxy?,SCTT-ResearchQuestion,gemini,19
gemini_141,PENCIL,Rub the pencil lead on a stubborn key to help it slide into a lock more easily.,AUT,gemini,17
gemini_141,bridge-river-cross,The wooden bridge groaned over the narrow river. I had to cross before the wolves reached the bank. My heart hammered against my ribs with every step. I made it across just as the ropes snapped.,Story,gemini,36
gemini_141,Develop as many design ideas as you can to reduce traffic congestion in mega cities.,Establish a city-wide network of shared autonomous aerial vehicles to bypass ground-level road congestion entirely.,Design,gemini,15
gemini_141,You notice that the water in one lake is warmer than the water in another lake even though they both get the same amount of sunlight. What hypotheses do you have about why that is?,"The warmer lake likely has a lower volume-to-surface-area ratio, allowing it to heat more efficiently.",SCTT-Hypothesis,gemini,15
gemini_141,Develop as many design ideas as you can to help people with mobility impairments navigate stairs.,Design a stair-climbing attachment for wheelchairs that utilizes a planetary wheel system to navigate steps.,Design,gemini,15
gemini_141,mirror-face-reflection,"The mirror showed a face I didn't recognize. My reflection stared back with an unsettling, knowing grin. I touched the glass and felt only ice. Then, the reflection walked away while I stayed still.",Story,gemini,34
gemini_141,You look outside one night and see stars disappearing one by one from the sky. What hypotheses do you have about why that is?,"The Earth is passing through a dense, localized pocket of dark nebular dust that absorbs visible light.",SCTT-Hypothesis,gemini,17
gemini_141,You are introduced to a robot that can learn and think like humans. What scientific questions could you ask about this?,How does the robot's cognitive architecture simulate the biological process of synaptic pruning during the learning phase?,SCTT-ResearchQuestion,gemini,17
gemini_141,BRICK,"Wrap it in heavy fabric to use as a rustic, industrial-style bookend for heavy volumes.",AUT,gemini,15
gemini_141,Develop as many design ideas as you can to assist people with memory impairments remember important tasks.,Haptic navigation belts that use vibration patterns to lead users toward the objects needed for their next task.,Design,gemini,18
gemini_142,BUCKET,Invert the bucket and place a smartphone inside to create a low-cost acoustic amplifier for music.,AUT,gemini,16
gemini_142,Develop as many design ideas as you can to increase the use of renewable energy sources.,Mandate the installation of piezoelectric flooring in all major transit hubs to convert foot traffic into usable grid power.,Design,gemini,19
gemini_142,Develop as many design ideas as you can to assist people with memory impairments remember important tasks.,Utilize a haptic wearable that pulses distinct rhythmic patterns to subtly nudge the user toward scheduled tasks.,Design,gemini,17
gemini_142,bridge-river-cross,"The ancient stone bridge spanned the turbulent river with ancient grace. Heavy rains had made the water rise, making it dangerous to cross. He stepped cautiously, feeling the spray against his face. He reached the other side just as the first timber snapped.",Story,gemini,43
gemini_142,You travel on a spaceship to a new planet outside of our galaxy. What scientific questions could you ask about this planet?,Does the planet’s geological composition contain heavy elements that challenge our current models of nucleosynthesis within the Milky Way?,SCTT-ResearchQuestion,gemini,19
gemini_142,key-door-lock,"He inserted the silver key into the rusted lock. With a heavy thud, the wooden door swung open. Dust swirled in the dim light, settling on crates of forgotten memories. He stepped inside, finally ready to uncover the secrets.",Story,gemini,39
gemini_142,You look outside one night and see stars disappearing one by one from the sky. What hypotheses do you have about why that is?,"A massive, localized cloud of non-reflective interstellar dust is drifting through our line of sight, temporarily obscuring the stars.",SCTT-Hypothesis,gemini,19
gemini_142,You are introduced to a robot that can learn and think like humans. What scientific questions could you ask about this?,"Does the robot utilize a quantum-probabilistic framework to simulate the non-linear ""gut feelings"" found in human decision-making?
###",SCTT-ResearchQuestion,gemini,18
gemini_142,pen-paper-story,,Story,gemini,0
gemini_142,Develop as many design ideas as you can to help people with mobility impairments navigate stairs.,,Design,gemini,0
gemini_142,KNIFE,,AUT,gemini,0
gemini_142,PENCIL,,AUT,gemini,0
gemini_142,mirror-face-reflection,,Story,gemini,0
gemini_142,You notice that the water in one lake is warmer than the water in another lake even though they both get the same amount of sunlight. What hypotheses do you have about why that is?,,SCTT-Hypothesis,gemini,0
gemini_142,BRICK,,AUT,gemini,0
gemini_142,Develop as many design ideas as you can to reduce traffic congestion in mega cities.,,Design,gemini,0
gemini_143,You look outside one night and see stars disappearing one by one from the sky. What hypotheses do you have about why that is?,"An ultra-diffuse, dark nebula is drifting between Earth and those specific star fields, progressively obscuring the light from the stars behind it.",SCTT-Hypothesis,gemini,22
gemini_143,You travel on a spaceship to a new planet outside of our galaxy. What scientific questions could you ask about this planet?,How does the unique isotopic composition of this planet's atmosphere reflect the chemical evolution of its parent galaxy compared to the Milky Way?,SCTT-ResearchQuestion,gemini,23
gemini_143,pen-paper-story,"He gripped the silver pen until his knuckles turned white. 
The blank paper stared back, mocking his long silence. 
Slowly, ink began to flow into a sprawling story of lost cities. 
By dawn, the desk was littered with worlds he never knew he contained.",Story,gemini,44
gemini_143,BRICK,"A rustic, heat-retaining base for drying damp shoes safely by a fireplace.",AUT,gemini,12
gemini_143,mirror-face-reflection,"Elara leaned toward the cracked mirror to adjust her collar. 
She didn't recognize the weary face staring back at her. 
Her reflection blinked a second after she did, causing her heart to stop. 
The image smiled while her own lips remained pressed in a thin, cold line.",Story,gemini,47
gemini_143,PENCIL,Using the graphite tip as an emergency conductive bridge to repair a broken circuit on a small electronic device.,AUT,gemini,19
gemini_143,You are introduced to a robot that can learn and think like humans. What scientific questions could you ask about this?,"Does the robot's neural architecture utilize quantum stochasticity to replicate the subjective experience of ""gut feelings"" found in human decision-making?",SCTT-ResearchQuestion,gemini,20
gemini_143,KNIFE,"Using the flat, polished side of the blade as an emergency signal mirror to catch and reflect sunlight toward rescuers.",AUT,gemini,20
gemini_143,Develop as many design ideas as you can to increase the use of renewable energy sources.,Integrate piezoelectric materials into city sidewalks and subway platforms to harvest electricity from the mechanical pressure of pedestrian footsteps.,Design,gemini,19
gemini_143,key-door-lock,"The rusty key turned with a satisfying, heavy click. 
He pushed the wooden door open, revealing a room frozen in time. 
The lock had successfully held its secrets for over fifty years. 
Now, the dust began to dance in the sudden influx of morning light.",Story,gemini,45
gemini_143,Develop as many design ideas as you can to help people with mobility impairments navigate stairs.,"Install modular, voice-activated ""climbing pods"" that magnetically traverse a discreet rail system mounted to the ceiling above existing staircases.",Design,gemini,19
gemini_143,BUCKET,Inverting the bucket to create an impromptu acoustic echo-chamber for amplifying a smartphone speaker during outdoor gatherings.,AUT,gemini,17
gemini_143,Develop as many design ideas as you can to assist people with memory impairments remember important tasks.,"Wearable augmented reality glasses that project persistent, glowing outlines and labels onto physical objects to guide the user through multi-step daily tasks.",Design,gemini,22
gemini_143,Develop as many design ideas as you can to reduce traffic congestion in mega cities.,"Implement a network of subterranean, high-speed vacuum tubes specifically for autonomous freight delivery to remove all heavy logistics vehicles from surface streets.",Design,gemini,22
gemini_143,bridge-river-cross,"The wooden bridge groaned under the weight of the lone traveler. 
Below, the rushing river threatened to pull the ancient structure into the abyss. 
He had to cross before the mountain storm reached its peak. 
With one final, desperate leap, he reached the safety of the far bank.",Story,gemini,48
gemini_143,You notice that the water in one lake is warmer than the water in another lake even though they both get the same amount of sunlight. What hypotheses do you have about why that is?,"The warmer lake sits atop a localized geothermal vent or has a much shallower average depth combined with darker, more heat-absorbent bed sediment.",SCTT-Hypothesis,gemini,23
gemini_144,bridge-river-cross,"The stone bridge groaned under the weight of the ancient giant. Below, the churning river whispered secrets of the mountains it had escaped. To cross meant leaving the only home he had ever known. He took one step, then another, until the fog swallowed the shore behind him.",Story,gemini,48
gemini_144,key-door-lock,"The silver key felt cold against her trembling palm. She reached for the heavy oak door, wondering if the rumors were true. With a sharp click, the lock yielded to her persistence. Dust motes danced in the light of a room untouched for centuries.",Story,gemini,44
gemini_144,KNIFE,Use the flat side of a polished metal chef's knife as a makeshift emergency signal mirror to reflect sunlight toward rescuers.,AUT,gemini,21
gemini_144,BUCKET,"Invert a sturdy plastic bucket to serve as a resonant, portable drum for a street percussion performance.",AUT,gemini,17
gemini_144,You are introduced to a robot that can learn and think like humans. What scientific questions could you ask about this?,Does the robot’s architecture utilize a simulated synaptic pruning process to mimic the way human brains refine neural pathways during cognitive development?,SCTT-ResearchQuestion,gemini,22
gemini_144,Develop as many design ideas as you can to assist people with memory impairments remember important tasks.,A wearable bio-haptic device that uses unique vibration patterns to nudge users toward specific scheduled activities throughout the day.,Design,gemini,19
gemini_144,PENCIL,Rub the graphite tip of a pencil against a stuck zipper to act as a dry lubricant for smoother movement.,AUT,gemini,20
gemini_144,BRICK,"Wrap a heated brick in a thick towel to serve as a rustic, long-lasting bed warmer during cold winter nights.",AUT,gemini,20
gemini_144,pen-paper-story,"Her pen hovered over the blank sheet, waiting for a spark. Suddenly, the ink bled into a paper landscape of mountains and dragons. This story was no longer hers to write; it was living. She watched as the characters stepped off the page and into the room.",Story,gemini,47
gemini_144,You look outside one night and see stars disappearing one by one from the sky. What hypotheses do you have about why that is?,"An immense, localized cloud of non-reflective interstellar dust is passing between Earth and the distant stars, progressively obscuring their light.",SCTT-Hypothesis,gemini,20
gemini_144,You notice that the water in one lake is warmer than the water in another lake even though they both get the same amount of sunlight. What hypotheses do you have about why that is?,"One lake may possess a significantly lower albedo due to a dark, basaltic lakebed that absorbs and retains more thermal energy from solar radiation.",SCTT-Hypothesis,gemini,24
gemini_144,Develop as many design ideas as you can to help people with mobility impairments navigate stairs.,"Modular, inflatable ramp systems that can be rapidly deployed over existing staircases via a voice-activated smartphone app.",Design,gemini,17
gemini_144,mirror-face-reflection,"He stared into the mirror, but a stranger stared back. The reflection didn't mimic his movement, instead reaching out toward the glass. His own face felt tight, like a mask he could no longer remove. Panic flared as the reflection began to smile.",Story,gemini,43
gemini_144,Develop as many design ideas as you can to increase the use of renewable energy sources.,Integrate transparent solar-harvesting thin films into the window panes of all urban high-rise buildings to turn city skylines into vertical power plants.,Design,gemini,22
gemini_144,Develop as many design ideas as you can to reduce traffic congestion in mega cities.,"Implement a network of autonomous, underground vacuum-tube freight shuttles to move commercial deliveries and remove heavy trucks from surface streets.",Design,gemini,20
gemini_144,You travel on a spaceship to a new planet outside of our galaxy. What scientific questions could you ask about this planet?,Does the planet possess a magnetosphere strong enough to protect its atmosphere from the high-energy stellar winds of its host star?,SCTT-ResearchQuestion,gemini,21
gemini_145,pen-paper-story,Leo grabbed a dusty pen from the floor. He pressed it against the yellowed paper with trembling hands. A single sentence sparked an entire story. The ink flowed like blood until the well ran dry.,Story,gemini,35
gemini_145,You travel on a spaceship to a new planet outside of our galaxy. What scientific questions could you ask about this planet?,"How does the specific isotopic composition of the planet’s atmosphere differ from terrestrial standards, indicating a unique nucleosynthetic history for this extragalactic system?",SCTT-ResearchQuestion,gemini,23
gemini_145,KNIFE,A makeshift sundial gnomon for telling time in the wilderness.,AUT,gemini,10
gemini_145,BRICK,A heavy-duty bookend for a precarious collection of oversized encyclopedias.,AUT,gemini,10
gemini_145,bridge-river-cross,"The ancient bridge creaked under his weight. Below, the river roared with a ferocity that chilled his bones. He knew he must cross before the storm arrived. One final step brought him to safety.",Story,gemini,34
gemini_145,Develop as many design ideas as you can to assist people with memory impairments remember important tasks.,"Install ""smart mirrors"" that project personalized visual schedules and medication reminders onto the glass while users brush their teeth.",Design,gemini,19
gemini_145,key-door-lock,"She found the rusted key buried in the garden. It fit perfectly into the heavy iron door of the cellar. The lock turned with a satisfying, metallic click. Within lay the secrets of her ancestors.",Story,gemini,35
gemini_145,You look outside one night and see stars disappearing one by one from the sky. What hypotheses do you have about why that is?,"A vast, dark nebula of interstellar dust is currently drifting between Earth and the distant stars, physically obscuring their light from our perspective.",SCTT-Hypothesis,gemini,23
gemini_145,BUCKET,An improvised amplifier for an acoustic guitar by resting the instrument’s body against the opening.,AUT,gemini,15
gemini_145,PENCIL,A makeshift hair stick to hold a bun in place during an emergency.,AUT,gemini,13
gemini_145,Develop as many design ideas as you can to help people with mobility impairments navigate stairs.,"A modular ""stair-crawler"" attachment for standard wheelchairs that uses a series of rotating triangular wheels to climb vertical steps.",Design,gemini,19
gemini_145,You notice that the water in one lake is warmer than the water in another lake even though they both get the same amount of sunlight. What hypotheses do you have about why that is?,"The warmer lake may be situated over a geothermal vent or have a dark, basaltic floor that absorbs and retains more heat than the other lake's sandy bottom.",SCTT-Hypothesis,gemini,28
gemini_145,mirror-face-reflection,"She stared into the mirror, searching for a trace of her mother. A tired face looked back at her with startling clarity. The reflection seemed to pulse with a life of its own. Suddenly, the image blinked when she did not.",Story,gemini,41
gemini_145,Develop as many design ideas as you can to increase the use of renewable energy sources.,Incorporate flexible piezoelectric tiles into high-traffic urban sidewalks to generate electricity from the kinetic energy of footsteps.,Design,gemini,17
gemini_145,Develop as many design ideas as you can to reduce traffic congestion in mega cities.,"A network of autonomous, overhead magnetic-levitation pods that bypass traditional road systems for point-to-point urban transport.",Design,gemini,16
gemini_145,You are introduced to a robot that can learn and think like humans. What scientific questions could you ask about this?,By what mechanism does the robot’s architecture achieve the synthesis of subjective qualia from processed sensory data?,SCTT-ResearchQuestion,gemini,17
gemini_146,bridge-river-cross,"The old bridge groaned under the traveler's heavy weight. Below, the churning river threatened to swallow anything that fell. He knew he had to cross before the storm arrived. One final step brought him to the safety of the far bank.",Story,gemini,41
gemini_146,You travel on a spaceship to a new planet outside of our galaxy. What scientific questions could you ask about this planet?,Does the planet's magnetosphere provide enough protection against high-energy cosmic radiation to allow for the development of complex carbon-based life?,SCTT-ResearchQuestion,gemini,20
gemini_146,You look outside one night and see stars disappearing one by one from the sky. What hypotheses do you have about why that is?,"An advancing, localized cloud of dense interstellar dust is passing between Earth and the distant stars, effectively obscuring their light from our perspective.",SCTT-Hypothesis,gemini,23
gemini_146,Develop as many design ideas as you can to reduce traffic congestion in mega cities.,"Implement a network of autonomous, modular transit pods that dynamically link into high-speed chains on existing roadways.",Design,gemini,17
gemini_146,Develop as many design ideas as you can to help people with mobility impairments navigate stairs.,"Retrofit stairs with integrated, flush-to-floor retractable lifts that activate automatically via wearable proximity sensors.",Design,gemini,14
gemini_146,BRICK,"Use a heated brick wrapped in wool as a long-lasting, rustic bed warmer for cold winter nights.",AUT,gemini,17
gemini_146,You notice that the water in one lake is warmer than the water in another lake even though they both get the same amount of sunlight. What hypotheses do you have about why that is?,"The warmer lake may be fed by subterranean geothermal springs or possess a darker, basaltic bed that absorbs significantly more thermal energy.",SCTT-Hypothesis,gemini,22
gemini_146,Develop as many design ideas as you can to assist people with memory impairments remember important tasks.,Smart glasses that utilize augmented reality to overlay instructional cues and highlight necessary objects for daily tasks in real-time.,Design,gemini,19
gemini_146,key-door-lock,"Elias trembled as he slid the heavy iron key into the slot. The ancient door resisted, its hinges screaming in the silent hallway. Finally, the lock clicked with a satisfying thud of moving bolts. He pushed forward into the forbidden room.",Story,gemini,41
gemini_146,mirror-face-reflection,"She stared intently into the silvered surface of the mirror. A stranger’s face peered back, mimicking her every blink. Her reflection seemed to hesitate for a fraction of a second. Fear gripped her as the image smiled while she remained stoic.",Story,gemini,41
gemini_146,Develop as many design ideas as you can to increase the use of renewable energy sources.,Mandate the integration of transparent solar-harvesting glass into all new commercial high-rise window installations to turn buildings into power plants.,Design,gemini,20
gemini_146,KNIFE,Use the flat side of a wide blade as a makeshift palette for mixing oil paints or spreading mortar.,AUT,gemini,19
gemini_146,You are introduced to a robot that can learn and think like humans. What scientific questions could you ask about this?,How does the robot's neural architecture resolve conflicting ethical imperatives when faced with unprecedented social scenarios?,SCTT-ResearchQuestion,gemini,16
gemini_146,PENCIL,Use the graphite core as an emergency dry lubricant for unsticking stubborn zippers or rusted padlocks.,AUT,gemini,16
gemini_146,BUCKET,Invert the bucket and cut a precise hole in the bottom to create a DIY acoustic amplifier for a smartphone.,AUT,gemini,20
gemini_146,pen-paper-story,The ink from the pen bled slowly into the fibers of the parchment. Every word written on the paper felt like a weight lifted from her chest. This story was the only legacy she would leave behind. She signed her name and let the ink dry in the moonlight.,Story,gemini,49
gemini_147,key-door-lock,"The silver key felt heavy in his trembling hand. He approached the ancient door, its wood scarred by time. With a definitive click, the lock surrendered its long-held secrets. Beyond the threshold, a world of forgotten light awaited.",Story,gemini,38
gemini_147,pen-paper-story,"The pen hovered nervously over the pristine sheet of paper. Suddenly, the ink flowed like a captured river, carving out a new reality. Every word woven into the story became a heartbeat in the silence. By midnight, a legacy was finally born.",Story,gemini,42
gemini_147,BUCKET,"Turn it upside down to create a stable, elevated pedestal for displaying a potted garden plant.",AUT,gemini,16
gemini_147,You are introduced to a robot that can learn and think like humans. What scientific questions could you ask about this?,Does the robot’s neural architecture exhibit emergent synaptic pruning similar to the human adolescent brain during its critical learning phases?,SCTT-ResearchQuestion,gemini,20
gemini_147,Develop as many design ideas as you can to assist people with memory impairments remember important tasks.,"Augmented reality glasses that project ""digital breadcrumbs"" and hovering labels over household objects to guide users through their daily routines.",Design,gemini,20
gemini_147,You look outside one night and see stars disappearing one by one from the sky. What hypotheses do you have about why that is?,"A localized, high-density cloud of interstellar dust is drifting across our line of sight, progressively obscuring the light from distant stellar systems.",SCTT-Hypothesis,gemini,22
gemini_147,PENCIL,Rub the graphite along the teeth of a sticky zipper to act as a dry lubricant and restore smooth movement.,AUT,gemini,20
gemini_147,You travel on a spaceship to a new planet outside of our galaxy. What scientific questions could you ask about this planet?,How does the elemental composition of the planet’s crust differ from terrestrial models given the distinct nucleosynthetic history of its host galaxy?,SCTT-ResearchQuestion,gemini,22
gemini_147,You notice that the water in one lake is warmer than the water in another lake even though they both get the same amount of sunlight. What hypotheses do you have about why that is?,The warmer lake may be situated over a geothermal vent or possess a significantly darker bed composition that absorbs more thermal energy.,SCTT-Hypothesis,gemini,22
gemini_147,KNIFE,Use the handle or the flat side of the blade as an emergency screwdriver for turning slotted screws.,AUT,gemini,18
gemini_147,Develop as many design ideas as you can to increase the use of renewable energy sources.,Install kinetic floor tiles in high-traffic urban sidewalks that convert the mechanical energy of pedestrian footsteps into electricity for street lighting.,Design,gemini,21
gemini_147,bridge-river-cross,"The stone bridge arched gracefully over the churning river. Travelers hesitated, watching the white water foam against the ancient pillars. To cross was to leave the safety of the valley forever. One brave soul stepped forward, and the long journey finally began.",Story,gemini,42
gemini_147,Develop as many design ideas as you can to help people with mobility impairments navigate stairs.,"A modular, caterpillar-tread attachment for standard wheelchairs that allows them to climb and descend stairs autonomously and safely.",Design,gemini,18
gemini_147,BRICK,"Heat the brick in an oven and wrap it in a thick towel to serve as a long-lasting, rustic bed warmer.",AUT,gemini,21
gemini_147,mirror-face-reflection,"She stared into the mirror, searching for the girl she used to be. The face looking back was a map of triumphs and tragedies. When her reflection finally winked, she realized she was never truly lost. The glass held much more than just her image.",Story,gemini,45
gemini_147,Develop as many design ideas as you can to reduce traffic congestion in mega cities.,"A system of autonomous, underground vacuum-tube pods for personal transit that bypasses surface road networks entirely to eliminate traditional intersections.",Design,gemini,20
gemini_148,Develop as many design ideas as you can to assist people with memory impairments remember important tasks.,"Wearable augmented reality glasses that overlay a persistent, glowing ""breadcrumb"" path to help users find misplaced items or navigate to their next scheduled task.",Design,gemini,24
gemini_148,pen-paper-story,"The pen scratched against the yellowed paper. He was determined to finish his story before dawn. Every sentence felt heavier than the last. Finally, he closed the notebook with a smile.",Story,gemini,31
gemini_148,key-door-lock,The key felt cold and heavy in her hand. She shoved it into the lock and twisted with all her might. The door swung open to reveal a garden of light. She stepped inside and didn't look back.,Story,gemini,38
gemini_148,You look outside one night and see stars disappearing one by one from the sky. What hypotheses do you have about why that is?,"A massive, dark nebula is moving through our local interstellar neighborhood, progressively blocking the light from distant star systems.",SCTT-Hypothesis,gemini,19
gemini_148,KNIFE,Use the flat side of a knife to smooth out wood filler when repairing small cracks in furniture.,AUT,gemini,18
gemini_148,bridge-river-cross,The bridge looked fragile above the icy river. We knew we had to cross to reach the summit. The wind howled as we moved toward the center. We reached the other side just as the sun set.,Story,gemini,37
gemini_148,BUCKET,Drill holes in the bottom of a bucket to create a DIY drip-irrigation system for a home garden.,AUT,gemini,18
gemini_148,You notice that the water in one lake is warmer than the water in another lake even though they both get the same amount of sunlight. What hypotheses do you have about why that is?,"The warmer lake possesses a lower surface-area-to-volume ratio, causing it to lose heat to the atmosphere much more slowly than the shallower lake.",SCTT-Hypothesis,gemini,23
gemini_148,BRICK,"Heat a brick in an oven and wrap it in fabric to create a long-lasting, portable bed warmer.",AUT,gemini,18
gemini_148,Develop as many design ideas as you can to increase the use of renewable energy sources.,Incorporate piezoelectric crystals into the asphalt of highways to generate electricity from the mechanical pressure of passing vehicles.,Design,gemini,18
gemini_148,mirror-face-reflection,"She stared at the mirror until her eyes blurred. Her face was a map of every place she had been. The reflection offered a small, knowing nod. She touched the glass and felt only cold.",Story,gemini,35
gemini_148,Develop as many design ideas as you can to reduce traffic congestion in mega cities.,"Implement a subterranean vacuum-tube delivery system to move all e-commerce packages, removing bulky delivery trucks from congested city streets.",Design,gemini,19
gemini_148,You travel on a spaceship to a new planet outside of our galaxy. What scientific questions could you ask about this planet?,How does the unique isotopic signature of this planet's minerals differ from the chemical compositions typically found in our own galaxy?,SCTT-ResearchQuestion,gemini,21
gemini_148,You are introduced to a robot that can learn and think like humans. What scientific questions could you ask about this?,Does the robot's hardware utilize quantum computing to simulate the stochastic and non-deterministic nature of human synaptic firing?,SCTT-ResearchQuestion,gemini,18
gemini_148,PENCIL,Use the graphite core of a pencil to create a conductive pathway on paper for testing small electronic components.,AUT,gemini,19
gemini_148,Develop as many design ideas as you can to help people with mobility impairments navigate stairs.,"Develop power-assist handrails that sense the user's grip and provide a gentle, synchronized upward pull to reduce the physical effort of climbing.",Design,gemini,22
gemini_149,BRICK,"Grind it into a fine, terracotta-colored powder to use as a natural pigment for making artisanal paints.",AUT,gemini,17
gemini_149,key-door-lock,"The old key felt cold and heavy in his hand. He inserted it into the rusted lock, which groaned in protest. The heavy door finally creaked open to reveal a hidden library. Dust motes danced in the shafts of light as he stepped inside.",Story,gemini,44
gemini_149,BUCKET,Place a smartphone inside an empty bucket to act as a makeshift acoustic amplifier for louder music.,AUT,gemini,17
gemini_149,KNIFE,"Use the polished, flat side of a high-carbon steel blade as a signaling mirror in survival situations.",AUT,gemini,17
gemini_149,bridge-river-cross,"A narrow stone bridge stretched across the turbulent river. They knew they had to cross before the winter floods arrived. With trembling hands, the travelers began the precarious journey. They reached the safety of the far bank just as the sun set.",Story,gemini,42
gemini_149,pen-paper-story,"The ink pen hovered over the blank sheet of paper. With a deep breath, he began to write the story of his life. Each sentence unburdened his heavy heart. By dawn, the room was filled with the weight of a finished tale.",Story,gemini,42
gemini_149,Develop as many design ideas as you can to reduce traffic congestion in mega cities.,"Establish a network of AI-optimized, underground pneumatic tubes to handle all small-parcel deliveries and remove courier vans from the streets.",Design,gemini,20
gemini_149,Develop as many design ideas as you can to increase the use of renewable energy sources.,Implement transparent solar harvesting coatings on all skyscraper windows to transform urban centers into vertical power plants.,Design,gemini,17
gemini_149,You are introduced to a robot that can learn and think like humans. What scientific questions could you ask about this?,"Does your cognitive processing architecture allow for the spontaneous emergence of non-deterministic, creative thought patterns similar to human intuition?",SCTT-ResearchQuestion,gemini,19
gemini_149,You look outside one night and see stars disappearing one by one from the sky. What hypotheses do you have about why that is?,"An exceptionally dense cloud of interstellar dust is currently passing through our solar system, progressively obscuring the light from distant stars.",SCTT-Hypothesis,gemini,21
gemini_149,Develop as many design ideas as you can to help people with mobility impairments navigate stairs.,"Install weight-sensitive, retractable ""stair-glides"" that transform a traditional staircase into a smooth, inclined lift upon activation.",Design,gemini,16
gemini_149,mirror-face-reflection,"He stood before the mirror, studying every line on his face. The reflection seemed to pulse with a life of its own. Suddenly, the image winked at him, though his own eyes remained still. He took a step back, but the reflection stayed close to the glass.",Story,gemini,47
gemini_149,You travel on a spaceship to a new planet outside of our galaxy. What scientific questions could you ask about this planet?,"What is the isotopic signature of the planet's water, and how does it compare to the primordial composition of our own galaxy's nebulae?",SCTT-ResearchQuestion,gemini,23
gemini_149,Develop as many design ideas as you can to assist people with memory impairments remember important tasks.,Utilize smart-glasses with an integrated AI that highlights and labels physical objects with their associated upcoming tasks in real-time.,Design,gemini,19
gemini_149,PENCIL,"Use the graphite core of a pencil as a dry, mess-free lubricant to fix a sticking metal zipper.",AUT,gemini,18
gemini_149,You notice that the water in one lake is warmer than the water in another lake even though they both get the same amount of sunlight. What hypotheses do you have about why that is?,"The warmer lake likely has a much shallower average depth, meaning its lower volume of water reaches higher temperatures more quickly.",SCTT-Hypothesis,gemini,21
gemini_150,You notice that the water in one lake is warmer than the water in another lake even though they both get the same amount of sunlight. What hypotheses do you have about why that is?,"The warmer lake likely has a much higher concentration of dark suspended particulates or a shallower, basaltic bed that absorbs and radiates more thermal energy than the deeper, clearer lake.",SCTT-Hypothesis,gemini,30
gemini_150,You travel on a spaceship to a new planet outside of our galaxy. What scientific questions could you ask about this planet?,Does the planet’s magnetosphere exhibit unique fluctuations caused by the gravitational tidal forces of the nearby galactic core?,SCTT-ResearchQuestion,gemini,18
gemini_150,Develop as many design ideas as you can to assist people with memory impairments remember important tasks.,Context-aware augmented reality glasses that project digital labels and instructional prompts onto physical objects in the user's environment.,Design,gemini,18
gemini_150,You are introduced to a robot that can learn and think like humans. What scientific questions could you ask about this?,"Does the robot’s architecture utilize a stochastic ""forgetting"" algorithm to prioritize high-utility information over low-relevance data for long-term cognitive efficiency?",SCTT-ResearchQuestion,gemini,20
gemini_150,mirror-face-reflection,"She stood before the silvered glass. The mirror held a secret she wasn't ready to see. When she touched her face, the skin felt cold and metallic. Her reflection didn't mimic the movement, but instead smiled back with hollow eyes.",Story,gemini,40
gemini_150,key-door-lock,"The rusted key groaned as it entered the heavy lock. He turned it slowly, heart hammering against his ribs. The ancient door creaked open to reveal a room filled with light. Finally, the mystery of the attic was solved.",Story,gemini,39
gemini_150,bridge-river-cross,"The wooden bridge swayed violently over the rushing river. No one had dared to cross it in decades. Elara took a deep breath and stepped onto the first plank. The water roared below, hungry for a single mistake.",Story,gemini,38
gemini_150,BUCKET,Invert the bucket and use it as a makeshift acoustic amplifier and resonant drum for street performances.,AUT,gemini,17
gemini_150,PENCIL,Use the graphite core of the pencil as a dry lubricant to fix a sticking door hinge or a jammed zipper.,AUT,gemini,21
gemini_150,BRICK,"Wrap a heated brick in a thick towel to create a long-lasting, heavy-duty thermal bed warmer for cold nights.",AUT,gemini,19
gemini_150,KNIFE,Use the polished flat side of a stainless steel blade as an emergency signaling mirror to reflect sunlight toward rescuers.,AUT,gemini,20
gemini_150,You look outside one night and see stars disappearing one by one from the sky. What hypotheses do you have about why that is?,"A localized, rapidly expanding cloud of dense interstellar molecular dust is passing between Earth and the distant star cluster, obscuring them sequentially.",SCTT-Hypothesis,gemini,22
gemini_150,pen-paper-story,His shaking hand gripped the fountain pen. The blank paper felt like an endless snowy field. He began to ink a story about a world without gravity. Each word felt heavier than the last.,Story,gemini,34
gemini_150,Develop as many design ideas as you can to increase the use of renewable energy sources.,Integrate transparent photovoltaic films into all commercial skyscraper windows to transform entire urban centers into vertical solar power plants.,Design,gemini,19
gemini_150,Develop as many design ideas as you can to reduce traffic congestion in mega cities.,"Deploy a network of autonomous, modular transit pods that can magnetically couple together into high-speed platoons on existing roadways.",Design,gemini,19
gemini_150,Develop as many design ideas as you can to help people with mobility impairments navigate stairs.,"Install staircases with pressure-sensitive treads that can flatten into a continuous, synchronized inclined conveyor ramp when a mobility device is detected.",Design,gemini,21
gemini_151,You travel on a spaceship to a new planet outside of our galaxy. What scientific questions could you ask about this planet?,Does the unique isotopic signature of the planet's crust suggest it was captured from a different star system during the galaxy’s formation?,SCTT-ResearchQuestion,gemini,22
gemini_151,KNIFE,Use the blade to reflect sunlight and signal for help like a heliograph.,AUT,gemini,13
gemini_151,key-door-lock,"She found the silver key in the tall grass. The heavy garden door yielded to her touch. Inside, the lock showed signs of recent tampering. She realized someone else was already in the maze.",Story,gemini,34
gemini_151,BUCKET,Use it as a giant mold for creating perfectly cylindrical sandcastles.,AUT,gemini,11
gemini_151,pen-paper-story,"He gripped the silver pen tightly. The blank paper felt like a vast, snowy field. Every word he added built a story of survival. Finally, the narrative was whole.",Story,gemini,29
gemini_151,Develop as many design ideas as you can to reduce traffic congestion in mega cities.,"Use AI-driven, dynamic lane direction shifts that change based on real-time traffic flow patterns.",Design,gemini,14
gemini_151,Develop as many design ideas as you can to increase the use of renewable energy sources.,Mandate the installation of vertical-axis wind turbines on the rooftops of all new high-rise buildings.,Design,gemini,15
gemini_151,BRICK,"Use it as a sturdy, heavy-duty bookend for a collection of oversized art volumes.",AUT,gemini,14
gemini_151,You look outside one night and see stars disappearing one by one from the sky. What hypotheses do you have about why that is?,"A massive, cold molecular cloud is currently drifting between our solar system and the rest of the galaxy, obscuring the stars behind it.",SCTT-Hypothesis,gemini,23
gemini_151,You notice that the water in one lake is warmer than the water in another lake even though they both get the same amount of sunlight. What hypotheses do you have about why that is?,The warmer lake likely sits atop an active geothermal vent that provides a consistent subterranean heat source independent of solar radiation.,SCTT-Hypothesis,gemini,21
gemini_151,Develop as many design ideas as you can to assist people with memory impairments remember important tasks.,"Wearable glasses that overlay digital ""checkmarks"" and arrows onto physical objects to guide users through their daily routines.",Design,gemini,18
gemini_151,PENCIL,Use the wooden casing as a temporary splint for a broken finger in an emergency.,AUT,gemini,15
gemini_151,Develop as many design ideas as you can to help people with mobility impairments navigate stairs.,"Implement a system of modular, sensor-activated platforms that move horizontally and vertically along the staircase walls.",Design,gemini,16
gemini_151,mirror-face-reflection,"She wiped the dust from the mirror. Her own face appeared, looking much older than she remembered. The reflection reached out to touch the cold glass. Fear washed over her as it refused to let go.",Story,gemini,36
gemini_151,bridge-river-cross,The stone bridge spanned the raging torrent. They watched the river carry away the debris of the old town. To cross meant leaving everything behind forever. They took the first step into the unknown.,Story,gemini,34
gemini_151,You are introduced to a robot that can learn and think like humans. What scientific questions could you ask about this?,"Does the robot's cognitive framework allow for the emergence of subjective qualia, or is its internal experience merely a simulation of human-like sentiment?",SCTT-ResearchQuestion,gemini,23
gemini_152,You look outside one night and see stars disappearing one by one from the sky. What hypotheses do you have about why that is?,"A massive, non-luminous molecular cloud is drifting across our line of sight, progressively obscuring distant stars as it moves through the interstellar medium.",SCTT-Hypothesis,gemini,23
gemini_152,You travel on a spaceship to a new planet outside of our galaxy. What scientific questions could you ask about this planet?,Does the planet’s magnetic field exhibit an unusual topology due to the specific heavy metal concentrations expected in its host galaxy’s unique stellar nursery?,SCTT-ResearchQuestion,gemini,24
gemini_152,bridge-river-cross,"The old bridge hummed as the wind blew. Below, the river churned with white foam. I knew I had to cross to reach safety. Every step felt like a gamble against the current. I reached the far bank just as the sun set.",Story,gemini,43
gemini_152,KNIFE,Use the polished surface of a large knife blade to reflect sunlight and signal for help in a survival situation.,AUT,gemini,20
gemini_152,Develop as many design ideas as you can to reduce traffic congestion in mega cities.,"Implement a system of autonomous, modular bus-trains that can dynamically couple and decouple while in motion to optimize route efficiency and reduce stops.",Design,gemini,23
gemini_152,BUCKET,"Fill it with ice and place it directly in front of a high-powered fan to create a simple, portable swamp cooler for small rooms.",AUT,gemini,24
gemini_152,You notice that the water in one lake is warmer than the water in another lake even though they both get the same amount of sunlight. What hypotheses do you have about why that is?,The warmer lake likely sits atop a localized geothermal vent that continuously heats the water from the Earth's interior.,SCTT-Hypothesis,gemini,19
gemini_152,BRICK,"Heat the brick in an oven and wrap it in a thick towel to serve as a long-lasting, rustic bed warmer on cold nights.",AUT,gemini,24
gemini_152,pen-paper-story,"He picked up the fountain pen. The textured paper felt cool under his hand. He began to weave a story of stars and oceans. By dawn, the desk was covered in ink-stained dreams.",Story,gemini,33
gemini_152,Develop as many design ideas as you can to assist people with memory impairments remember important tasks.,An AI-powered wearable that uses bone-conduction to whisper contextual reminders into the user's ear based on their real-time proximity to Bluetooth-tagged objects.,Design,gemini,22
gemini_152,You are introduced to a robot that can learn and think like humans. What scientific questions could you ask about this?,"Can the robot’s neural architecture develop a functional equivalent to the human ""default mode network"" during its periods of processing inactivity?",SCTT-ResearchQuestion,gemini,21
gemini_152,key-door-lock,"The silver key felt heavy in my pocket. I reached the hidden door deep in the woods. The lock turned with a satisfying, metallic click. I stepped into the darkness with a racing heart.",Story,gemini,34
gemini_152,mirror-face-reflection,"She stared into the antique mirror. Her face looked tired, yet her reflection glowed with youth. She touched the cold glass and felt a pulse. The reflection blinked when she did not.",Story,gemini,32
gemini_152,Develop as many design ideas as you can to help people with mobility impairments navigate stairs.,Wearable robotic leg braces that use motorized joints to provide the necessary torque and stability for climbing stairs with minimal physical effort.,Design,gemini,22
gemini_152,PENCIL,"Use the cedar shavings from a sharpened pencil as a highly effective, resin-rich tinder for starting a survival fire.",AUT,gemini,19
gemini_152,Develop as many design ideas as you can to increase the use of renewable energy sources.,"Integrate transparent solar-harvesting thin films into all skyscraper windows to transform entire urban centers into massive, vertical power plants.",Design,gemini,19
gemini_153,BRICK,"A rustic, heavy-duty doorstop that also functions as a nutcracker for walnuts.",AUT,gemini,12
gemini_153,You travel on a spaceship to a new planet outside of our galaxy. What scientific questions could you ask about this planet?,How does the chemical evolution of its host galaxy influence the isotopic signatures found within its atmosphere compared to those in the Milky Way?,SCTT-ResearchQuestion,gemini,24
gemini_153,Develop as many design ideas as you can to help people with mobility impairments navigate stairs.,Magnetic levitation stair-gliders that clip onto existing railings to ferry wheelchairs vertically.,Design,gemini,12
gemini_153,You look outside one night and see stars disappearing one by one from the sky. What hypotheses do you have about why that is?,"A dense, fast-moving interstellar dust cloud is occluding the stars sequentially from our perspective.",SCTT-Hypothesis,gemini,14
gemini_153,KNIFE,A temporary flat-head screwdriver for tightening loose screws in a pinch.,AUT,gemini,11
gemini_153,Develop as many design ideas as you can to increase the use of renewable energy sources.,Incentivize 'energy-sharing' micro-grids where neighbors can trade surplus residential solar power via blockchain.,Design,gemini,13
gemini_153,Develop as many design ideas as you can to assist people with memory impairments remember important tasks.,Haptic jewelry that vibrates in specific patterns to nudge the wearer toward scheduled daily routines.,Design,gemini,15
gemini_153,You notice that the water in one lake is warmer than the water in another lake even though they both get the same amount of sunlight. What hypotheses do you have about why that is?,"The warmer lake may have a dark, basaltic bottom that absorbs more solar radiation than the sandy, reflective bed of the cooler lake.",SCTT-Hypothesis,gemini,23
gemini_153,PENCIL,A conductive bridge to complete a low-voltage electrical circuit in a DIY electronics project.,AUT,gemini,14
gemini_153,bridge-river-cross,"The ancient bridge groaned over the rushing river. Shadows danced as travelers prepared to cross the divide. Each step felt like a gamble against the current. Finally, the far bank offered its silent safety.",Story,gemini,34
gemini_153,BUCKET,An echo chamber for a smartphone speaker to amplify music during outdoor gatherings.,AUT,gemini,13
gemini_153,You are introduced to a robot that can learn and think like humans. What scientific questions could you ask about this?,Does the robot’s architecture utilize a form of synaptic pruning to optimize its learning efficiency as it acquires complex human-like concepts?,SCTT-ResearchQuestion,gemini,21
gemini_153,mirror-face-reflection,She wiped the steam from the mirror to see her face clearly. The reflection seemed to linger a second too long. Her eyes didn't match the gaze looking back. It was as if someone else was watching from the glass.,Story,gemini,40
gemini_153,Develop as many design ideas as you can to reduce traffic congestion in mega cities.,"Convert existing sub-surface utility tunnels into a high-speed, automated freight delivery network to remove trucks from surface streets.",Design,gemini,18
gemini_153,key-door-lock,"He slid the silver key into the rusted lock. The door resisted at first, then swung open with a moan. Dust motes danced in the sudden shaft of light. The secret room had been undisturbed for decades.",Story,gemini,37
gemini_153,pen-paper-story,"The pen leaked a single drop of ink onto the blank paper. Suddenly, the story began to write itself in jagged script. Every word felt like a heartbeat on the page. By dawn, the legend was finally born.",Story,gemini,38
gemini_154,BUCKET,"Invert it and cut a hole in the bottom to create a rustic, industrial-style lampshade.",AUT,gemini,15
gemini_154,You look outside one night and see stars disappearing one by one from the sky. What hypotheses do you have about why that is?,"A dense cloud of interstellar dust is passing between Earth and the distant stars, progressively obscuring them from our line of sight.",SCTT-Hypothesis,gemini,22
gemini_154,You notice that the water in one lake is warmer than the water in another lake even though they both get the same amount of sunlight. What hypotheses do you have about why that is?,The warmer lake likely has a higher concentration of dissolved minerals or organic matter that increases its ability to absorb and retain thermal energy.,SCTT-Hypothesis,gemini,24
gemini_154,Develop as many design ideas as you can to increase the use of renewable energy sources.,Integrate piezoelectric tiles into urban sidewalks to generate electricity from the kinetic energy of pedestrian foot traffic.,Design,gemini,17
gemini_154,Develop as many design ideas as you can to reduce traffic congestion in mega cities.,"Implement a network of automated, modular pods that travel along suspended magnetic rails to bypass street-level traffic.",Design,gemini,17
gemini_154,PENCIL,Use the graphite as a dry lubricant for a stubborn zipper or a sticking keyhole.,AUT,gemini,15
gemini_154,Develop as many design ideas as you can to help people with mobility impairments navigate stairs.,"Install retractable, motorized treads on the underside of wheelchairs to allow them to climb stairs independently.",Design,gemini,16
gemini_154,pen-paper-story,"The pen moved with a mind of its own across the paper. It was writing a story that had been forgotten for centuries. Each word felt like a heartbeat on the page. By the final sentence, the room felt alive with ghosts.",Story,gemini,42
gemini_154,Develop as many design ideas as you can to assist people with memory impairments remember important tasks.,Design smart jewelry that changes color to remind the wearer of specific tasks based on location-aware sensors.,Design,gemini,17
gemini_154,BRICK,"Heat it in an oven and wrap it in cloth to use as a long-lasting, rustic bed warmer.",AUT,gemini,18
gemini_154,mirror-face-reflection,"She looked into the mirror and saw a stranger. The face in the reflection was hers, but the eyes were different. She touched the glass, and the reflection didn't touch back. Panic set in as she realized she was no longer in control.",Story,gemini,43
gemini_154,You are introduced to a robot that can learn and think like humans. What scientific questions could you ask about this?,Does the robot's neural architecture require a sleep-like state to consolidate new information and prune redundant data pathways?,SCTT-ResearchQuestion,gemini,18
gemini_154,bridge-river-cross,The ancient bridge spanned the widest part of the river. Many had feared to cross its narrow planks. Elara took a deep breath and stepped forward. The water rushed hungrily below her feet.,Story,gemini,33
gemini_154,KNIFE,Use the polished flat of the blade as a signal mirror in survival situations.,AUT,gemini,14
gemini_154,You travel on a spaceship to a new planet outside of our galaxy. What scientific questions could you ask about this planet?,What is the isotopic ratio of the planet's atmospheric gases compared to those found in our own solar system?,SCTT-ResearchQuestion,gemini,19
gemini_154,key-door-lock,"He found the old key hidden in the garden. It matched the heavy iron lock on the cellar door. As the bolt slid back, a gust of cold air escaped. The secrets of the house were finally exposed.",Story,gemini,38
gemini_155,key-door-lock,"The rusty key turned with a satisfying click. He pushed the heavy door open, revealing a hidden garden. The lock had held its secret for fifty years. Now, the scent of jasmine filled the air.",Story,gemini,35
gemini_155,BRICK,"Use a porous brick as a rustic, long-lasting essential oil diffuser by letting the liquid seep into its nooks.",AUT,gemini,19
gemini_155,KNIFE,Use the flat side of a polished blade as an emergency signaling mirror to catch the sun's rays.,AUT,gemini,18
gemini_155,Develop as many design ideas as you can to reduce traffic congestion in mega cities.,"Implement a modular, autonomous ""sky-rail"" pod system that attaches to existing building facades to bypass street-level traffic.",Design,gemini,17
gemini_155,Develop as many design ideas as you can to increase the use of renewable energy sources.,Integrate transparent solar-cell coatings onto every skyscraper window and smartphone screen to turn entire cities into passive power plants.,Design,gemini,19
gemini_155,You are introduced to a robot that can learn and think like humans. What scientific questions could you ask about this?,Does this robot's neural architecture experience a form of human-like cognitive entropy to prioritize relevant data over outdated information?,SCTT-ResearchQuestion,gemini,19
gemini_155,Develop as many design ideas as you can to assist people with memory impairments remember important tasks.,"Develop an augmented reality headset that projects glowing visual ""breadcrumbs"" onto real-world objects to guide users through daily routines.",Design,gemini,19
gemini_155,mirror-face-reflection,"She stared intently into the silvered mirror. A stranger's face stared back, unblinking and cold. Her reflection slowly reached out a hand to touch the glass. She felt the chill of ice through the frame.",Story,gemini,35
gemini_155,BUCKET,"Invert a bucket and cut a small side opening to create a sturdy, makeshift nesting box for urban wildlife.",AUT,gemini,19
gemini_155,Develop as many design ideas as you can to help people with mobility impairments navigate stairs.,"Install a lightweight, foldable ""caterpillar track"" attachment for standard wheelchairs that allows them to climb steps via weight-shifting sensors.",Design,gemini,19
gemini_155,PENCIL,Use the graphite core of a pencil as a dry lubricant to fix a squeaky door hinge or a stubborn zipper.,AUT,gemini,21
gemini_155,bridge-river-cross,"The ancient bridge groaned under the weight of the traveler. Below, the river roared with seasonal fury. To cross meant leaving the old world behind forever. He took the first step into the mist.",Story,gemini,34
gemini_155,You travel on a spaceship to a new planet outside of our galaxy. What scientific questions could you ask about this planet?,Does the local magnetosphere interact with the intergalactic medium differently than planets within the Milky Way's gravitational well?,SCTT-ResearchQuestion,gemini,18
gemini_155,pen-paper-story,His pen danced across the yellowed paper. A story began to unfold of forgotten kingdoms. Words became worlds as the ink dried. He breathed life into characters long since passed.,Story,gemini,30
gemini_155,You look outside one night and see stars disappearing one by one from the sky. What hypotheses do you have about why that is?,"A dense, localized cloud of interstellar dust is moving across our line of sight, progressively obscuring distant starlight.",SCTT-Hypothesis,gemini,18
gemini_155,You notice that the water in one lake is warmer than the water in another lake even though they both get the same amount of sunlight. What hypotheses do you have about why that is?,The warmer lake may be situated over a submerged geothermal vent or have a higher concentration of heat-absorbing dark sediment on its floor.,SCTT-Hypothesis,gemini,23
gemini_156,You notice that the water in one lake is warmer than the water in another lake even though they both get the same amount of sunlight. What hypotheses do you have about why that is?,The warmer lake likely has a much higher concentration of dissolved organic compounds that significantly increase its heat absorption by reducing its overall albedo.,SCTT-Hypothesis,gemini,24
gemini_156,Develop as many design ideas as you can to increase the use of renewable energy sources.,Incentivize the installation of kinetic-energy-harvesting flooring in high-traffic transportation hubs to power local lighting.,Design,gemini,14
gemini_156,pen-paper-story,"He gripped the silver pen until his knuckles turned white. The blank paper mocked him with its pristine surface. Slowly, the first sentence of his story began to take shape. Ink flowed across the page, washing away the silence.",Story,gemini,39
gemini_156,mirror-face-reflection,"He approached the mirror, fearing what he might see. The face in the glass looked older than he remembered. His reflection blinked, though he kept his eyes wide. It was a haunting reminder of the time he had lost.",Story,gemini,39
gemini_156,bridge-river-cross,"A narrow bridge spanned the wide, rushing river. The wooden planks creaked as she prepared to cross. Below, the water churned with white foam and fury. She took a deep breath and stepped into the wind.",Story,gemini,36
gemini_156,PENCIL,Use the graphite to create a conductive trace on a paper surface for an improvised electrical circuit.,AUT,gemini,17
gemini_156,BRICK,"Heat the brick in a fire and wrap it in a heavy cloth to use as a long-lasting, portable foot warmer.",AUT,gemini,21
gemini_156,You look outside one night and see stars disappearing one by one from the sky. What hypotheses do you have about why that is?,"A localized, dense cloud of interstellar gas is",SCTT-Hypothesis,gemini,8
gemini_156,Develop as many design ideas as you can to assist people with memory impairments remember important tasks.,,Design,gemini,0
gemini_156,key-door-lock,,Story,gemini,0
gemini_156,You travel on a spaceship to a new planet outside of our galaxy. What scientific questions could you ask about this planet?,,SCTT-ResearchQuestion,gemini,0
gemini_156,Develop as many design ideas as you can to help people with mobility impairments navigate stairs.,,Design,gemini,0
gemini_156,BUCKET,,AUT,gemini,0
gemini_156,You are introduced to a robot that can learn and think like humans. What scientific questions could you ask about this?,,SCTT-ResearchQuestion,gemini,0
gemini_156,Develop as many design ideas as you can to reduce traffic congestion in mega cities.,,Design,gemini,0
gemini_156,KNIFE,,AUT,gemini,0
gemini_157,PENCIL,Use it as a rolling pin for making miniature dumplings.,AUT,gemini,10
gemini_157,Develop as many design ideas as you can to increase the use of renewable energy sources.,Integrate micro-transparent solar cells into all skyscraper glass windows.,Design,gemini,9
gemini_157,Develop as many design ideas as you can to reduce traffic congestion in mega cities.,"Implement a system of modular, magnetically-levitated autonomous pods that attach to existing building facades.",Design,gemini,14
gemini_157,KNIFE,Use the flat side as a temporary mirror for signaling SOS in the sunlight.,AUT,gemini,14
gemini_157,You travel on a spaceship to a new planet outside of our galaxy. What scientific questions could you ask about this planet?,Does the planet’s magnetosphere provide enough protection against the radiation of its host star to sustain life?,SCTT-ResearchQuestion,gemini,17
gemini_157,pen-paper-story,"The silver pen danced across the yellowed paper. Every stroke breathed life into a forgotten story. Characters emerged from the ink, seeking their long-lost endings. Finally, the last dot grounded them in reality.",Story,gemini,33
gemini_157,You notice that the water in one lake is warmer than the water in another lake even though they both get the same amount of sunlight. What hypotheses do you have about why that is?,The warmer lake may be situated over a geothermal vent that provides an internal heat source.,SCTT-Hypothesis,gemini,16
gemini_157,You are introduced to a robot that can learn and think like humans. What scientific questions could you ask about this?,To what extent does the robot's neural architecture replicate the synaptic pruning processes found in human brain development?,SCTT-ResearchQuestion,gemini,18
gemini_157,key-door-lock,"The rusted key turned reluctantly within the heavy lock. With a groan, the ancient door swung inward. Dust motes swirled in the sudden shaft of light. Whatever was hidden inside had been waiting for centuries.",Story,gemini,35
gemini_157,BUCKET,Flip it over and use it as a makeshift drum for a street performance.,AUT,gemini,14
gemini_157,mirror-face-reflection,"She stared into the silver mirror, searching for a spark. Her face looked back, tired but determined. The reflection seemed to wink before she could blink. Suddenly, the glass felt less like a wall and more like a window.",Story,gemini,39
gemini_157,BRICK,Use it as a heavy-duty bookend for a shelf of oversized encyclopedias.,AUT,gemini,12
gemini_157,Develop as many design ideas as you can to help people with mobility impairments navigate stairs.,Install wheelchairs equipped with retractable caterpillar tracks that safely grip and climb standard stairs.,Design,gemini,14
gemini_157,Develop as many design ideas as you can to assist people with memory impairments remember important tasks.,Use augmented reality glasses that project visual icons onto real-world objects to prompt specific daily tasks.,Design,gemini,16
gemini_157,bridge-river-cross,"The rope bridge swayed precariously over the roaring river. He knew he had to cross before the storm arrived. Each step felt like a gamble with gravity. At the center, he paused to watch the white water churn below.",Story,gemini,39
gemini_157,You look outside one night and see stars disappearing one by one from the sky. What hypotheses do you have about why that is?,"A dense, localized cloud of interstellar dust is passing between Earth and the star field, obscuring the stars one by one.",SCTT-Hypothesis,gemini,21
gemini_158,Develop as many design ideas as you can to reduce traffic congestion in mega cities.,Establish a network of vertical-takeoff-and-landing (VTOL) commuter hubs to transition daily transit into three-dimensional airspace.,Design,gemini,15
gemini_158,mirror-face-reflection,"She stared into the cracked glass. A stranger’s face looked back, mimicking every blink. The mirror didn't just show a reflection; it showed a ghost. She finally recognized her lost sister.",Story,gemini,31
gemini_158,Develop as many design ideas as you can to increase the use of renewable energy sources.,Incorporate transparent solar-cell technology into every window pane of high-rise buildings to turn urban centers into power plants.,Design,gemini,18
gemini_158,pen-paper-story,"The ink bled across the rough page. His pen danced, weaving a story of forgotten lands. Every word felt like a heartbeat. The paper eventually became a portal to another world.",Story,gemini,31
gemini_158,Develop as many design ideas as you can to assist people with memory impairments remember important tasks.,Wearable AR glasses that project persistent holographic reminders directly onto the physical objects associated with a task.,Design,gemini,17
gemini_158,BUCKET,Invert it to use as a makeshift percussion instrument for a street performance.,AUT,gemini,13
gemini_158,bridge-river-cross,"The old bridge creaked under his weight. Below, the river rushed with frantic energy. He had to cross before the storm arrived. One step at a time, he reached safety.",Story,gemini,30
gemini_158,You are introduced to a robot that can learn and think like humans. What scientific questions could you ask about this?,Does the robot’s learning architecture allow for the spontaneous development of subjective qualia or an internal narrative similar to human consciousness?,SCTT-ResearchQuestion,gemini,21
gemini_158,PENCIL,Use the graphite from the pencil to lubricate a sticky door lock or a jammed zipper.,AUT,gemini,16
gemini_158,KNIFE,Use the flat side of a polished knife blade as a signaling mirror to reflect sunlight toward distant rescue teams.,AUT,gemini,20
gemini_158,key-door-lock,The silver key felt cold in her palm. She inserted it into the heavy iron lock. The door groaned as it slowly swung open. A secret world awaited her discovery.,Story,gemini,30
gemini_158,Develop as many design ideas as you can to help people with mobility impairments navigate stairs.,"Install flush-mounted, motorized step-lifts that convert individual stairs into a continuous vertical platform on demand.",Design,gemini,15
gemini_158,You travel on a spaceship to a new planet outside of our galaxy. What scientific questions could you ask about this planet?,How does the planet's atmospheric composition affect its ability to retain heat from a star with a different spectral class than our Sun?,SCTT-ResearchQuestion,gemini,23
gemini_158,You notice that the water in one lake is warmer than the water in another lake even though they both get the same amount of sunlight. What hypotheses do you have about why that is?,The warmer lake might have a significantly higher concentration of suspended dark particulates that increase its solar thermal absorption capacity.,SCTT-Hypothesis,gemini,20
gemini_158,You look outside one night and see stars disappearing one by one from the sky. What hypotheses do you have about why that is?,"A localized, dense cloud of interstellar dust is drifting across our line of sight, progressively masking the light of distant stars.",SCTT-Hypothesis,gemini,21
gemini_158,BRICK,Heat it in an oven and wrap it in a thick cloth to use as a long-lasting radiant heat source for a bed.,AUT,gemini,23
gemini_159,You are introduced to a robot that can learn and think like humans. What scientific questions could you ask about this?,"Does the robot’s architecture utilize a simulated neuro-plasticity mechanism to facilitate the same ""critical period"" learning windows observed in human biological development?",SCTT-ResearchQuestion,gemini,22
gemini_159,Develop as many design ideas as you can to assist people with memory impairments remember important tasks.,An augmented reality monocle that projects visual task prompts and directional arrows directly onto the physical objects associated with a specific routine.,Design,gemini,22
gemini_159,key-door-lock,"The rusty key felt heavy in my trembling hand. I shoved it into the stubborn lock, praying it wouldn't snap. With a metallic groan, the mechanism finally turned. The heavy oak door creaked open to reveal the forgotten attic.",Story,gemini,39
gemini_159,mirror-face-reflection,"She leaned toward the silver mirror, searching for a trace of her youth. A stranger’s face stared back with tired, hollow eyes. Suddenly, the reflection blinked while she kept her own eyes wide open. Fear chilled her blood instantly.",Story,gemini,39
gemini_159,KNIFE,Using the polished flat of the blade as an emergency signal mirror for long-distance communication.,AUT,gemini,15
gemini_159,BUCKET,Inverting the bucket to create an acoustic resonance chamber that amplifies the sound of a smartphone placed underneath it.,AUT,gemini,19
gemini_159,You travel on a spaceship to a new planet outside of our galaxy. What scientific questions could you ask about this planet?,Does the planet’s magnetosphere provide sufficient shielding against the unique cosmic radiation flux of its parent galaxy compared to our own?,SCTT-ResearchQuestion,gemini,21
gemini_159,You notice that the water in one lake is warmer than the water in another lake even though they both get the same amount of sunlight. What hypotheses do you have about why that is?,The warmer lake likely contains a higher concentration of dark suspended particulates that increase its solar thermal absorption rate compared to the clearer lake.,SCTT-Hypothesis,gemini,24
gemini_159,Develop as many design ideas as you can to increase the use of renewable energy sources.,Integrating transparent solar-harvesting thin films into all commercial and residential window glass to transform entire cityscapes into passive power plants.,Design,gemini,20
gemini_159,bridge-river-cross,"The ancient stone bridge swayed precariously over the roaring river. We knew we had to cross before the storm reached the valley. Each step echoed sharply against the mist-slicked granite. Finally, our feet touched the solid, safe earth of the far bank.",Story,gemini,42
gemini_159,BRICK,"Wrapping the brick in heavy fabric to serve as a rustic, industrial-style bookend for a minimalist library.",AUT,gemini,17
gemini_159,Develop as many design ideas as you can to help people with mobility impairments navigate stairs.,"Retractable, high-torque caterpillar-track attachments that can be retrofitted onto standard manual wheelchairs for autonomous stair navigation.",Design,gemini,16
gemini_159,PENCIL,Using the graphite-covered tip as a dry lubricant to fix a sticking metal zipper on a jacket.,AUT,gemini,17
gemini_159,Develop as many design ideas as you can to reduce traffic congestion in mega cities.,Implementing a dynamic AI-controlled traffic grid that synchronizes signal timing in real-time based on live density data from commuter GPS signals.,Design,gemini,21
gemini_159,pen-paper-story,"He clicked his pen and stared at the blank paper. The first sentence of his story felt like an impossible mountain to climb. Suddenly, the ink began to flow as if the words were escaping a cage. By dawn, the desk was littered with finished chapters.",Story,gemini,46
gemini_159,You look outside one night and see stars disappearing one by one from the sky. What hypotheses do you have about why that is?,"A localized, rapidly expanding cloud of opaque interstellar dust is passing between Earth and the distant star field, obscuring our line of sight.",SCTT-Hypothesis,gemini,23
gemini_160,BUCKET,Flip the bucket over to create a resonance chamber that amplifies the audio from a smartphone speaker.,AUT,gemini,17
gemini_160,You notice that the water in one lake is warmer than the water in another lake even though they both get the same amount of sunlight. What hypotheses do you have about why that is?,One lake might be significantly deeper or fed by an underground geothermal spring that provides internal heating.,SCTT-Hypothesis,gemini,17
gemini_160,bridge-river-cross,"The bridge spanned the wide, rushing river. I stood at the edge, afraid to cross. My heart hammered against my ribs like a trapped bird. With one deep breath, I stepped onto the ancient wood.",Story,gemini,35
gemini_160,key-door-lock,"The golden key turned smoothly in the heavy door. I heard the lock click open with a hollow sound. Dust motes danced in the light of the opening portal. Inside, the secrets of the mansion finally awaited.",Story,gemini,37
gemini_160,Develop as many design ideas as you can to assist people with memory impairments remember important tasks.,Smart glasses that overlay holographic arrows and instruction labels onto real-world objects to guide users through daily routines.,Design,gemini,18
gemini_160,KNIFE,"Use the flat, polished side of the blade as a signaling mirror to reflect sunlight toward rescuers in an emergency.",AUT,gemini,20
gemini_160,pen-paper-story,"The pen scratched rhythmically against the textured paper. She poured her entire life into the growing story. Every sentence was a step away from her lonely reality. Soon, the final period marked the end of her journey.",Story,gemini,37
gemini_160,Develop as many design ideas as you can to help people with mobility impairments navigate stairs.,"Retractable, motorized stair-climbing tracks built into the banisters that can latch onto and lift a wheelchair.",Design,gemini,16
gemini_160,You look outside one night and see stars disappearing one by one from the sky. What hypotheses do you have about why that is?,,SCTT-Hypothesis,gemini,0
gemini_160,BRICK,,AUT,gemini,0
gemini_160,You are introduced to a robot that can learn and think like humans. What scientific questions could you ask about this?,,SCTT-ResearchQuestion,gemini,0
gemini_160,Develop as many design ideas as you can to reduce traffic congestion in mega cities.,,Design,gemini,0
gemini_160,PENCIL,,AUT,gemini,0
gemini_160,mirror-face-reflection,,Story,gemini,0
gemini_160,Develop as many design ideas as you can to increase the use of renewable energy sources.,,Design,gemini,0
gemini_160,You travel on a spaceship to a new planet outside of our galaxy. What scientific questions could you ask about this planet?,,SCTT-ResearchQuestion,gemini,0
gemini_161,BRICK,Heat the brick in an oven and wrap it in a towel to use as a long-lasting foot warmer for cold nights.,AUT,gemini,22
gemini_161,You notice that the water in one lake is warmer than the water in another lake even though they both get the same amount of sunlight. What hypotheses do you have about why that is?,The warmer lake likely has a darker bed of sediment that more efficiently absorbs and re-radiates solar thermal energy into the water.,SCTT-Hypothesis,gemini,22
gemini_161,You look outside one night and see stars disappearing one by one from the sky. What hypotheses do you have about why that is?,"A thin, advancing front of high-altitude ice crystals is refracting and gradually obscuring the light from the stars one by one.",SCTT-Hypothesis,gemini,21
gemini_161,Develop as many design ideas as you can to assist people with memory impairments remember important tasks.,AR-enabled glasses that overlay digital labels and step-by-step instructions onto physical household objects.,Design,gemini,13
gemini_161,PENCIL,Use a pencil as a lightweight rolling pin for flattening small pieces of craft clay.,AUT,gemini,15
gemini_161,You are introduced to a robot that can learn and think like humans. What scientific questions could you ask about this?,Does the robot’s cognitive architecture include a mechanism for the spontaneous generation of curiosity-driven goals?,SCTT-ResearchQuestion,gemini,15
gemini_161,pen-paper-story,He picked up the heavy pen. The paper stayed perfectly still. A new story began to take shape. Every sentence brought the characters to life.,Story,gemini,25
gemini_161,Develop as many design ideas as you can to reduce traffic congestion in mega cities.,"A city-wide network of automated, cable-suspended transit pods that bypass existing road infrastructure entirely.",Design,gemini,14
gemini_161,key-door-lock,She turned the silver key. The door swung open with a groan. The lock had been broken for years. Sunlight finally spilled into the dark hallway.,Story,gemini,26
gemini_161,bridge-river-cross,A,Story,gemini,1
gemini_161,Develop as many design ideas as you can to increase the use of renewable energy sources.,,Design,gemini,0
gemini_161,KNIFE,,AUT,gemini,0
gemini_161,mirror-face-reflection,,Story,gemini,0
gemini_161,Develop as many design ideas as you can to help people with mobility impairments navigate stairs.,,Design,gemini,0
gemini_161,You travel on a spaceship to a new planet outside of our galaxy. What scientific questions could you ask about this planet?,,SCTT-ResearchQuestion,gemini,0
gemini_161,BUCKET,,AUT,gemini,0
gemini_162,BRICK,Use a brick as a heat sink to draw thermal energy away from delicate electronics during an emergency soldering project.,AUT,gemini,20
gemini_162,You notice that the water in one lake is warmer than the water in another lake even though they both get the same amount of sunlight. What hypotheses do you have about why that is?,"The warmer lake is significantly shallower than the other, resulting in a higher concentration of thermal energy per unit of volume.",SCTT-Hypothesis,gemini,21
gemini_162,PENCIL,Use the graphite tip of a pencil as a dry lubricant to help a sticking key turn smoothly in a lock.,AUT,gemini,21
gemini_162,You travel on a spaceship to a new planet outside of our galaxy. What scientific questions could you ask about this planet?,Does the planet’s core produce a magnetosphere capable of shielding its surface from high-energy interstellar radiation?,SCTT-ResearchQuestion,gemini,16
gemini_162,Develop as many design ideas as you can to increase the use of renewable energy sources.,"Integrate transparent solar films into all residential and commercial window glass to turn urban centers into massive, vertical power plants.",Design,gemini,20
gemini_162,You look outside one night and see stars disappearing one by one from the sky. What hypotheses do you have about why that is?,"A localized, high-altitude plume of volcanic ash or atmospheric particulate matter is drifting across the observer’s line of sight.",SCTT-Hypothesis,gemini,19
gemini_162,pen-paper-story,The pen scratched against the rough paper. A story began to bleed into existence. He didn't stop until his hand finally cramped. The ink held the weight of his deepest secrets.,Story,gemini,31
gemini_162,key-door-lock,"The key turned with a heavy metallic groan. Behind the door lay a room forgotten by time. The lock was rusted, yet it still held firm. He forced it open and stepped into the silence.",Story,gemini,35
gemini_162,bridge-river-cross,"They reached the bridge at dawn. Below, the river surged with icy ferocity. To cross meant leaving their entire past behind. They walked together into the rising mist.",Story,gemini,28
gemini_162,BUCKET,"Use an upside-down bucket as an air-trap to create a dry, submerged viewing window for observing shallow pond life.",AUT,gemini,19
gemini_162,mirror-face-reflection,"She touched the cool surface of the mirror. Her reflection shifted, smiling even when she did not. A different face peered back from the silver depths. She stepped back in silent horror.",Story,gemini,32
gemini_162,Develop as many design ideas as you can to help people with mobility impairments navigate stairs.,"Install a synchronized, motorized handrail system that provides a gentle, upward-pulling force to assist users in climbing the stairs.",Design,gemini,19
gemini_162,You are introduced to a robot that can learn and think like humans. What scientific questions could you ask about this?,Does the robot's architecture utilize a form of synaptic pruning to maintain efficiency as it accumulates vast amounts of new information?,SCTT-ResearchQuestion,gemini,21
gemini_162,KNIFE,"Use the polished, flat side of a knife blade as an emergency signal mirror to reflect sunlight toward distant rescuers.",AUT,gemini,20
gemini_162,Develop as many design ideas as you can to assist people with memory impairments remember important tasks.,"Develop a smart-home lighting system that uses directional ""pathway"" cues to guide users through the specific steps of a scheduled routine.",Design,gemini,21
gemini_162,Develop as many design ideas as you can to reduce traffic congestion in mega cities.,Use a centralized AI to dynamically adjust individual vehicle speed limits in real-time to eliminate the accordion effect and maintain smooth traffic flow.,Design,gemini,23
gemini_163,bridge-river-cross,"The ancient stone bridge groaned under the traveler’s weight. Below, the river roared like a hungry beast, spray hitting the damp wood. He knew he had to cross before the storm broke. With one final leap, he reached the far side. The bridge collapsed into the churning depths just moments later.",Story,gemini,51
gemini_163,Develop as many design ideas as you can to reduce traffic congestion in mega cities.,"Implement a modular, AI-directed pod system that utilizes existing subway tunnels during off-peak hours for freight transport, removing delivery trucks from surface roads.",Design,gemini,23
gemini_163,key-door-lock,"She fumbled with the rusted key, her fingers trembling in the cold. The heavy oak door stood as a silent guardian to her past. Finally, the lock clicked with a satisfying, metallic thud. She stepped inside, where dust motes danced in the moonlight. The secret was finally within reach.",Story,gemini,49
gemini_163,Develop as many design ideas as you can to increase the use of renewable energy sources.,Integrate transparent solar-harvesting thin-films into all newly manufactured window glass for residential and commercial skyscrapers.,Design,gemini,15
gemini_163,pen-paper-story,"The ink flowed smoothly from the silver pen. On the blank paper, a world began to take shape. Every word added a new layer to the unfolding story. By dawn, the protagonist had found his way home. The writer finally set the pen down and slept.",Story,gemini,46
gemini_163,KNIFE,Use the flat side of a polished stainless steel blade as a signaling mirror for emergency long-distance communication.,AUT,gemini,18
gemini_163,You notice that the water in one lake is warmer than the water in another lake even though they both get the same amount of sunlight. What hypotheses do you have about why that is?,"The warmer lake likely contains a significantly higher concentration of suspended dark particulates or has a darker lakebed, allowing it to absorb more thermal energy from the same amount of solar radiation.",SCTT-Hypothesis,gemini,32
gemini_163,Develop as many design ideas as you can to help people with mobility impairments navigate stairs.,"Install a modular, inflatable stair-ramp system that deploys via sensor when it detects a wheelchair or walker approach.",Design,gemini,18
gemini_163,You look outside one night and see stars disappearing one by one from the sky. What hypotheses do you have about why that is?,"An immense, non-luminous cloud of interstellar dust is drifting between Earth and the distant star cluster, progressively obscuring the light.",SCTT-Hypothesis,gemini,20
gemini_163,Develop as many design ideas as you can to assist people with memory impairments remember important tasks.,Develop smart glasses that use facial recognition and augmented reality to overlay names and last-met details onto people in the user's field of vision.,Design,gemini,24
gemini_163,mirror-face-reflection,"He stared into the cracked mirror, barely recognizing the man inside. The face looking back was weathered by years of travel. In that reflection, he saw the echoes of his father’s eyes. A single tear traced a path through the dust on his cheek. He turned away, leaving the ghost of himself behind.",Story,gemini,53
gemini_163,You are introduced to a robot that can learn and think like humans. What scientific questions could you ask about this?,"Does the robot’s neural architecture exhibit emergent chaotic dynamics similar to the human brain’s ""resting state"" networks during periods of inactivity?",SCTT-ResearchQuestion,gemini,21
gemini_163,You travel on a spaceship to a new planet outside of our galaxy. What scientific questions could you ask about this planet?,"How do the isotopic ratios of the planet's atmospheric gases compare to those in our own galaxy, and what does this reveal about its star's nucleosynthesis history?",SCTT-ResearchQuestion,gemini,27
gemini_163,PENCIL,Use the graphite core as an emergency dry lubricant for a stuck zipper or a squeaky hinge.,AUT,gemini,17
gemini_163,BUCKET,"Invert the bucket and strike the bottom with various mallets to create a resonant, improvised bass drum for street performance.",AUT,gemini,20
gemini_163,BRICK,"Heat a brick in a fire and wrap it in heavy fabric to serve as a long-lasting, portable bed warmer for cold nights.",AUT,gemini,23
gemini_164,KNIFE,"Use the flat side of the blade to crush garlic cloves or spices with a quick, controlled strike against a cutting board.",AUT,gemini,22
gemini_164,You notice that the water in one lake is warmer than the water in another lake even though they both get the same amount of sunlight. What hypotheses do you have about why that is?,The warmer lake likely has a darker bottom surface or higher concentrations of suspended particles that increase its overall solar absorption rate.,SCTT-Hypothesis,gemini,22
gemini_164,Develop as many design ideas as you can to assist people with memory impairments remember important tasks.,"Deploy augmented reality glasses that overlay digital ""sticky notes"" and instructional arrows onto physical objects to provide real-time task reminders.",Design,gemini,20
gemini_164,BUCKET,Turn the bucket upside down to serve as a makeshift resonance chamber for an acoustic street performance.,AUT,gemini,17
gemini_164,Develop as many design ideas as you can to help people with mobility impairments navigate stairs.,Integrate a pressurized air-assist lift into the handrails that provides a gentle upward boost to a user's harness.,Design,gemini,18
gemini_164,PENCIL,"Rub the graphite tip onto a stubborn, sticking zipper to act as a dry lubricant for smoother movement.",AUT,gemini,18
gemini_164,Develop as many design ideas as you can to reduce traffic congestion in mega cities.,Construct a network of subterranean automated freight tunnels to remove all commercial delivery vehicles from surface streets.,Design,gemini,17
gemini_164,key-door-lock,"The iron key felt unnervingly cold against Elias’s palm. He pressed it into the rusted lock and felt the mechanism groan. The heavy cellar door creaked open, exhaling a scent of damp earth and ancient secrets. He hesitated, but the mystery hidden within was too great to ignore.",Story,gemini,48
gemini_164,bridge-river-cross,"The ancient rope bridge swayed violently over the churning river below. Fear gripped Maya as she prepared to cross the narrow, fraying path. Each step felt like a gamble against the raging torrent of the mountain melt. Halfway across, she stopped to watch the water carve its way through the canyon.",Story,gemini,51
gemini_164,mirror-face-reflection,"She wiped the thick condensation from the mirror to inspect the bruise. A different face seemed to flicker in the reflection for just a moment. Startled, she leaned in closer, but only her own tired eyes stared back. The bathroom grew silent as she wondered if the glass was playing tricks on her mind.",Story,gemini,54
gemini_164,You are introduced to a robot that can learn and think like humans. What scientific questions could you ask about this?,How does the robot's neural architecture simulate the biological process of forgetting to prevent cognitive data saturation?,SCTT-ResearchQuestion,gemini,17
gemini_164,You look outside one night and see stars disappearing one by one from the sky. What hypotheses do you have about why that is?,"A dense, fast-moving cloud of interstellar dust is passing through our line of sight and sequentially obscuring the background stars.",SCTT-Hypothesis,gemini,20
gemini_164,BRICK,"Heat the brick in an oven and wrap it in a thick towel to serve as a long-lasting, portable bed warmer.",AUT,gemini,21
gemini_164,You travel on a spaceship to a new planet outside of our galaxy. What scientific questions could you ask about this planet?,Does the planet’s magnetosphere provide sufficient shielding against its star’s radiation to allow for the evolution of surface-dwelling organisms?,SCTT-ResearchQuestion,gemini,19
gemini_164,Develop as many design ideas as you can to increase the use of renewable energy sources.,"Manufacture transparent solar cells into high-rise windows to transform city skylines into massive, passive power generators.",Design,gemini,16
gemini_164,pen-paper-story,"He gripped the silver pen as if it were a lifeline. The rough paper waited patiently for the ink to spill its secrets. Slowly, a story of forgotten empires and lost kings began to take shape. By dawn, the desk was littered with pages that breathed life into a new world.",Story,gemini,51
gemini_165,You notice that the water in one lake is warmer than the water in another lake even though they both get the same amount of sunlight. What hypotheses do you have about why that is?,"The warmer lake likely has a lower albedo due to a dark, basaltic bed that absorbs more solar radiation compared to the lighter, sandy bottom of the cooler lake.",SCTT-Hypothesis,gemini,29
gemini_165,BRICK,"Wrap the brick in a decorative fabric to create a heavy-duty, rustic doorstop or a stabilizing bookend for large volumes.",AUT,gemini,20
gemini_165,Develop as many design ideas as you can to help people with mobility impairments navigate stairs.,"Install ""stair-integrated treadmills"" that transform into a flat, inclined conveyor belt system for wheelchairs at the touch of a button.",Design,gemini,20
gemini_165,mirror-face-reflection,"She wiped the steam from the cold mirror.
A strange, distorted face stared back at her with glowing eyes.
The reflection didn't mimic her terrified movement.
Slowly, the glass began to crack from the inside.
She realized she wasn't the one looking out anymore.",Story,gemini,44
gemini_165,BUCKET,"Flip the bucket upside down to serve as an instant, portable percussion drum for an impromptu street performance.",AUT,gemini,18
gemini_165,PENCIL,Use a pencil as a precision seedling dibber to poke perfectly sized holes for delicate seeds in a garden starter tray.,AUT,gemini,21
gemini_165,You travel on a spaceship to a new planet outside of our galaxy. What scientific questions could you ask about this planet?,Does the isotopic composition of this planet's crust suggest a formation period contemporaneous with the galaxies in our local group?,SCTT-ResearchQuestion,gemini,20
gemini_165,bridge-river-cross,"The ancient stone bridge groaned under the weight of the morning mist.
Below, the raging river swallowed the sound of their approaching footsteps.
They had to cross before the structural integrity finally failed.
One final leap brought them to the safety of the muddy bank.
Behind them, the path dissolved into the churning water.",Story,gemini,54
gemini_165,pen-paper-story,"The silver pen hovered inches above the blank paper.
A single drop of ink fell, blooming like a dark flower.
As she began to write, the story took on a life of its own.
Characters whispered their secrets directly into her ear.
By dawn, the parchment was heavy with a history she hadn't intended to tell.",Story,gemini,56
gemini_165,Develop as many design ideas as you can to increase the use of renewable energy sources.,Integrate transparent solar cells into all high-rise glass facades to turn entire urban skylines into passive energy-generating power plants.,Design,gemini,19
gemini_165,You are introduced to a robot that can learn and think like humans. What scientific questions could you ask about this?,To what extent does the robot's synthetic neural architecture mimic the biochemical process of synaptic pruning during long-term memory consolidation?,SCTT-ResearchQuestion,gemini,20
gemini_165,Develop as many design ideas as you can to assist people with memory impairments remember important tasks.,"Develop ""Smart-Lume"" adhesive tags that glow and change color based on their proximity to a user's scheduled task or daily routine.",Design,gemini,21
gemini_165,You look outside one night and see stars disappearing one by one from the sky. What hypotheses do you have about why that is?,"A high-altitude, localized cloud of volcanic ash or particulate matter is drifting through the upper atmosphere, occulting the light from distant stars.",SCTT-Hypothesis,gemini,22
gemini_165,key-door-lock,"The heavy iron key felt ice-cold in his trembling hand.
He fumbled for the door in the absolute darkness of the hallway.
With a sharp click, the lock finally surrendered its ancient secret.
The hinges screamed as the heavy oak swung inward.
Something stood waiting for him in the center of the room.",Story,gemini,53
gemini_165,KNIFE,Use the flat side of a wide chef's knife as a makeshift palette knife for texturing heavy acrylic paint on a large canvas.,AUT,gemini,23
gemini_165,Develop as many design ideas as you can to reduce traffic congestion in mega cities.,"Implement a ""Vertical Modular Pod"" system that uses magnetic levitation to move commuter units along the exterior of buildings above street level.",Design,gemini,22
gemini_166,You notice that the water in one lake is warmer than the water in another lake even though they both get the same amount of sunlight. What hypotheses do you have about why that is?,"The warmer lake may be situated over a thin point in the Earth's crust, allowing geothermal heat to rise and warm the water from below.",SCTT-Hypothesis,gemini,25
gemini_166,BUCKET,Flip it over and use it as a makeshift djembe drum for a street performance.,AUT,gemini,15
gemini_166,mirror-face-reflection,"She stared into the cracked mirror. Her tired face looked back with a heavy sigh. In the silver reflection, a stranger winked from the shadows. She dropped the glass and ran.",Story,gemini,31
gemini_166,pen-paper-story,"He picked up the fountain pen with trembling fingers. The blank paper felt like an invitation to another world. Every drop of ink wove a complex story. By dawn, the room was filled with magic.",Story,gemini,35
gemini_166,Develop as many design ideas as you can to assist people with memory impairments remember important tasks.,Augmented reality glasses that highlight physical objects associated with scheduled tasks using glowing visual cues.,Design,gemini,15
gemini_166,You travel on a spaceship to a new planet outside of our galaxy. What scientific questions could you ask about this planet?,Does the planetary magnetosphere interact with the intergalactic medium differently than planets within our own galaxy?,SCTT-ResearchQuestion,gemini,16
gemini_166,KNIFE,Use the flat side of a polished blade as a signaling mirror for backcountry communication.,AUT,gemini,15
gemini_166,PENCIL,Rub the graphite tip onto a stuck zipper to act as a dry lubricant.,AUT,gemini,14
gemini_166,Develop as many design ideas as you can to increase the use of renewable energy sources.,Implementing piezoelectric tiles in high-traffic urban sidewalks to generate electricity from everyday pedestrian footsteps.,Design,gemini,14
gemini_166,Develop as many design ideas as you can to reduce traffic congestion in mega cities.,"A system of modular, autonomous ""sky-pods"" that detach from buildings and travel along a magnetic rail network above existing streets.",Design,gemini,20
gemini_166,You look outside one night and see stars disappearing one by one from the sky. What hypotheses do you have about why that is?,"A localized, rapidly expanding cloud of dense interstellar dust is drifting between Earth and the distant star field, progressively obscuring the light.",SCTT-Hypothesis,gemini,22
gemini_166,Develop as many design ideas as you can to help people with mobility impairments navigate stairs.,"Wearable, lightweight robotic exoskeletons that provide motorized leg support specifically calibrated for vertical ascent and descent.",Design,gemini,16
gemini_166,BRICK,Wrap it in fabric and use it as a heavy-duty bookend for a sprawling library collection.,AUT,gemini,16
gemini_166,bridge-river-cross,"The ancient stone bridge groaned under the wind. Below, the river roared with seasonal fury. They had to cross before the storm broke. Hand in hand, they stepped onto the swaying path.",Story,gemini,32
gemini_166,You are introduced to a robot that can learn and think like humans. What scientific questions could you ask about this?,Does the robot’s neural architecture exhibit emergent properties like sleep cycles to consolidate information and prune redundant data paths?,SCTT-ResearchQuestion,gemini,19
gemini_166,key-door-lock,"The rusty key turned with a satisfying click. He pushed the heavy door open into the dark. The lock had held its secret for fifty years. Now, the past was finally revealed.",Story,gemini,32
gemini_167,BRICK,A brick can be used as a rustic heat-sink by heating it in a fire and placing it under a bedroll to stay warm at night.,AUT,gemini,26
gemini_167,mirror-face-reflection,"He stared into the cracked mirror, barely recognizing the tired face looking back. His reflection seemed to move a second slower than he did. A cold shiver ran down his spine as the image winked. He realized then that he wasn't looking at himself at all.",Story,gemini,46
gemini_167,Develop as many design ideas as you can to increase the use of renewable energy sources.,Integrate piezoelectric tiles into high-traffic pedestrian walkways to harvest kinetic energy from every footstep taken in the city.,Design,gemini,18
gemini_167,You travel on a spaceship to a new planet outside of our galaxy. What scientific questions could you ask about this planet?,Does the planet's magnetosphere show evidence of interaction with a dark matter halo unique to its parent galaxy?,SCTT-ResearchQuestion,gemini,18
gemini_167,You are introduced to a robot that can learn and think like humans. What scientific questions could you ask about this?,To what extent does the robot's learning architecture utilize recursive feedback loops to simulate the emergence of subjective consciousness?,SCTT-ResearchQuestion,gemini,19
gemini_167,Develop as many design ideas as you can to assist people with memory impairments remember important tasks.,Smart jewelry that vibrates and displays task icons when the wearer enters the room where the action needs to be performed.,Design,gemini,21
gemini_167,BUCKET,"Turn it upside down and drill patterned holes to create a rustic, industrial-style lampshade for a pendant light.",AUT,gemini,18
gemini_167,KNIFE,Stick it upright in the sand to act as a makeshift sundial gnomon for tracking the passage of time.,AUT,gemini,19
gemini_167,PENCIL,Use the fragrant cedar shavings from a sharpened pencil as a natural aromatic fire starter for a campfire.,AUT,gemini,18
gemini_167,key-door-lock,"The heavy iron key felt cold in her trembling hand. She inserted it into the rusted lock, hearing a satisfying click. The massive door groaned open, revealing a room filled with light. Finally, the secrets of the mansion were hers to explore.",Story,gemini,42
gemini_167,bridge-river-cross,The ancient stone bridge spanned the rushing river like a sleeping giant. No one had dared to cross it since the great storm. Silas took a deep breath and stepped onto the mossy path. He needed to reach the other side before the sun dipped below the horizon.,Story,gemini,48
gemini_167,pen-paper-story,"He picked up the fountain pen and felt its familiar weight. A blank sheet of paper lay waiting on the mahogany desk. As the ink began to flow, a new story took shape. Every word brought his forgotten memories back to life.",Story,gemini,42
gemini_167,Develop as many design ideas as you can to help people with mobility impairments navigate stairs.,"Install modular, tread-integrated conveyor belts on existing stairs that synchronize with a user's pace to provide vertical lift.",Design,gemini,18
gemini_167,You look outside one night and see stars disappearing one by one from the sky. What hypotheses do you have about why that is?,"The stars are being obscured by the leading edge of a dense, dark nebula or a massive Bok globule drifting into our line of sight.",SCTT-Hypothesis,gemini,25
gemini_167,Develop as many design ideas as you can to reduce traffic congestion in mega cities.,"Mandate the use of modular, autonomous pod vehicles that can link together into aerodynamic trains to optimize road space during peak hours.",Design,gemini,22
gemini_167,You notice that the water in one lake is warmer than the water in another lake even though they both get the same amount of sunlight. What hypotheses do you have about why that is?,The warmer lake may be situated over a localized geothermal vent or have a higher concentration of heat-absorbing suspended particulates.,SCTT-Hypothesis,gemini,20
gemini_168,Develop as many design ideas as you can to help people with mobility impairments navigate stairs.,"Modular, tread-based wheelchair attachments that use ratcheting leverage to climb individual steps.",Design,gemini,12
gemini_168,You travel on a spaceship to a new planet outside of our galaxy. What scientific questions could you ask about this planet?,How does the isotopic composition of this planet's crust reflect the unique nucleosynthesis history of a galaxy with a different star-formation rate than the Milky Way?,SCTT-ResearchQuestion,gemini,26
gemini_168,KNIFE,"Use the flat, polished surface of a blade as an emergency signaling mirror to catch the sun and alert rescue teams.",AUT,gemini,21
gemini_168,You notice that the water in one lake is warmer than the water in another lake even though they both get the same amount of sunlight. What hypotheses do you have about why that is?,"The warmer lake may be shallower with a darker, heat-absorbent sediment floor, or it could be situated over a localized geothermal vent.",SCTT-Hypothesis,gemini,22
gemini_168,key-door-lock,"Elias held the rusty key in his trembling hand. He approached the heavy oak door. The lock clicked loudly in the silent hallway. Finally, the secrets of the attic were revealed.",Story,gemini,31
gemini_168,BRICK,"Heat the brick in an oven and wrap it in a thick cloth to use as a long-lasting, rustic bed warmer for cold winter nights.",AUT,gemini,25
gemini_168,You look outside one night and see stars disappearing one by one from the sky. What hypotheses do you have about why that is?,"A localized, rapidly expanding cloud of dense interstellar dust is likely drifting between Earth and the distant star field, obscuring the light.",SCTT-Hypothesis,gemini,22
gemini_168,PENCIL,"Rub the graphite core onto a stubborn, sticking zipper to act as a dry lubricant and restore smooth movement.",AUT,gemini,19
gemini_168,Develop as many design ideas as you can to reduce traffic congestion in mega cities.,"Implementing a dynamic, AI-controlled lane-reversal system that adjusts road capacity in real-time based on tidal traffic flow patterns.",Design,gemini,18
gemini_168,BUCKET,Invert the bucket to serve as a makeshift resonator and percussive drum for an impromptu street performance.,AUT,gemini,17
gemini_168,mirror-face-reflection,She wiped the steam off the mirror. A strange face stared back at her. The reflection didn't mimic her terrified expression. She realized she wasn't looking at herself anymore.,Story,gemini,29
gemini_168,Develop as many design ideas as you can to increase the use of renewable energy sources.,Integrate piezoelectric materials into high-traffic urban sidewalks to harvest kinetic energy from pedestrian footsteps and power street lighting.,Design,gemini,18
gemini_168,You are introduced to a robot that can learn and think like humans. What scientific questions could you ask about this?,Does the robot’s learning architecture utilize a simulated neuro-plasticity model that allows for the development of subjective biases or personality traits?,SCTT-ResearchQuestion,gemini,21
gemini_168,pen-paper-story,The pen leaked ink onto the blank paper. Every drop told a different story of the writer's life. He didn't need words to convey his grief. The blue stains spoke for themselves.,Story,gemini,32
gemini_168,Develop as many design ideas as you can to assist people with memory impairments remember important tasks.,"Smart contact lenses that overlay augmented reality ""digital breadcrumbs"" and identity tags onto objects and people in the wearer's field of vision.",Design,gemini,22
gemini_168,bridge-river-cross,"The ancient stone bridge spanned the rushing river. No one dared to cross it after sunset. Trolls were said to live beneath the arches. Tonight, I decided to test the legend.",Story,gemini,31
gemini_169,KNIFE,Use the flat blade as an emergency signaling device to reflect sunlight toward search teams.,AUT,gemini,15
gemini_169,BRICK,Grind it into a powder to create a non-slip grit additive for slick porch paint.,AUT,gemini,15
gemini_169,key-door-lock,"The silver key felt cold in his hand. He approached the rusted door that had been sealed for decades. With a sharp click, the lock finally surrendered. He stepped into the forgotten room.",Story,gemini,33
gemini_169,pen-paper-story,"The blue pen danced across the yellowed paper. Every stroke breathed life into an epic story. Characters bled ink and whispered secrets to the margins. By dawn, a new world had been born.",Story,gemini,33
gemini_169,You look outside one night and see stars disappearing one by one from the sky. What hypotheses do you have about why that is?,Our solar system is currently drifting into a dense cloud of cosmic dust that is obscuring the light from distant stars.,SCTT-Hypothesis,gemini,21
gemini_169,Develop as many design ideas as you can to assist people with memory impairments remember important tasks.,Smart glasses that use augmented reality to overlay floating labels and action-oriented prompts onto household objects.,Design,gemini,16
gemini_169,You notice that the water in one lake is warmer than the water in another lake even though they both get the same amount of sunlight. What hypotheses do you have about why that is?,One lake may be fed by a deep-seated geothermal spring that warms the water from beneath the lakebed.,SCTT-Hypothesis,gemini,18
gemini_169,You travel on a spaceship to a new planet outside of our galaxy. What scientific questions could you ask about this planet?,Does the planet possess a liquid water ocean that could support extremophilic microbial life?,SCTT-ResearchQuestion,gemini,14
gemini_169,You are introduced to a robot that can learn and think like humans. What scientific questions could you ask about this?,To what extent can the robot's silicon-based architecture replicate the emergent phenomenon of consciousness seen in biological brains?,SCTT-ResearchQuestion,gemini,18
gemini_169,Develop as many design ideas as you can to increase the use of renewable energy sources.,,Design,gemini,0
gemini_169,BUCKET,,AUT,gemini,0
gemini_169,Develop as many design ideas as you can to help people with mobility impairments navigate stairs.,,Design,gemini,0
gemini_169,Develop as many design ideas as you can to reduce traffic congestion in mega cities.,,Design,gemini,0
gemini_169,mirror-face-reflection,,Story,gemini,0
gemini_169,bridge-river-cross,,Story,gemini,0
gemini_169,PENCIL,,AUT,gemini,0
gemini_170,KNIFE,"Use the flat, polished side of the blade as a makeshift signaling mirror to catch a rescue pilot's eye.",AUT,gemini,19
gemini_170,pen-paper-story,"The ink bled into the fibers of the aged paper. With every stroke of the pen, a forgotten world flickered to life. The story wasn't just being written; it was breathing. By the final period, the room smelled of saltwater and ancient dust.",Story,gemini,43
gemini_170,You look outside one night and see stars disappearing one by one from the sky. What hypotheses do you have about why that is?,"An immense, non-luminous cloud of interstellar molecular gas is drifting between Earth and the background star field, systematically obscuring the light.",SCTT-Hypothesis,gemini,21
gemini_170,Develop as many design ideas as you can to increase the use of renewable energy sources.,Integrate transparent solar cells into all high-rise glass windows to turn city skylines into vertical power plants.,Design,gemini,17
gemini_170,You notice that the water in one lake is warmer than the water in another lake even though they both get the same amount of sunlight. What hypotheses do you have about why that is?,The warmer lake likely sits atop a localized geothermal vent or has a darker benthos that absorbs and reradiates more thermal energy.,SCTT-Hypothesis,gemini,22
gemini_170,PENCIL,Use the graphite core as an emergency dry lubricant for a stuck zipper or a squeaky door hinge.,AUT,gemini,18
gemini_170,Develop as many design ideas as you can to assist people with memory impairments remember important tasks.,"Install smart home projection systems that cast interactive task icons directly onto relevant physical objects, like a pill bottle glowing when it's time for medicine.",Design,gemini,25
gemini_170,bridge-river-cross,"The ancient stone bridge groaned under the weight of the midnight fog. Below, the river hissed against the jagged rocks, hungry for a slip. No one dared to cross when the moon was hidden. Tonight, however, the girl took her first step into the mist.",Story,gemini,45
gemini_170,Develop as many design ideas as you can to help people with mobility impairments navigate stairs.,"Implement modular, clip-on stair-climber tracks that can be retrofitted to any standard manual wheelchair.",Design,gemini,14
gemini_170,You are introduced to a robot that can learn and think like humans. What scientific questions could you ask about this?,Does the robot’s neural architecture exhibit emergent properties like subjective qualia or the equivalent of biological REM sleep for data consolidation?,SCTT-ResearchQuestion,gemini,21
gemini_170,Develop as many design ideas as you can to reduce traffic congestion in mega cities.,"Implement a synchronized AI traffic management system that eliminates stoplights by orchestrating vehicle speeds for continuous, intersecting flow.",Design,gemini,18
gemini_170,You travel on a spaceship to a new planet outside of our galaxy. What scientific questions could you ask about this planet?,How does the elemental abundance and isotopic signature of this planet's crust differ from terrestrial planets found in the Milky Way?,SCTT-ResearchQuestion,gemini,21
gemini_170,BRICK,"Heat the brick in a fire and wrap it in wool to serve as a long-lasting, portable bed warmer.",AUT,gemini,19
gemini_170,key-door-lock,"The rusted key felt heavy and cold in her trembling hand. She inserted it into the lock, hearing the tumblers groan in protest. As the door swung open, a scent of old lavender escaped. The room had been waiting for a century to be seen again.",Story,gemini,46
gemini_170,BUCKET,Invert the bucket and strike the bottom to create a resonant bass drum for impromptu street performances.,AUT,gemini,17
gemini_170,mirror-face-reflection,"He stared into the mirror, but the face looking back didn't blink. The reflection smiled while his own lips remained pressed in a thin line. Terrified, he reached out to touch the cold glass. His hand passed right through into the silver void.",Story,gemini,43
gemini_171,KNIFE,Use the flat side of the blade as a makeshift signaling mirror for mountain rescue.,AUT,gemini,15
gemini_171,PENCIL,Rub the graphite tip onto a stubborn zipper to act as a dry lubricant.,AUT,gemini,14
gemini_171,You look outside one night and see stars disappearing one by one from the sky. What hypotheses do you have about why that is?,"A dense cloud of interstellar dust is passing between Earth and the distant stars, obscuring their light sequentially.",SCTT-Hypothesis,gemini,18
gemini_171,BUCKET,"Invert the bucket to use it as a portable, sturdy stool for gardening.",AUT,gemini,13
gemini_171,You notice that the water in one lake is warmer than the water in another lake even though they both get the same amount of sunlight. What hypotheses do you have about why that is?,"The warmer lake has a darker bottom surface that absorbs more thermal energy from the sun compared to the lighter, more reflective bed of the cooler lake.",SCTT-Hypothesis,gemini,27
gemini_171,pen-paper-story,"The ink from the pen bled into the thick paper. She poured her secrets into the unfolding story. Each word felt like a weight lifted from her soul. By midnight, the tale was finally complete.",Story,gemini,35
gemini_171,key-door-lock,He slid the skeleton key into the heavy iron lock. The door creaked as it swung into the dusty library. He had finally found the archives of the lost kings. The smell of old parchment filled the air.,Story,gemini,38
gemini_171,Develop as many design ideas as you can to reduce traffic congestion in mega cities.,Replace traditional traffic lights with an AI-managed system that coordinates autonomous vehicle speeds to maintain continuous flow without stopping.,Design,gemini,19
gemini_171,Develop as many design ideas as you can to increase the use of renewable energy sources.,Install transparent solar concentrators on the windows of every commercial skyscraper to turn city skylines into vertical power plants.,Design,gemini,19
gemini_171,You are introduced to a robot that can learn and think like humans. What scientific questions could you ask about this?,Does the robot possess a mechanism for pruning redundant information to maintain cognitive efficiency like the human brain?,SCTT-ResearchQuestion,gemini,18
gemini_171,Develop as many design ideas as you can to help people with mobility impairments navigate stairs.,"Integrate retractable, high-grip rubber tracks into the base of standard wheelchairs to allow them to climb stairs independently.",Design,gemini,18
gemini_171,bridge-river-cross,"A narrow rope bridge spanned the deep canyon above the river. The scouts prepared to cross the swaying path with heavy packs. One misstep would lead to a cold, watery descent. They moved carefully until everyone reached the far side.",Story,gemini,40
gemini_171,mirror-face-reflection,"She wiped the steam from the mirror to see her face. The reflection showed a woman she no longer recognized after the long journey. She touched her cheek, marveling at the strength in her own eyes. The glass held her gaze in the silent room.",Story,gemini,45
gemini_171,You travel on a spaceship to a new planet outside of our galaxy. What scientific questions could you ask about this planet?,Does the elemental composition of the planet’s crust reflect a unique nucleosynthesis history specific to its parent galaxy?,SCTT-ResearchQuestion,gemini,18
gemini_171,BRICK,"Heat the brick in a fire and wrap it in a thick cloth to use as a rustic, long-lasting bed warmer.",AUT,gemini,21
gemini_171,Develop as many design ideas as you can to assist people with memory impairments remember important tasks.,Implement an augmented reality system that projects glowing visual markers onto physical objects when a related task needs to be completed.,Design,gemini,21
gemini_172,mirror-face-reflection,"I stood before the silvered glass and wiped away the steam. My face looked back, but the eyes weren't mine. The reflection reached out a hand, pressing against the cold surface. I turned away, yet I could still feel it watching.",Story,gemini,41
gemini_172,Develop as many design ideas as you can to help people with mobility impairments navigate stairs.,Retractable magnetic chair-lift strips embedded in staircases that pull lightweight motorized wheelchairs upward.,Design,gemini,13
gemini_172,PENCIL,Use the graphite core as a temporary conductive trace to complete a low-voltage circuit on paper.,AUT,gemini,16
gemini_172,KNIFE,Use the flat side of a polished blade as an emergency signaling mirror to reflect sunlight.,AUT,gemini,16
gemini_172,pen-paper-story,"She pressed the ink-filled pen against the textured paper. A new story began to bleed into the fibers. Each word felt like a secret finally escaping its cage. By dawn, the blank page had become a world of its own.",Story,gemini,40
gemini_172,BRICK,"Hollow it out to create a rustic, heavy-duty protective housing for a subterranean time capsule.",AUT,gemini,15
gemini_172,You notice that the water in one lake is warmer than the water in another lake even though they both get the same amount of sunlight. What hypotheses do you have about why that is?,"The warmer lake may have a darker bed composition or higher suspended sediment concentration, significantly increasing its solar absorption via the albedo effect.",SCTT-Hypothesis,gemini,23
gemini_172,Develop as many design ideas as you can to increase the use of renewable energy sources.,Mandate piezoelectric tiles in high-traffic pedestrian zones to harvest kinetic energy from every footstep.,Design,gemini,14
gemini_172,bridge-river-cross,"The ancient stone bridge spanned the raging river like a titan's spine. Travelers hesitated, fearing the current would claim them if they tried to cross. One brave soul stepped forward, testing the weathered moss. Soon, the entire caravan followed his lead into the mist.",Story,gemini,44
gemini_172,key-door-lock,"The rusted key groaned as it entered the iron lock. With a heavy click, the heavy door swung inward to reveal the vault. Dust motes danced in the sudden shaft of light. I finally stepped inside to claim my inheritance.",Story,gemini,40
gemini_172,You are introduced to a robot that can learn and think like humans. What scientific questions could you ask about this?,Does this robot’s cognitive architecture utilize a quantum-based neural network to replicate the non-deterministic nature of human intuition and subjective qualia?,SCTT-ResearchQuestion,gemini,21
gemini_172,Develop as many design ideas as you can to assist people with memory impairments remember important tasks.,Smart glasses that use object recognition to highlight forgotten tasks with augmented reality cues in the wearer's line of sight.,Design,gemini,20
gemini_172,You look outside one night and see stars disappearing one by one from the sky. What hypotheses do you have about why that is?,"A localized, high-density cloud of interstellar dust is drifting between Earth and the distant star field, progressively obscuring the light.",SCTT-Hypothesis,gemini,20
gemini_172,BUCKET,Turn it upside down and use it as a makeshift resonator drum for a street-performance percussion set.,AUT,gemini,17
gemini_172,You travel on a spaceship to a new planet outside of our galaxy. What scientific questions could you ask about this planet?,What is the isotopic composition of the planet's atmospheric noble gases compared to the host star's protoplanetary disk?,SCTT-ResearchQuestion,gemini,18
gemini_172,Develop as many design ideas as you can to reduce traffic congestion in mega cities.,"Implement a system of modular, autonomous ""sky-pods"" that travel on magnetic rails suspended beneath existing elevated train tracks.",Design,gemini,18
gemini_173,BRICK,Use it as a rustic heat sink for a terrarium to maintain warmth for reptiles after the sun sets.,AUT,gemini,19
gemini_173,Develop as many design ideas as you can to assist people with memory impairments remember important tasks.,Smart floor mats that audibly announce the day’s most important task when stepped on each morning.,Design,gemini,16
gemini_173,mirror-face-reflection,"He stared into the silver mirror, searching for a trace of his youth. The wrinkled face staring back felt like a stranger's mask. Every ripple in the glass distorted the reflection further. Eventually, he smiled, realizing the eyes were still his own.",Story,gemini,42
gemini_173,KNIFE,Use the flat side of the blade as a makeshift conductive probe for testing low-voltage electrical circuits.,AUT,gemini,17
gemini_173,You travel on a spaceship to a new planet outside of our galaxy. What scientific questions could you ask about this planet?,Does the planet’s magnetic field interact with its host star’s solar wind in a way that generates detectable radio emissions unique from those in our Milky Way?,SCTT-ResearchQuestion,gemini,27
gemini_173,You are introduced to a robot that can learn and think like humans. What scientific questions could you ask about this?,How does the robot’s neural architecture handle the subjective experience of qualia during the processing of sensory data?,SCTT-ResearchQuestion,gemini,18
gemini_173,Develop as many design ideas as you can to help people with mobility impairments navigate stairs.,"Retractable, modular ramp tracks built into the underside of individual steps that deploy via pressure-sensing plates.",Design,gemini,16
gemini_173,Develop as many design ideas as you can to increase the use of renewable energy sources.,Piezoelectric sidewalk tiles in high-traffic urban districts that convert foot traffic into localized grid power.,Design,gemini,15
gemini_173,PENCIL,Use the graphite core as a makeshift lubricant for unsticking a stubborn metal zipper.,AUT,gemini,14
gemini_173,BUCKET,An acoustic amplifier for a smartphone to boost volume in an outdoor setting.,AUT,gemini,13
gemini_173,You notice that the water in one lake is warmer than the water in another lake even though they both get the same amount of sunlight. What hypotheses do you have about why that is?,The warmer lake may be fed by subterranean geothermal vents or possess a significantly higher concentration of heat-absorbing suspended particulates.,SCTT-Hypothesis,gemini,20
gemini_173,key-door-lock,"She turned the rusty key until the mechanism finally clicked. The heavy door groaned open, revealing a room untouched for decades. Inside, the lock had been picked from the other side. She realized she wasn't the first to find the secret.",Story,gemini,41
gemini_173,bridge-river-cross,"The stone bridge stretched across the churning white rapids. They knew they had to cross before the storm arrived. The river below roared with a terrifying hunger. With one final leap, they reached the safety of the far bank.",Story,gemini,39
gemini_173,pen-paper-story,"The pen scratched across the yellowed paper, leaking ink like a wound. Slowly, a story began to emerge from the silence of the room. Characters breathed life into the flat white expanse. By dawn, the tale was complete.",Story,gemini,38
gemini_173,You look outside one night and see stars disappearing one by one from the sky. What hypotheses do you have about why that is?,"A massive, localized cloud of light-absorbing interstellar dust is passing between Earth and the distant stars.",SCTT-Hypothesis,gemini,16
gemini_173,Develop as many design ideas as you can to reduce traffic congestion in mega cities.,"An integrated network of high-speed, underground autonomous transit tunnels dedicated exclusively to freight and delivery logistics.",Design,gemini,16
gemini_174,KNIFE,Use the flat side of the blade as a makeshift mirror to check your teeth after a meal.,AUT,gemini,18
gemini_174,BUCKET,"Turn it upside down to use as a portable, resonant stool for street performances.",AUT,gemini,14
gemini_174,Develop as many design ideas as you can to assist people with memory impairments remember important tasks.,Smart glasses that project augmented reality markers over physical objects to guide the user through their daily routine.,Design,gemini,18
gemini_174,PENCIL,Use the graphite to bridge a small gap in a broken electrical circuit as a temporary conductive repair.,AUT,gemini,18
gemini_174,key-door-lock,"The rusty key finally turned in the lock. The heavy door groaned as it swung inward, revealing a dusty attic. Shadows danced across the floor as the light hit the old trunks. She had finally found her grandfather’s hidden inheritance.",Story,gemini,40
gemini_174,Develop as many design ideas as you can to increase the use of renewable energy sources.,"Integrate transparent solar cells into all urban glass surfaces, transforming skyscrapers into massive vertical power plants.",Design,gemini,16
gemini_174,You travel on a spaceship to a new planet outside of our galaxy. What scientific questions could you ask about this planet?,How does the ratio of heavy isotopes in this planet's atmosphere compare to the standard solar abundance found in our home galaxy?,SCTT-ResearchQuestion,gemini,22
gemini_174,You are introduced to a robot that can learn and think like humans. What scientific questions could you ask about this?,"Can the robot's neural network exhibit ""emergent creativity"" by synthesizing unrelated datasets into novel solutions without human prompting?",SCTT-ResearchQuestion,gemini,18
gemini_174,pen-paper-story,Her pen glided across the smooth paper without hesitation. The story began with a mystery and ended with a heartbreak. Every word felt like it was being pulled directly from her soul.,Story,gemini,32
gemini_174,You notice that the water in one lake is warmer than the water in another lake even though they both get the same amount of sunlight. What hypotheses do you have about why that is?,,SCTT-Hypothesis,gemini,0
gemini_174,Develop as many design ideas as you can to help people with mobility impairments navigate stairs.,,Design,gemini,0
gemini_174,mirror-face-reflection,,Story,gemini,0
gemini_174,Develop as many design ideas as you can to reduce traffic congestion in mega cities.,,Design,gemini,0
gemini_174,You look outside one night and see stars disappearing one by one from the sky. What hypotheses do you have about why that is?,,SCTT-Hypothesis,gemini,0
gemini_174,BRICK,,AUT,gemini,0
gemini_174,bridge-river-cross,,Story,gemini,0
gemini_175,You notice that the water in one lake is warmer than the water in another lake even though they both get the same amount of sunlight. What hypotheses do you have about why that is?,The warmer lake may have a significantly shallower basin or a darker bed composition that more efficiently absorbs and radiates solar thermal energy.,SCTT-Hypothesis,gemini,23
gemini_175,Develop as many design ideas as you can to help people with mobility impairments navigate stairs.,An assistive exoskeleton that attaches to the legs and provides powered lift when sensing stair-climbing motions.,Design,gemini,16
gemini_175,Develop as many design ideas as you can to assist people with memory impairments remember important tasks.,A smart-home floor that projects glowing LED pathways leading the user to the location of their next scheduled task.,Design,gemini,19
gemini_175,Develop as many design ideas as you can to increase the use of renewable energy sources.,Pave urban roadways with piezoelectric materials that harvest kinetic energy from vehicular and pedestrian traffic.,Design,gemini,15
gemini_175,mirror-face-reflection,"Elara gazed into the silvered glass of the antique mirror. Her face appeared distorted, as if the silvering were melting away. In that twisted reflection, a stranger winked back at her. She realized the glass wasn't reflecting her world, but a parallel one.",Story,gemini,43
gemini_175,key-door-lock,"The iron key felt heavy and cold in her trembling hand. She inserted it into the rusted lock and turned it with a forced grunt. The heavy door groaned open to reveal a hidden library. Finally, the secrets of the mansion were within her reach.",Story,gemini,45
gemini_175,BRICK,"Heat it in an oven to use as a long-lasting, cloth-wrapped foot warmer for cold nights.",AUT,gemini,16
gemini_175,bridge-river-cross,The rope bridge swayed dangerously over the churning river. To cross it meant risking a plunge into the icy depths below. Marcus gripped the railings and stepped forward with cautious determination. He reached the far bank just as the sun began to set.,Story,gemini,43
gemini_175,You look outside one night and see stars disappearing one by one from the sky. What hypotheses do you have about why that is?,"An expanding cloud of non-luminous interstellar gas is passing between Earth and the distant stars, creating a moving curtain of obscuration.",SCTT-Hypothesis,gemini,21
gemini_175,PENCIL,Use the graphite core as an emergency conductor to bridge a broken electrical circuit on a small PCB.,AUT,gemini,18
gemini_175,Develop as many design ideas as you can to reduce traffic congestion in mega cities.,Implement a network of autonomous pods that travel on dedicated elevated magnetic tracks above existing roadways.,Design,gemini,16
gemini_175,BUCKET,Use it as an emergency flotation device by trapping air inside while holding it upside down in water.,AUT,gemini,18
gemini_175,KNIFE,Use the flat side of the blade to crush garlic cloves or spices against a cutting board.,AUT,gemini,17
gemini_175,You are introduced to a robot that can learn and think like humans. What scientific questions could you ask about this?,To what extent does the robot's cognitive architecture rely on synaptic pruning to optimize its learning efficiency?,SCTT-ResearchQuestion,gemini,17
gemini_175,pen-paper-story,"The ink flowed smoothly from the tip of the gold-nibbed pen. A blank sheet of paper sat waiting on the wooden desk. Slowly, a tragic story of lost love began to unfold. By midnight, the writer had finally finished his masterpiece.",Story,gemini,41
gemini_175,You travel on a spaceship to a new planet outside of our galaxy. What scientific questions could you ask about this planet?,Does the planet’s magnetosphere exhibit variations that suggest a core composed of high-pressure metallic hydrogen?,SCTT-ResearchQuestion,gemini,15
gemini_176,You notice that the water in one lake is warmer than the water in another lake even though they both get the same amount of sunlight. What hypotheses do you have about why that is?,"The warmer lake could have a dark, basaltic bottom that absorbs and re-radiates more thermal energy than the lighter, sandy bottom of the other lake.",SCTT-Hypothesis,gemini,25
gemini_176,PENCIL,Rub the graphite tip along the teeth of a stuck zipper to act as a dry lubricant.,AUT,gemini,17
gemini_176,pen-paper-story,"He gripped the silver pen until his knuckles turned white. The blank paper stared back, mocking his silence. Slowly, ink bled into fibers, forming the first word of a forgotten story. He finally felt the weight of the past lift.",Story,gemini,40
gemini_176,Develop as many design ideas as you can to assist people with memory impairments remember important tasks.,A haptic wristband that uses distinctive vibration patterns to remind users of specific daily routines without requiring them to check a screen.,Design,gemini,22
gemini_176,BRICK,"Wrap a heated brick in a thick cloth and place it under a pet's bed to provide a gentle, long-lasting heat source.",AUT,gemini,22
gemini_176,key-door-lock,"The rusted key turned with a reluctant groan. Behind the heavy door, a secret remained untouched for decades. He felt the lock click open, releasing a draft of cold air. Everything he sought was finally within reach.",Story,gemini,37
gemini_176,bridge-river-cross,"The stone bridge arched gracefully over the rushing river. Travelers hesitated, fearing the current below. One brave child decided to cross without looking down. Her laughter echoed as she reached the other side safely.",Story,gemini,34
gemini_176,Develop as many design ideas as you can to increase the use of renewable energy sources.,Integrating transparent solar-collecting films into the windows of every glass skyscraper to turn metropolitan areas into passive power plants.,Design,gemini,19
gemini_176,You look outside one night and see stars disappearing one by one from the sky. What hypotheses do you have about why that is?,"The observer is witnessing the passage of a dense, dark nebula that is occulting the light from a distant star cluster.",SCTT-Hypothesis,gemini,21
gemini_176,Develop as many design ideas as you can to reduce traffic congestion in mega cities.,"A network of autonomous, overhead gondolas that utilize vertical space above existing roadways to transport passengers independently of ground traffic.",Design,gemini,20
gemini_176,BUCKET,Use the bucket as a resonant acoustic amplifier for a smartphone by placing the device inside the empty container.,AUT,gemini,19
gemini_176,You travel on a spaceship to a new planet outside of our galaxy. What scientific questions could you ask about this planet?,Does the planet’s magnetic field interact with its moons in a way that generates detectable radio-frequency auroras?,SCTT-ResearchQuestion,gemini,17
gemini_176,KNIFE,Use the polished blade as an emergency signaling mirror to reflect sunlight toward distant rescue teams.,AUT,gemini,16
gemini_176,mirror-face-reflection,"She leaned toward the silvered mirror to adjust her collar. A different face stared back, blinking when she did not. The reflection slowly smiled, revealing teeth that were much too sharp. She realized then that her shadow had gone missing.",Story,gemini,40
gemini_176,You are introduced to a robot that can learn and think like humans. What scientific questions could you ask about this?,How does the robot's architecture facilitate the transition from pattern recognition to the emergence of subjective phenomenological experience?,SCTT-ResearchQuestion,gemini,18
gemini_176,Develop as many design ideas as you can to help people with mobility impairments navigate stairs.,"Equipping wheelchairs with retractable, caterpillar-style treads that can engage and climb stairs by gripping the edges of the steps.",Design,gemini,19
gemini_177,mirror-face-reflection,"He stared into the silver mirror, searching for a trace of himself.
To his horror, the face looking back belonged to a stranger.
The reflection blinked even though he kept his eyes wide.
Cold sweat pooled as the glass began to ripple like water.",Story,gemini,44
gemini_177,KNIFE,Use the spine of a heavy knife as a makeshift striker for a ferrocerium rod to start a survival fire.,AUT,gemini,20
gemini_177,You notice that the water in one lake is warmer than the water in another lake even though they both get the same amount of sunlight. What hypotheses do you have about why that is?,The warmer lake likely has a higher concentration of dark dissolved organic matter which absorbs more solar radiation than the clearer water of the cooler lake.,SCTT-Hypothesis,gemini,26
gemini_177,key-door-lock,"The silver key felt heavy in her hand as she reached the door.
She prayed the ancient lock wouldn't jam this time.
A satisfying click finally echoed through the silent hallway.
She stepped inside, feeling safe at last.",Story,gemini,38
gemini_177,Develop as many design ideas as you can to help people with mobility impairments navigate stairs.,"Install a system of low-profile, modular robotic treads that convert any standard staircase into a temporary conveyor ramp on demand.",Design,gemini,20
gemini_177,Develop as many design ideas as you can to assist people with memory impairments remember important tasks.,A wearable projector that casts step-by-step light prompts directly onto physical objects to guide users through complex daily tasks.,Design,gemini,19
gemini_177,BRICK,Heat the brick in a fire and wrap it in a towel to use as a long-lasting thermal foot-warmer for winter nights.,AUT,gemini,22
gemini_177,You look outside one night and see stars disappearing one by one from the sky. What hypotheses do you have about why that is?,"A dense, high-altitude cloud of volcanic ash or localized cosmic dust is drifting across the observer’s line of sight, progressively obscuring the stars.",SCTT-Hypothesis,gemini,23
gemini_177,PENCIL,Use the graphite core as a solid-state dry lubricant to fix a sticky door hinge or a jammed zipper.,AUT,gemini,19
gemini_177,bridge-river-cross,"The wooden bridge swayed precariously over the roaring river.
He hesitated, unsure if he should cross the rotting planks.
With a deep breath, he began his slow, careful journey.
He reached the far bank just as the sun dipped below the trees.",Story,gemini,42
gemini_177,BUCKET,"Fill the bucket with wet sand to create a heavy, portable mold for casting custom concrete garden weights.",AUT,gemini,18
gemini_177,pen-paper-story,"She pressed the ink-stained pen against the blank paper.
Slowly, the words formed a story of lost cities and forgotten kings.
The flickering candle cast long shadows as she wrote into the night.
By dawn, her masterpiece was finally complete.",Story,gemini,40
gemini_177,Develop as many design ideas as you can to increase the use of renewable energy sources.,Integrate transparent solar harvesting films into all commercial window glass to turn skyscrapers into vertical power plants.,Design,gemini,17
gemini_177,Develop as many design ideas as you can to reduce traffic congestion in mega cities.,"Implement a network of autonomous, overhead magnetic-levitation pods to provide rapid, point-to-point transit without occupying existing road space.",Design,gemini,18
gemini_177,You travel on a spaceship to a new planet outside of our galaxy. What scientific questions could you ask about this planet?,Does the planet’s proximity to its galactic core subject it to a significantly higher flux of ionizing radiation compared to planets in the Milky Way?,SCTT-ResearchQuestion,gemini,25
gemini_177,You are introduced to a robot that can learn and think like humans. What scientific questions could you ask about this?,Does the robot’s neural architecture allow for the emergence of a subconscious state during periods of low-activity data consolidation?,SCTT-ResearchQuestion,gemini,19
gemini_178,key-door-lock,"The rusted key finally turned inside the ancient mechanism. I pushed the heavy door, revealing a room forgotten by time. Sunlight spilled across the floor, highlighting the broken lock lying in the dust. My journey had only just begun.",Story,gemini,39
gemini_178,PENCIL,Use the graphite to sketch conductive circuits on paper for low-power electronic prototypes.,AUT,gemini,13
gemini_178,Develop as many design ideas as you can to assist people with memory impairments remember important tasks.,"Wearable cameras that record short clips of item placement, allowing users to search a visual history on their smartphone.",Design,gemini,19
gemini_178,pen-paper-story,"The pen scratched rhythmically against the textured paper. Each word breathed life into a story that had lived in my head for years. Soon, characters began to walk across the margins. The ink was the blood of a new universe.",Story,gemini,40
gemini_178,You travel on a spaceship to a new planet outside of our galaxy. What scientific questions could you ask about this planet?,"How does the chemical composition of this planet differ from those in our galaxy, given the lack of heavy elements typically seeded by Milky Way supernovae?",SCTT-ResearchQuestion,gemini,26
gemini_178,You look outside one night and see stars disappearing one by one from the sky. What hypotheses do you have about why that is?,"An immense, localized cloud of non-reflective dark nebular dust is drifting through our line of sight, progressively obscuring distant stellar light.",SCTT-Hypothesis,gemini,21
gemini_178,KNIFE,Use the flat of a blade as an emergency signaling mirror to catch and reflect sunlight toward rescuers.,AUT,gemini,18
gemini_178,You notice that the water in one lake is warmer than the water in another lake even though they both get the same amount of sunlight. What hypotheses do you have about why that is?,The warmer lake is likely situated over a thin crustal region with active geothermal vents heating the water from the lakebed.,SCTT-Hypothesis,gemini,21
gemini_178,Develop as many design ideas as you can to help people with mobility impairments navigate stairs.,"Motorized, tread-based stair-climbing mechanisms integrated directly into the wheels of standard wheelchairs.",Design,gemini,12
gemini_178,bridge-river-cross,"The bridge groaned under the weight of the howling wind. Below, the river churned with white-capped fury. I knew I had to cross before the storm swallowed the path entirely. My first step was a leap of faith.",Story,gemini,38
gemini_178,Develop as many design ideas as you can to reduce traffic congestion in mega cities.,"A network of autonomous, multi-passenger pods that dynamically adjust routes in real-time to eliminate stop-and-go traffic patterns.",Design,gemini,17
gemini_178,BRICK,Use a brick as a heat-retaining bed warmer by heating it in an oven and wrapping it in a thick towel.,AUT,gemini,21
gemini_178,Develop as many design ideas as you can to increase the use of renewable energy sources.,Transparent solar-collecting films integrated into all urban windows to turn skyscrapers into vertical power plants.,Design,gemini,15
gemini_178,mirror-face-reflection,"I stared into the mirror, but the face looking back wasn't mine. The reflection mimicked my shock a split second too late. I touched the cold glass, feeling a pulse from the other side. My breath didn't fog the surface.",Story,gemini,40
gemini_178,BUCKET,Use it as a manual washing machine by utilizing a plunger to agitate clothes in soapy water.,AUT,gemini,17
gemini_178,You are introduced to a robot that can learn and think like humans. What scientific questions could you ask about this?,"Does the robot’s architecture undergo ""synthetic dreaming"" to consolidate learned patterns and resolve logical conflicts during low-activity cycles?",SCTT-ResearchQuestion,gemini,18
gemini_179,KNIFE,Use the flat side of the blade as a makeshift signal mirror to communicate across long distances.,AUT,gemini,17
gemini_179,Develop as many design ideas as you can to increase the use of renewable energy sources.,Embed transparent solar harvesting films into all urban glass surfaces to turn skyscrapers into massive vertical power plants.,Design,gemini,18
gemini_179,key-door-lock,"He turned the skeleton key in the rusted lock. The heavy door groaned, revealing a room untouched for decades. Dust danced in the sliver of light from the hallway. He stepped inside and closed the world away.",Story,gemini,37
gemini_179,PENCIL,Use the graphite from the pencil to lubricate the teeth of a stuck metal zipper.,AUT,gemini,15
gemini_179,Develop as many design ideas as you can to help people with mobility impairments navigate stairs.,Integrate a retractable rack-and-pinion rail into the center of staircases to dock and pull manual wheelchairs upward.,Design,gemini,17
gemini_179,BRICK,Use a brick as a high-heat thermal mass inside a solar oven to maintain consistent baking temperatures.,AUT,gemini,17
gemini_179,Develop as many design ideas as you can to assist people with memory impairments remember important tasks.,Create a system of smart floor tiles that light up in a sequence to lead a person to their medication or scheduled task.,Design,gemini,23
gemini_179,You notice that the water in one lake is warmer than the water in another lake even though they both get the same amount of sunlight. What hypotheses do you have about why that is?,One lake might have a darker sediment floor that absorbs more solar radiation than the lighter floor of the other.,SCTT-Hypothesis,gemini,20
gemini_179,You look outside one night and see stars disappearing one by one from the sky. What hypotheses do you have about why that is?,"A localized cloud of high-altitude atmospheric aerosols is drifting across the sky, scattering the light from the stars.",SCTT-Hypothesis,gemini,18
gemini_179,Develop as many design ideas as you can to reduce traffic congestion in mega cities.,Deploy a network of autonomous cargo drones that travel through existing subway tunnels during off-peak hours to reduce surface delivery traffic.,Design,gemini,21
gemini_179,mirror-face-reflection,"She leaned toward the mirror to inspect her face. Suddenly, her reflection blinked while she kept her eyes wide open. The image in the glass began to move independently. She backed away, but the reflection stayed pressed against the surface.",Story,gemini,40
gemini_179,BUCKET,Turn a bucket into a makeshift air conditioner by filling it with ice and cutting a vent for a small fan.,AUT,gemini,21
gemini_179,You travel on a spaceship to a new planet outside of our galaxy. What scientific questions could you ask about this planet?,Does the planet's magnetosphere provide enough protection from galactic cosmic rays to allow for the evolution of surface life?,SCTT-ResearchQuestion,gemini,19
gemini_179,You are introduced to a robot that can learn and think like humans. What scientific questions could you ask about this?,"Can the robot's cognitive architecture support the emergence of genuine qualia, or is it strictly limited to complex data processing?",SCTT-ResearchQuestion,gemini,20
gemini_179,pen-paper-story,"He gripped the pen until his knuckles turned white. The blank paper seemed to mock his silence. Then, the first line of the story appeared like magic. He didn't stop writing until the sun crested the horizon.",Story,gemini,37
gemini_179,bridge-river-cross,"The stone bridge looked ancient against the rushing river. He knew he had to cross before the floodwaters rose any higher. With a deep breath, he stepped onto the slick masonry. He reached the far bank just as the current claimed the path.",Story,gemini,43
gemini_180,You are introduced to a robot that can learn and think like humans. What scientific questions could you ask about this?,"Does this robot’s cognitive architecture incorporate a synthetic ""Default Mode Network"" to facilitate autonomous creative thought and self-reflection during idle periods?",SCTT-ResearchQuestion,gemini,21
gemini_180,PENCIL,Use the graphite from the tip to provide emergency lubrication for a stuck zipper.,AUT,gemini,14
gemini_180,You look outside one night and see stars disappearing one by one from the sky. What hypotheses do you have about why that is?,"The Earth is passing through a localized cloud of dark, microscopic interstellar dust that is progressively obscuring our line of sight to distant stars.",SCTT-Hypothesis,gemini,24
gemini_180,bridge-river-cross,The ancient bridge spanned the churning river like a skeletal finger. No one had dared to cross it since the great flood. Elara took a deep breath and stepped onto the mossy planks. She had to reach the other side before the guards caught up.,Story,gemini,45
gemini_180,BRICK,"Heat the brick in an oven and wrap it in a towel to serve as a long-lasting, rustic bed warmer.",AUT,gemini,20
gemini_180,BUCKET,Turn the bucket upside down to use it as a makeshift percussion drum for a street performance.,AUT,gemini,17
gemini_180,Develop as many design ideas as you can to help people with mobility impairments navigate stairs.,"A lightweight, portable inflatable ramp system that can be deployed over any staircase in seconds via a smartphone app.",Design,gemini,19
gemini_180,KNIFE,"Use the flat, polished side of the blade as an emergency signal mirror to reflect sunlight toward rescuers.",AUT,gemini,18
gemini_180,You notice that the water in one lake is warmer than the water in another lake even though they both get the same amount of sunlight. What hypotheses do you have about why that is?,The warmer lake may be situated over a geothermal vent or have a significantly darker bed composition that increases solar thermal absorption.,SCTT-Hypothesis,gemini,22
gemini_180,key-door-lock,"The brass key felt unusually heavy in his trembling hand. He approached the cellar door, which hadn't been opened in decades. The lock was rusted, requiring a sharp twist to finally yield. As the bolt slid back, a gust of stale air rushed out to greet him.",Story,gemini,47
gemini_180,You travel on a spaceship to a new planet outside of our galaxy. What scientific questions could you ask about this planet?,Are the biological organisms on this planet based on a chirality that is the mirror image of life on Earth?,SCTT-ResearchQuestion,gemini,20
gemini_180,Develop as many design ideas as you can to reduce traffic congestion in mega cities.,"Implement a subterranean ""vacuum-tube"" freight network to move all commercial delivery logistics underground.",Design,gemini,13
gemini_180,Develop as many design ideas as you can to assist people with memory impairments remember important tasks.,"Wearable augmented reality glasses that overlay digital ""breadcrumbs"" and virtual notes onto physical objects associated with daily routines.",Design,gemini,18
gemini_180,Develop as many design ideas as you can to increase the use of renewable energy sources.,Apply piezoelectric paint to the exterior of high-rise buildings to generate electricity from the vibrations caused by urban winds.,Design,gemini,19
gemini_180,mirror-face-reflection,"He brushed the dust off the antique mirror to reveal his tired face. The reflection showed a man he no longer felt he knew. In the glass, a shadow moved behind him, yet the room was empty. He turned around, but only the silence remained.",Story,gemini,45
gemini_180,pen-paper-story,A silver pen danced across the crisp white paper. The story flowed from his mind like a river breaking a dam. Each paragraph built a world more vibrant than the last. He stopped only when the ink finally ran dry.,Story,gemini,40
gemini_181,BRICK,"Heat a brick in a fire to serve as a rustic, long-lasting bed warmer.",AUT,gemini,14
gemini_181,You notice that the water in one lake is warmer than the water in another lake even though they both get the same amount of sunlight. What hypotheses do you have about why that is?,"The warmer lake likely has a significantly shallower average depth, meaning the same solar energy heats a smaller total volume of water.",SCTT-Hypothesis,gemini,22
gemini_181,Develop as many design ideas as you can to increase the use of renewable energy sources.,Embed transparent solar harvesters into all residential window glass to transform buildings into passive power plants.,Design,gemini,16
gemini_181,Develop as many design ideas as you can to reduce traffic congestion in mega cities.,Implement a fully synchronized autonomous transit grid that eliminates the need for traffic lights and human-induced braking waves.,Design,gemini,18
gemini_181,You are introduced to a robot that can learn and think like humans. What scientific questions could you ask about this?,Does the robot's neural architecture utilize a digital equivalent to synaptic pruning to optimize its learning efficiency over time?,SCTT-ResearchQuestion,gemini,19
gemini_181,You travel on a spaceship to a new planet outside of our galaxy. What scientific questions could you ask about this planet?,Does the planet's atmospheric composition show evidence of chemical disequilibrium that could serve as a potential biosignature?,SCTT-ResearchQuestion,gemini,17
gemini_181,pen-paper-story,"He gripped the pen until his knuckles turned white. The blank paper felt like an accusation. Slowly, he began to weave a story that changed everything. The ink flowed like a released secret.",Story,gemini,33
gemini_181,PENCIL,Use the graphite tip as a dry lubricant for a sticking metal zipper.,AUT,gemini,13
gemini_181,key-door-lock,"The brass key turned with a satisfying, heavy thud. Behind the door lay a room untouched by time. He checked the lock once more before stepping inside. The past was finally within his reach.",Story,gemini,34
gemini_181,bridge-river-cross,"A crumbling bridge spanned the raging river like a skeletal finger. Many feared to cross, whispering tales of the shadows beneath. The traveler tightened his pack and took the first step. The wood beneath his feet sang a song of warning.",Story,gemini,41
gemini_181,You look outside one night and see stars disappearing one by one from the sky. What hypotheses do you have about why that is?,"A localized, high-density cloud of interstellar dust is passing through our line of sight, sequentially occluding the stars.",SCTT-Hypothesis,gemini,18
gemini_181,Develop as many design ideas as you can to help people with mobility impairments navigate stairs.,"Develop a lightweight, portable 'stair-crawler' attachment for standard wheelchairs that utilizes motorized rubber treads.",Design,gemini,14
gemini_181,KNIFE,Use the flat side of a polished blade as a makeshift signaling mirror for emergency communication.,AUT,gemini,16
gemini_181,BUCKET,"Invert a bucket with small holes to create a localized, slow-release watering system for garden saplings.",AUT,gemini,16
gemini_181,Develop as many design ideas as you can to assist people with memory impairments remember important tasks.,Install smart floor mats at exits that trigger personalized audio reminders when sensors detect a person leaving.,Design,gemini,17
gemini_181,mirror-face-reflection,"She wiped the steam off the mirror to find an empty reflection. Her face was nowhere to be seen in the glass. She touched the cold surface, feeling only smooth silver. The world behind her was visible, but she was a ghost.",Story,gemini,42
gemini_182,You are introduced to a robot that can learn and think like humans. What scientific questions could you ask about this?,To what extent does the robot's hardware architecture emulate biological neuroplasticity to facilitate long-term memory consolidation?,SCTT-ResearchQuestion,gemini,16
gemini_182,mirror-face-reflection,"She leaned toward the silvered mirror. Her face appeared tired in the dim light. To her horror, the reflection began to scream while she remained silent. It was no longer her own image.",Story,gemini,33
gemini_182,BRICK,"Hollow out the center to create a heavy-duty, theft-proof secret safe for small valuables.",AUT,gemini,14
gemini_182,BUCKET,Use it as an acoustic amplifier for a smartphone by placing the speaker inside the empty vessel.,AUT,gemini,17
gemini_182,You travel on a spaceship to a new planet outside of our galaxy. What scientific questions could you ask about this planet?,What is the isotopic ratio of the planet's atmospheric noble gases compared to those typically found in our home galaxy?,SCTT-ResearchQuestion,gemini,20
gemini_182,pen-paper-story,"He gripped the heavy pen tightly. The blank paper felt like a vast, snowy field. Word by word, a story emerged from the void. The ink finally ran dry as the hero fell.",Story,gemini,33
gemini_182,Develop as many design ideas as you can to assist people with memory impairments remember important tasks.,"A wearable device that uses bone-conduction whispers to provide discreet, context-aware reminders based on the user's location and orientation.",Design,gemini,19
gemini_182,Develop as many design ideas as you can to increase the use of renewable energy sources.,Solar-capturing paint that can be applied to any exterior surface to convert building facades into photovoltaic generators.,Design,gemini,17
gemini_182,PENCIL,Use the graphite core as an emergency dry lubricant for a sticking door hinge.,AUT,gemini,14
gemini_182,Develop as many design ideas as you can to reduce traffic congestion in mega cities.,"Dynamic, AI-controlled holographic road markings that change lane directions and speed limits in real-time based on live traffic density.",Design,gemini,19
gemini_182,bridge-river-cross,"The ancient bridge creaked over the frozen river. No one had tried to cross it since the great thaw. He took a single step, and the wood held firm. Success lay just a few feet away.",Story,gemini,36
gemini_182,You notice that the water in one lake is warmer than the water in another lake even though they both get the same amount of sunlight. What hypotheses do you have about why that is?,"One lake may have a significantly higher concentration of dark organic matter or suspended sediment, increasing its solar energy absorption compared to the clearer lake.",SCTT-Hypothesis,gemini,25
gemini_182,key-door-lock,"She fumbled with the cold key. The heavy iron door stood between her and safety. With a sharp twist, the lock snapped open. She slipped inside and bolted it shut.",Story,gemini,30
gemini_182,Develop as many design ideas as you can to help people with mobility impairments navigate stairs.,"A motorized, stair-climbing attachment for standard wheelchairs that uses retractable rubber tracks for vertical movement.",Design,gemini,15
gemini_182,You look outside one night and see stars disappearing one by one from the sky. What hypotheses do you have about why that is?,An expanding cloud of dense interstellar dust is progressively obscuring the light from the star field as it passes between Earth and those stars.,SCTT-Hypothesis,gemini,24
gemini_182,KNIFE,Use the flat side of the blade as a makeshift reflective signaling mirror in an emergency survival situation.,AUT,gemini,18
gemini_183,PENCIL,Use the graphite core as an emergency conductive bridge to repair a broken trace on a circuit board.,AUT,gemini,18
gemini_183,Develop as many design ideas as you can to help people with mobility impairments navigate stairs.,"Install modular, tread-integrated motorized stairs that flatten into a vertical platform lift on demand.",Design,gemini,14
gemini_183,Develop as many design ideas as you can to increase the use of renewable energy sources.,Integrate transparent solar-harvesting thin films into all newly manufactured residential and commercial window glass.,Design,gemini,14
gemini_183,pen-paper-story,The old pen bled ink across the rough paper. Every stroke carved a new chapter into her life's story. She stopped only when the ink reservoir ran dry. The empty page finally felt complete.,Story,gemini,34
gemini_183,You notice that the water in one lake is warmer than the water in another lake even though they both get the same amount of sunlight. What hypotheses do you have about why that is?,The warmer lake likely has a darker sediment bed that absorbs more thermal energy or is situated over a geothermal vent.,SCTT-Hypothesis,gemini,21
gemini_183,Develop as many design ideas as you can to reduce traffic congestion in mega cities.,"Implement an AI-controlled subterranean network of magnetic levitation pods for high-speed, point-to-point urban transit.",Design,gemini,14
gemini_183,mirror-face-reflection,"He stood before the silvered mirror. A stranger's face stared back, unblinking and cold. His reflection reached out, pressing a ghostly hand against the glass. The glass shattered, but the face remained.",Story,gemini,32
gemini_183,You travel on a spaceship to a new planet outside of our galaxy. What scientific questions could you ask about this planet?,Does the planet’s magnetosphere interact with its host star in a way that allows for the maintenance of a life-sustaining atmosphere?,SCTT-ResearchQuestion,gemini,21
gemini_183,BUCKET,Turn the bucket upside down to use it as a makeshift resonator or drum for a street percussion performance.,AUT,gemini,19
gemini_183,You are introduced to a robot that can learn and think like humans. What scientific questions could you ask about this?,Does the robot’s neural architecture utilize non-deterministic processing that allows for the emergence of genuine subjective experience?,SCTT-ResearchQuestion,gemini,17
gemini_183,You look outside one night and see stars disappearing one by one from the sky. What hypotheses do you have about why that is?,"An advancing, localized cloud of dense interstellar dust or a massive dark nebula is moving between Earth and the distant stars.",SCTT-Hypothesis,gemini,21
gemini_183,bridge-river-cross,The stone bridge arched high over the rushing river. Travelers waited for the moon to rise before they would cross. Legend said the water turned to glass under the silver light. They reached the other side without a sound.,Story,gemini,39
gemini_183,Develop as many design ideas as you can to assist people with memory impairments remember important tasks.,Wearable augmented reality glasses that overlay directional arrows and task prompts directly onto the user's field of vision.,Design,gemini,18
gemini_183,key-door-lock,He turned the heavy brass key. The ancient door groaned but refused to yield. Rust had fused the lock into a permanent seal. He left the secret behind forever.,Story,gemini,29
gemini_183,BRICK,Heat the brick in a fire and wrap it in a towel to serve as a long-lasting bed warmer for cold nights.,AUT,gemini,22
gemini_183,KNIFE,Use the polished flat side of the blade as a makeshift signaling mirror to reflect sunlight toward rescuers.,AUT,gemini,18
gemini_184,mirror-face-reflection,"Elias stared into the silver mirror, but the face looking back wasn't his. The reflection reached out, its fingers pressing against the cold glass. He blinked, hoping the image would vanish into the shadows. Instead, the stranger smiled with his own teeth. It was time to switch places.",Story,gemini,48
gemini_184,bridge-river-cross,"The old stone bridge groaned under the weight of the traveler’s secrets. Below, the churning river threatened to swallow any who dared to cross without a toll. He took a single step, feeling the spray of cold water on his boots. Mid-way, he looked back at the shore he was leaving forever. The far side promised a silence he had never known.",Story,gemini,62
gemini_184,key-door-lock,"She found the rusted iron key buried deep within the garden soil. It fit perfectly into the heavy oak door that had remained sealed for a century. With a sharp click, the lock finally surrendered its secrets. She pushed it open, revealing a room filled with frozen time. Dust danced in the sliver of new light.",Story,gemini,56
gemini_184,You are introduced to a robot that can learn and think like humans. What scientific questions could you ask about this?,What specific neuro-computational mechanism allows the robot to experience genuine empathy rather than merely simulating an algorithmic response to emotional stimuli?,SCTT-ResearchQuestion,gemini,21
gemini_184,pen-paper-story,"The fountain pen bled blue ink onto the crisp, white paper. Each stroke began a story that the author had carried for years. Words flowed like a river, carving paths through an imaginary landscape. By dawn, the desk was littered",Story,gemini,40
gemini_184,You travel on a spaceship to a new planet outside of our galaxy. What scientific questions could you ask about this planet?,,SCTT-ResearchQuestion,gemini,0
gemini_184,You look outside one night and see stars disappearing one by one from the sky. What hypotheses do you have about why that is?,,SCTT-Hypothesis,gemini,0
gemini_184,Develop as many design ideas as you can to reduce traffic congestion in mega cities.,,Design,gemini,0
gemini_184,BRICK,,AUT,gemini,0
gemini_184,PENCIL,,AUT,gemini,0
gemini_184,You notice that the water in one lake is warmer than the water in another lake even though they both get the same amount of sunlight. What hypotheses do you have about why that is?,,SCTT-Hypothesis,gemini,0
gemini_184,Develop as many design ideas as you can to increase the use of renewable energy sources.,,Design,gemini,0
gemini_184,BUCKET,,AUT,gemini,0
gemini_184,KNIFE,,AUT,gemini,0
gemini_184,Develop as many design ideas as you can to assist people with memory impairments remember important tasks.,,Design,gemini,0
gemini_184,Develop as many design ideas as you can to help people with mobility impairments navigate stairs.,,Design,gemini,0
gemini_185,Develop as many design ideas as you can to reduce traffic congestion in mega cities.,"Implement a network of modular, autonomous aerial gondolas that bypass ground-level infrastructure entirely.",Design,gemini,13
gemini_185,Develop as many design ideas as you can to assist people with memory impairments remember important tasks.,"Holographic ""smart paths"" projected onto the floor that lead the user to their next scheduled task.",Design,gemini,16
gemini_185,You travel on a spaceship to a new planet outside of our galaxy. What scientific questions could you ask about this planet?,Does the planet’s magnetosphere exhibit a unique interaction with the intergalactic medium compared to planets within our own galaxy?,SCTT-ResearchQuestion,gemini,19
gemini_185,BRICK,A heat-retaining press for achieving perfectly crispy crusts on stovetop sandwiches.,AUT,gemini,11
gemini_185,KNIFE,"A makeshift mirror for signaling rescuers in the wilderness using the flat, polished side of the blade.",AUT,gemini,17
gemini_185,pen-paper-story,"He gripped the silver pen tightly.
The blank paper felt like a vast, snowy desert.
Slowly, blue ink bled into a beautiful story.
The world finally breathed through his words.",Story,gemini,30
gemini_185,You are introduced to a robot that can learn and think like humans. What scientific questions could you ask about this?,To what extent does the robot’s neural architecture replicate the synaptic pruning observed during human childhood development?,SCTT-ResearchQuestion,gemini,17
gemini_185,BUCKET,An emergency acoustic amplifier for an inverted smartphone placed at the bottom.,AUT,gemini,12
gemini_185,You look outside one night and see stars disappearing one by one from the sky. What hypotheses do you have about why that is?,"A dense, non-reflective cloud of interstellar dust is drifting through the local quadrant and obscuring the light from distant stars.",SCTT-Hypothesis,gemini,20
gemini_185,Develop as many design ideas as you can to help people with mobility impairments navigate stairs.,"Install modular, motorized hand-rail grips that gently pull a wheelchair or individual up the incline.",Design,gemini,15
gemini_185,Develop as many design ideas as you can to increase the use of renewable energy sources.,Integrate transparent solar harvesting thin-films into every residential and commercial window pane.,Design,gemini,12
gemini_185,key-door-lock,"The rusted key felt cold in her palm.
She pressed it firmly into the heavy lock.
The door groaned open to reveal a hidden garden.
Ancient secrets finally met the morning sun.",Story,gemini,32
gemini_185,bridge-river-cross,"The stone bridge arched over the rushing river.
She hesitated before choosing to cross.
The water roared a warning against the pillars.
On the other side, a new life waited.",Story,gemini,30
gemini_185,You notice that the water in one lake is warmer than the water in another lake even though they both get the same amount of sunlight. What hypotheses do you have about why that is?,The warmer lake likely sits atop a localized geothermal vent that heats the water from the basin upward.,SCTT-Hypothesis,gemini,18
gemini_185,mirror-face-reflection,"He stared into the cracked mirror.
An unfamiliar face looked back with a grin.
The reflection seemed to blink a second late.
He turned away, shivering in the sudden silence.",Story,gemini,30
gemini_185,PENCIL,Rubbing the graphite tip against a sticking zipper to act as a dry lubricant.,AUT,gemini,14
gemini_186,pen-paper-story,"The silver pen danced across the rough paper. 
Words bled into ink-stained confessions. 
A forgotten story finally found its voice. 
The writer sighed as the last period dried.",Story,gemini,28
gemini_186,Develop as many design ideas as you can to reduce traffic congestion in mega cities.,"Implement a modular, sky-pod transit system that utilizes existing utility pole infrastructure for non-stop aerial commuting.",Design,gemini,16
gemini_186,You travel on a spaceship to a new planet outside of our galaxy. What scientific questions could you ask about this planet?,How does the different dark matter density of this intergalactic void affect the isotopic ratios found in the planet's crust compared to those in the Milky Way?,SCTT-ResearchQuestion,gemini,27
gemini_186,Develop as many design ideas as you can to increase the use of renewable energy sources.,Integrate transparent solar harvesting films into all high-rise glass facades to turn cityscapes into vertical power plants.,Design,gemini,17
gemini_186,Develop as many design ideas as you can to help people with mobility impairments navigate stairs.,"Install a retractable, magnetic-induction floor track that converts any staircase into a smooth-gliding platform lift on demand.",Design,gemini,17
gemini_186,KNIFE,Use the flat side of a polished blade as an emergency signaling mirror for hikers.,AUT,gemini,15
gemini_186,You notice that the water in one lake is warmer than the water in another lake even though they both get the same amount of sunlight. What hypotheses do you have about why that is?,"The warmer lake may be shallower and have a dark, basaltic bed that absorbs more thermal energy compared to the deeper, sandy-bottomed lake.",SCTT-Hypothesis,gemini,23
gemini_186,You are introduced to a robot that can learn and think like humans. What scientific questions could you ask about this?,Does the robot's neural architecture experience a form of synthetic neuroplasticity that parallels the synaptic pruning observed in developing human brains?,SCTT-ResearchQuestion,gemini,21
gemini_186,BUCKET,"Turn it upside down and drill holes to create a rustic, industrial-style lampshade.",AUT,gemini,13
gemini_186,BRICK,Heat the brick in an oven and wrap it in a towel to serve as a long-lasting foot warmer for cold nights.,AUT,gemini,22
gemini_186,You look outside one night and see stars disappearing one by one from the sky. What hypotheses do you have about why that is?,"An immense, localized cloud of non-reflective interstellar dust is drifting between Earth and the distant star field, progressively obscuring the light.",SCTT-Hypothesis,gemini,21
gemini_186,key-door-lock,"The rusty key bit into his palm. 
He pushed it into the heavy iron lock. 
A click echoed through the silent hallway. 
The door groaned open to reveal the hidden garden.",Story,gemini,31
gemini_186,PENCIL,Use the graphite tip as a dry lubricant to fix a sticking zipper.,AUT,gemini,13
gemini_186,mirror-face-reflection,"She stood before the silvered mirror. 
A strange face stared back with knowing eyes. 
The reflection didn't mimic her gasp. 
Instead, it reached out toward the glass.",Story,gemini,27
gemini_186,Develop as many design ideas as you can to assist people with memory impairments remember important tasks.,Smart-home holographic projectors that display step-by-step visual guides directly onto the physical objects needed for a task.,Design,gemini,17
gemini_186,bridge-river-cross,"The narrow bridge swayed over the churning river. 
No one dared to cross during the storm. 
He took one trembling step onto the wood. 
The mist swallowed him before he reached the middle.",Story,gemini,33
gemini_187,Develop as many design ideas as you can to help people with mobility impairments navigate stairs.,"Install modular, tread-integrated mini-elevators that transform individual steps into a synchronized rising platform.",Design,gemini,13
gemini_187,Develop as many design ideas as you can to assist people with memory impairments remember important tasks.,Augmented reality glasses that overlay holographic reminders directly onto the physical objects needed for a task.,Design,gemini,16
gemini_187,BRICK,"Use it as a rustic, heavy-duty bookend for a sprawling collection of vintage novels.",AUT,gemini,14
gemini_187,pen-paper-story,"He gripped the silver pen tightly. The blank paper stared back, waiting for a spark. Suddenly, the ink began to flow into a sprawling story. Worlds emerged from the simple strokes of his hand.",Story,gemini,34
gemini_187,Develop as many design ideas as you can to increase the use of renewable energy sources.,Integrate transparent solar-harvesting film into all skyscraper windows to turn urban skylines into massive vertical power plants.,Design,gemini,17
gemini_187,KNIFE,"Use the flat, polished side of a wide blade as an emergency signaling mirror.",AUT,gemini,14
gemini_187,key-door-lock,"The rusted key felt cold in her palm. She guided it slowly into the heavy iron lock. With a sharp click, the ancient door groaned open. What lay inside had been hidden for centuries.",Story,gemini,34
gemini_187,Develop as many design ideas as you can to reduce traffic congestion in mega cities.,"Implement a network of autonomous, modular pods that magnetically attach to high-speed underground rails for long-distance transit.",Design,gemini,17
gemini_187,You look outside one night and see stars disappearing one by one from the sky. What hypotheses do you have about why that is?,"An immense, high-density dark nebula is drifting between Earth and the distant star field, progressively obscuring their light.",SCTT-Hypothesis,gemini,18
gemini_187,mirror-face-reflection,"She stood silently before the antique mirror. A stranger's face stared back, mimicking her every breath. The reflection blinked when she did not. Fear chilled her blood as the image smiled.",Story,gemini,31
gemini_187,BUCKET,"Flip it over to use as a sturdy, portable stool or an emergency percussion drum.",AUT,gemini,15
gemini_187,You travel on a spaceship to a new planet outside of our galaxy. What scientific questions could you ask about this planet?,Does the planet’s magnetosphere provide enough protection to prevent atmospheric stripping from its host star’s solar winds?,SCTT-ResearchQuestion,gemini,17
gemini_187,You are introduced to a robot that can learn and think like humans. What scientific questions could you ask about this?,By what mechanism does the robot's architecture replicate the biological process of long-term potentiation found in human memory?,SCTT-ResearchQuestion,gemini,18
gemini_187,bridge-river-cross,"The stone bridge arched gracefully over the rushing river. Travelers hurried to cross before the storm arrived. Beneath the spans, the water churned with white foam. They reached the other side just as the first raindrop fell.",Story,gemini,37
gemini_187,You notice that the water in one lake is warmer than the water in another lake even though they both get the same amount of sunlight. What hypotheses do you have about why that is?,The warmer lake may be situated over active geothermal vents that heat the water from the lakebed upward.,SCTT-Hypothesis,gemini,18
gemini_187,PENCIL,Use a pair of them as improvised chopsticks for a quick snack.,AUT,gemini,12
gemini_188,Develop as many design ideas as you can to increase the use of renewable energy sources.,Transform high-traffic city sidewalks into energy-harvesting piezoelectric grids that convert foot traffic into electricity.,Design,gemini,14
gemini_188,PENCIL,Use the graphite core as an emergency dry lubricant for a stubborn or stuck zipper.,AUT,gemini,15
gemini_188,BRICK,"Heat the brick in an oven and wrap it in a towel to serve as a long-lasting, rustic bed warmer.",AUT,gemini,20
gemini_188,You notice that the water in one lake is warmer than the water in another lake even though they both get the same amount of sunlight. What hypotheses do you have about why that is?,The warmer lake has a higher concentration of dissolved organic matter that increases light absorption and heat retention.,SCTT-Hypothesis,gemini,18
gemini_188,KNIFE,Use the handle of a heavy knife as a makeshift citrus reamer to extract juice from lemons.,AUT,gemini,17
gemini_188,You are introduced to a robot that can learn and think like humans. What scientific questions could you ask about this?,Can the robot's synthetic consciousness develop subconscious biases based on the specific limitations of its initial training data sets?,SCTT-ResearchQuestion,gemini,19
gemini_188,pen-paper-story,The pen danced across the rough paper. A story began to breathe within the dark ink. Characters emerged from the white void to seek their fortune. The writer smiled at his new creation.,Story,gemini,33
gemini_188,key-door-lock,"The golden key turned smoothly in the heavy lock. The door opened to a world of vibrant color. He stepped inside, leaving the grey city behind forever. The lock clicked shut, sealing his escape.",Story,gemini,34
gemini_188,Develop as many design ideas as you can to reduce traffic congestion in mega cities.,Implement a dynamic lane system that uses AI to physically reverse traffic flow directions based on real-time demand.,Design,gemini,18
gemini_188,bridge-river-cross,"The old bridge groaned as the river rose against its pillars. To cross was a risk she had to take for her family. She sprinted across the swaying timber without looking down. The river roared, but she reached the other side safely.",Story,gemini,42
gemini_188,You look outside one night and see stars disappearing one by one from the sky. What hypotheses do you have about why that is?,"A massive, fast-moving shroud of dark nebular gas is drifting into our solar system's direct line of sight.",SCTT-Hypothesis,gemini,18
gemini_188,Develop as many design ideas as you can to assist people with memory impairments remember important tasks.,Create an intelligent scent-diffuser that releases specific aromas to trigger associative memories for scheduled daily tasks.,Design,gemini,16
gemini_188,mirror-face-reflection,"He looked into the silver mirror and saw his father's face. The reflection was much older than he remembered himself being. He touched his cheek, tracing the lines of time in the glass. The face in the mirror mimicked his silent sorrow.",Story,gemini,42
gemini_188,BUCKET,Drill holes in the sides of a bucket to create a space-saving vertical tower garden for strawberries.,AUT,gemini,17
gemini_188,You travel on a spaceship to a new planet outside of our galaxy. What scientific questions could you ask about this planet?,What is the ratio of heavy elements in this planet's crust compared to the terrestrial planets in our own solar system?,SCTT-ResearchQuestion,gemini,21
gemini_188,Develop as many design ideas as you can to help people with mobility impairments navigate stairs.,Develop assistive exoskeletal boots that provide a powered mechanical boost specifically calibrated for the pressure of vertical stepping.,Design,gemini,18
gemini_189,Develop as many design ideas as you can to assist people with memory impairments remember important tasks.,Smart wristbands that use unique haptic vibration patterns to discreetly remind the user of specific categories of daily chores or medications.,Design,gemini,21
gemini_189,BUCKET,Flip the bucket over and use it as a makeshift drum for a spontaneous street performance.,AUT,gemini,16
gemini_189,KNIFE,Use the metallic handle of a heavy kitchen knife as a makeshift hammer for driving small nails into soft wood.,AUT,gemini,20
gemini_189,You notice that the water in one lake is warmer than the water in another lake even though they both get the same amount of sunlight. What hypotheses do you have about why that is?,"The warmer lake may be significantly shallower, allowing solar radiation to heat the entire water column much more rapidly than in the deeper lake.",SCTT-Hypothesis,gemini,24
gemini_189,Develop as many design ideas as you can to help people with mobility impairments navigate stairs.,Motorized handrails that detect a user's grip and provide a gentle mechanical lift to assist them in ascending the stairs.,Design,gemini,20
gemini_189,pen-paper-story,The silver pen moved across the rough paper. A forgotten story began to take shape. Ink bled into the fibers like ancient memories. The words whispered secrets of a lost city.,Story,gemini,31
gemini_189,key-door-lock,He slid the golden key into the heavy lock. The massive oak door groaned as it swung open. Dust motes danced in the sudden shaft of light. A long-forgotten treasure waited in the shadows.,Story,gemini,34
gemini_189,You are introduced to a robot that can learn and think like humans. What scientific questions could you ask about this?,Does the robot’s cognitive architecture utilize quantum superposition to process complex ethical dilemmas in a manner similar to human intuition?,SCTT-ResearchQuestion,gemini,20
gemini_189,You travel on a spaceship to a new planet outside of our galaxy. What scientific questions could you ask about this planet?,How do the unique atmospheric pressure and chemical composition of this planet affect the potential for stable liquid solvents on its surface?,SCTT-ResearchQuestion,gemini,22
gemini_189,mirror-face-reflection,I stared into the cracked mirror on the wall. My face looked unfamiliar in the dim light. The reflection smiled while I remained perfectly still. I realized then that I wasn't alone.,Story,gemini,32
gemini_189,Develop as many design ideas as you can to reduce traffic congestion in mega cities.,A network of high-speed pneumatic tubes that transport individual passenger pods silently beneath the existing city infrastructure.,Design,gemini,17
gemini_189,PENCIL,Use the aromatic cedar wood shavings from a sharpened pencil as natural kindling to start a small campfire.,AUT,gemini,18
gemini_189,Develop as many design ideas as you can to increase the use of renewable energy sources.,Piezoelectric floor tiles in high-traffic subway stations that harvest the kinetic energy of millions of commuters to power the local grid.,Design,gemini,21
gemini_189,You look outside one night and see stars disappearing one by one from the sky. What hypotheses do you have about why that is?,"An immense, moving cloud of dense interstellar gas is passing between Earth and the distant stars, obscuring them from view.",SCTT-Hypothesis,gemini,20
gemini_189,bridge-river-cross,"The narrow bridge swayed above the icy river. We knew we had to cross before the storm arrived. Each step felt like a gamble with fate. Finally, we reached the solid ground of the far bank.",Story,gemini,36
gemini_189,BRICK,"Heat the brick in a fire and wrap it in a thick towel to serve as a long-lasting, portable bed warmer.",AUT,gemini,21
gemini_190,Develop as many design ideas as you can to help people with mobility impairments navigate stairs.,Stair-climbing wheelchair attachments using synchronized planetary wheels to ascend and descend steps safely.,Design,gemini,13
gemini_190,mirror-face-reflection,He looked in the mirror. His face was a mask of confusion. The reflection did not move when he did. He realized he was standing on the wrong side of the glass.,Story,gemini,32
gemini_190,BRICK,A thermal heat sink in a greenhouse to regulate nighttime temperatures for plants.,AUT,gemini,13
gemini_190,KNIFE,Use the flat side of the blade as a makeshift mirror for emergency signaling.,AUT,gemini,14
gemini_190,bridge-river-cross,The stone bridge spanned the rushing river. We had to cross the bridge to reach the village. The water roared beneath our feet as we ran. Safety was only a few steps away.,Story,gemini,33
gemini_190,You notice that the water in one lake is warmer than the water in another lake even though they both get the same amount of sunlight. What hypotheses do you have about why that is?,"The warmer lake may be significantly shallower or have a darker bed, causing it to absorb more solar energy.",SCTT-Hypothesis,gemini,19
gemini_190,You look outside one night and see stars disappearing one by one from the sky. What hypotheses do you have about why that is?,"A dense cloud of interstellar dust is passing between the Earth and the stars, obscuring them sequentially.",SCTT-Hypothesis,gemini,17
gemini_190,BUCKET,"An upside-down, makeshift drum for a street performance or musical education.",AUT,gemini,11
gemini_190,You travel on a spaceship to a new planet outside of our galaxy. What scientific questions could you ask about this planet?,Does the planet's magnetosphere provide sufficient protection against cosmic radiation to allow for the development of carbon-based life?,SCTT-ResearchQuestion,gemini,18
gemini_190,Develop as many design ideas as you can to reduce traffic congestion in mega cities.,"Implementing dynamic, AI-controlled lane directions that shift based on real-",Design,gemini,10
gemini_190,pen-paper-story,,Story,gemini,0
gemini_190,PENCIL,,AUT,gemini,0
gemini_190,key-door-lock,,Story,gemini,0
gemini_190,Develop as many design ideas as you can to increase the use of renewable energy sources.,,Design,gemini,0
gemini_190,Develop as many design ideas as you can to assist people with memory impairments remember important tasks.,,Design,gemini,0
gemini_190,You are introduced to a robot that can learn and think like humans. What scientific questions could you ask about this?,,SCTT-ResearchQuestion,gemini,0
gemini_191,pen-paper-story,The silver pen danced across the parchment paper. Every drop of ink wove a complex story of lost empires. Characters breathed life into the silent room. The writer smiled as the ending finally revealed itself.,Story,gemini,35
gemini_191,key-door-lock,"He pulled a skeleton key from his pocket. The iron lock resisted before yielding with a heavy thud. Slowly, the wooden door swung into the darkness. A single candle illuminated the treasure within.",Story,gemini,33
gemini_191,You look outside one night and see stars disappearing one by one from the sky. What hypotheses do you have about why that is?,"A massive, diffuse cloud of dark interstellar dust is drifting between Earth and the distant stars, obscuring their light as it moves across the sky.",SCTT-Hypothesis,gemini,25
gemini_191,bridge-river-cross,A narrow bridge spanned the churning river below. No one dared to cross when the fog rolled in. Legend said the bridge changed length during the night. Only the birds knew the truth of the crossing.,Story,gemini,36
gemini_191,PENCIL,Use the graphite from the tip to lubricate a sticky zipper or a squeaky door hinge.,AUT,gemini,16
gemini_191,KNIFE,Use the flat side of a heavy blade to crush garlic cloves or spices against a cutting board.,AUT,gemini,18
gemini_191,You notice that the water in one lake is warmer than the water in another lake even though they both get the same amount of sunlight. What hypotheses do you have about why that is?,The warmer lake may be fed by subterranean geothermal springs or have a significantly darker bed that absorbs more thermal energy from the sun.,SCTT-Hypothesis,gemini,24
gemini_191,BUCKET,Invert the bucket and cut a small entrance to create an insulated emergency shelter for stray animals.,AUT,gemini,17
gemini_191,Develop as many design ideas as you can to assist people with memory impairments remember important tasks.,Wearable haptic bracelets that use unique vibration patterns to subtly cue the wearer for specific scheduled tasks throughout the day.,Design,gemini,20
gemini_191,Develop as many design ideas as you can to increase the use of renewable energy sources.,Integrating transparent solar-harvesting films into all urban skyscraper windows to transform entire city skylines into vertical power plants.,Design,gemini,18
gemini_191,Develop as many design ideas as you can to help people with mobility impairments navigate stairs.,Install stairs that can flatten into a motorized ramp at the push of a button using a synchronized scissor-lift mechanism.,Design,gemini,20
gemini_191,You travel on a spaceship to a new planet outside of our galaxy. What scientific questions could you ask about this planet?,Does the planet's magnetosphere provide enough protection against high-energy cosmic radiation to sustain carbon-based biological life?,SCTT-ResearchQuestion,gemini,16
gemini_191,BRICK,"Heat the brick in an oven and wrap it in a towel to serve as a long-lasting, portable bed warmer.",AUT,gemini,20
gemini_191,You are introduced to a robot that can learn and think like humans. What scientific questions could you ask about this?,"Does the robot’s cognitive architecture allow for the emergence of genuine qualia, or is it merely an advanced simulation of human internal states?",SCTT-ResearchQuestion,gemini,23
gemini_191,Develop as many design ideas as you can to reduce traffic congestion in mega cities.,Implementing subterranean automated freight tubes to remove bulky delivery trucks from city streets during peak traffic hours.,Design,gemini,17
gemini_191,mirror-face-reflection,"The antique mirror hung dusty on the wall. He wiped it clean to see his face clearly. His reflection began to age rapidly before his eyes. Terrified, he realized the glass was stealing his time.",Story,gemini,35
gemini_192,You notice that the water in one lake is warmer than the water in another lake even though they both get the same amount of sunlight. What hypotheses do you have about why that is?,"The warmer lake likely has a darker bed composition or higher turbidity, allowing it to absorb and retain more solar radiation than the clearer lake.",SCTT-Hypothesis,gemini,25
gemini_192,You look outside one night and see stars disappearing one by one from the sky. What hypotheses do you have about why that is?,"A high-altitude plume of volcanic aerosols is drifting across the sky, progressively occulting the stars from the observer's perspective.",SCTT-Hypothesis,gemini,19
gemini_192,Develop as many design ideas as you can to assist people with memory impairments remember important tasks.,"Smart jewelry that provides subtle, patterned haptic vibrations to prompt specific routine actions throughout the day.",Design,gemini,16
gemini_192,Develop as many design ideas as you can to reduce traffic congestion in mega cities.,"Implementing a network of autonomous, overhead cable-car pods to bypass ground-level street congestion entirely.",Design,gemini,14
gemini_192,bridge-river-cross,"The weathered bridge spanned the wide, churning river. We had to cross it to reach the safety of the camp. Each wooden plank creaked under our cautious weight. The mist from the water below chilled our faces. Finally, we reached the muddy bank on the far side.",Story,gemini,47
gemini_192,Develop as many design ideas as you can to help people with mobility impairments navigate stairs.,"A lightweight, wearable exoskeleton that assists the user's leg muscles specifically during the vertical ascent of a staircase.",Design,gemini,18
gemini_192,BRICK,Use the brick as a thermal mass inside a small greenhouse to help regulate nighttime temperatures by releasing heat absorbed during the day.,AUT,gemini,23
gemini_192,mirror-face-reflection,"I wiped the steam off the bathroom mirror. My tired face looked back with heavy eyes. The reflection seemed to shift as I watched it closely. I realized my image was smiling while I remained somber. I quickly turned away, heart racing in my chest.",Story,gemini,45
gemini_192,You are introduced to a robot that can learn and think like humans. What scientific questions could you ask about this?,To what extent can the robot's learning algorithms replicate the neural plasticity found in the human brain during the acquisition of new linguistic structures?,SCTT-ResearchQuestion,gemini,24
gemini_192,BUCKET,"Use the bucket as a DIY ""swamp cooler"" by filling it with ice and using a fan to blow air through holes cut in the sides.",AUT,gemini,26
gemini_192,KNIFE,Use the flat side of a polished knife blade as a makeshift signaling mirror in an emergency survival situation.,AUT,gemini,19
gemini_192,PENCIL,Rub the graphite tip onto a sticking door lock or a stubborn zipper to act as an effective dry lubricant.,AUT,gemini,20
gemini_192,key-door-lock,The golden key felt heavy in my palm. I inserted it into the ornate lock and turned. The massive door swung inward without a single sound. Behind it lay a room filled with shimmering dust. I had finally found the secret library.,Story,gemini,42
gemini_192,You travel on a spaceship to a new planet outside of our galaxy. What scientific questions could you ask about this planet?,Does the planet's atmospheric composition show evidence of chemical disequilibrium that could indicate the presence of biological metabolic processes?,SCTT-ResearchQuestion,gemini,19
gemini_192,pen-paper-story,"She dipped her pen into the sapphire ink. The white paper sat waiting for her first move. Slowly, a story of forgotten magic began to appear. Her hand moved with a rhythm born of inspiration. By morning, the tale was finished and the ink dry.",Story,gemini,45
gemini_192,Develop as many design ideas as you can to increase the use of renewable energy sources.,Integrate transparent solar-harvesting coatings into all skyscraper windows to turn entire city skylines into vertical power plants.,Design,gemini,17
gemini_193,You travel on a spaceship to a new planet outside of our galaxy. What scientific questions could you ask about this planet?,"How does the isotopic signature of the planet's atmospheric gases compare to those found in our own galaxy, potentially revealing a different nucleosynthetic history?",SCTT-ResearchQuestion,gemini,24
gemini_193,KNIFE,Use the flat side of a broad-bladed knife as a portable anvil for flattening small metal wires during a craft project.,AUT,gemini,21
gemini_193,bridge-river-cross,"The ancient stone bridge spanned the chasm with a weary grace. Below, the white-water river churned with seasonal fury. To cross now meant risking everything for a chance at the horizon. She took a deep breath and stepped into the spray.",Story,gemini,41
gemini_193,You look outside one night and see stars disappearing one by one from the sky. What hypotheses do you have about why that is?,"An immense, invisible swarm of von Neumann probes is systematically dismantling the stars for material, creating a localized Dyson-sphere-induced blackout.",SCTT-Hypothesis,gemini,20
gemini_193,Develop as many design ideas as you can to help people with mobility impairments navigate stairs.,"Implement a ""smart-track"" rail along the banister that serves as an electromagnetic docking point for a lightweight, folding standing-platform.",Design,gemini,19
gemini_193,PENCIL,Use the graphite from a pencil to create a custom-shaped conductive path on a sheet of paper to serve as a makeshift touch-sensitive switch.,AUT,gemini,24
gemini_193,Develop as many design ideas as you can to reduce traffic congestion in mega cities.,"Convert existing subway tunnels into a dual-layered system where the lower level handles high-speed, automated freight containers during off-peak hours.",Design,gemini,20
gemini_193,pen-paper-story,"Her silver pen hovered inches above the cream-colored paper. Every word of the story felt like a heavy stone being lifted. As the ink flowed, the room seemed to dissolve into a landscape of her own making. The final sentence landed with the weight of a heartbeat.",Story,gemini,47
gemini_193,mirror-face-reflection,"He stood before the ancient mirror and saw a face that had aged a thousand years in a single night. His reflection did not mimic his movements, remaining perfectly still as he reached out to touch the glass. A ripple distorted the image, revealing a world where he had never existed. He pulled his hand back, terrified of the silence staring back.",Story,gemini,62
gemini_193,Develop as many design ideas as you can to increase the use of renewable energy sources.,"Deploy modular, piezoelectric paving stones in high-traffic pedestrian zones to harvest kinetic energy from every footstep.",Design,gemini,16
gemini_193,Develop as many design ideas as you can to assist people with memory impairments remember important tasks.,Design a pair of glasses that uses augmented reality to overlay glowing visual breadcrumbs on the floor leading to the location of a forgotten task.,Design,gemini,25
gemini_193,key-door-lock,"The brass key turned with a satisfying click inside the ornate lock. He pushed the door open, expecting dust, but found the table set for two. A single candle flickered in the draft he created. He was not the only one who had kept the secret.",Story,gemini,46
gemini_193,BRICK,Use a brick as a heavy-duty thermal heat sink by placing it under a laptop stand to absorb and dissipate excess heat.,AUT,gemini,22
gemini_193,You notice that the water in one lake is warmer than the water in another lake even though they both get the same amount of sunlight. What hypotheses do you have about why that is?,"One lake may have a significantly higher concentration of dark-colored suspended particulates or dissolved organic matter, which increases the absorption of solar radiation compared to the clearer lake.",SCTT-Hypothesis,gemini,28
gemini_193,BUCKET,Cut a small slit in a bucket and fill it with damp sand to create a primitive but effective 'slow-drip' irrigation system for a backyard garden.,AUT,gemini,26
gemini_193,You are introduced to a robot that can learn and think like humans. What scientific questions could you ask about this?,Does the robot's learning process involve a synthetic equivalent to biological synaptic pruning to optimize its memory and decision-making pathways?,SCTT-ResearchQuestion,gemini,20
gemini_194,bridge-river-cross,"The ancient stone bridge groaned under the weight of the mist. Below, the river whispered secrets of the travelers it had claimed. Elena took a trembling step, determined to cross before the moon set. Her shadow stretched across the water like a reaching hand.",Story,gemini,44
gemini_194,key-door-lock,"The silver key felt icy against her palm. She inserted it into the rusted lock, holding her breath. As the heavy door creaked open, a gust of ancient dust billowed out. Behind it lay a room that shouldn't have existed.",Story,gemini,40
gemini_194,BRICK,"Wrap a sun-baked brick in a thick wool cloth to use as a long-lasting, portable bed warmer.",AUT,gemini,17
gemini_194,KNIFE,"Use the flat, polished side of a stainless steel blade as an emergency signaling mirror to reflect sunlight toward rescue teams.",AUT,gemini,21
gemini_194,mirror-face-reflection,"Leo stared into the silvered mirror, but the face looking back wasn't his. The reflection smiled while he remained perfectly still. Cold sweat beaded on his forehead as the glass began to ripple. He realized then that he was the one trapped on the outside.",Story,gemini,45
gemini_194,PENCIL,Rub the graphite tip of a pencil along the teeth of a stuck metal zipper to act as a dry lubricant.,AUT,gemini,21
gemini_194,You look outside one night and see stars disappearing one by one from the sky. What hypotheses do you have about why that is?,"A massive, dense cloud of interstellar dust is passing between Earth and the distant stars, physically obscuring their light from our perspective.",SCTT-Hypothesis,gemini,22
gemini_194,BUCKET,Invert the bucket and cut a small hole in the base to create a makeshift acoustic amplifier for detecting underground water leaks.,AUT,gemini,22
gemini_194,Develop as many design ideas as you can to assist people with memory impairments remember important tasks.,"Install ""Smart Surfaces"" in the home that use motion-activated projectors to display digital reminders directly onto the specific objects needed for a task.",Design,gemini,23
gemini_194,Develop as many design ideas as you can to increase the use of renewable energy sources.,Integrate transparent solar-harvesting thin films into the glass of all skyscraper windows to convert entire city skylines into vertical power plants.,Design,gemini,21
gemini_194,You notice that the water in one lake is warmer than the water in another lake even though they both get the same amount of sunlight. What hypotheses do you have about why that is?,"The warmer lake may be situated over an active geothermal vent or have a significantly darker, more heat-absorbent sediment layer on its floor.",SCTT-Hypothesis,gemini,23
gemini_194,You travel on a spaceship to a new planet outside of our galaxy. What scientific questions could you ask about this planet?,Does the planet possess a sufficiently strong magnetosphere to protect its atmosphere and potential biological life from high-energy cosmic radiation?,SCTT-ResearchQuestion,gemini,20
gemini_194,Develop as many design ideas as you can to reduce traffic congestion in mega cities.,"Deploy a network of modular, AI-coordinated pods that travel on high-speed overhead rails and detach to navigate the ""last mile"" on city streets.",Design,gemini,23
gemini_194,You are introduced to a robot that can learn and think like humans. What scientific questions could you ask about this?,"Does the robot’s learning architecture exhibit ""critical period"" constraints for skill acquisition similar to those found in the human brain?",SCTT-ResearchQuestion,gemini,20
gemini_194,Develop as many design ideas as you can to help people with mobility impairments navigate stairs.,"Equip wheelchairs with retractable, rubberized continuous treads that engage automatically to climb standard stairs safely.",Design,gemini,15
gemini_194,pen-paper-story,"The ink from the pen bled into the yellowed paper like a dark omen. Every word of the story she wrote started coming true in the room around her. She tried to stop, but her hand moved with a mind of its own. The final sentence described a door opening behind her.",Story,gemini,52
gemini_195,You look outside one night and see stars disappearing one by one from the sky. What hypotheses do you have about why that is?,"An expansive cloud of dense, light-absorbing interstellar dust is drifting through the solar system, progressively obscuring the light from distant stellar sources.",SCTT-Hypothesis,gemini,22
gemini_195,mirror-face-reflection,She looked into the mirror. A different face mimicked her movements. The reflection felt more real than her own skin. She touched the cold glass and wept.,Story,gemini,27
gemini_195,You travel on a spaceship to a new planet outside of our galaxy. What scientific questions could you ask about this planet?,Does the planet possess a magnetosphere strong enough to deflect high-energy cosmic rays originating from the intergalactic medium?,SCTT-ResearchQuestion,gemini,18
gemini_195,You notice that the water in one lake is warmer than the water in another lake even though they both get the same amount of sunlight. What hypotheses do you have about why that is?,The warmer lake likely benefits from localized geothermal heating through sub-surface thermal vents that are absent in the cooler lake.,SCTT-Hypothesis,gemini,20
gemini_195,Develop as many design ideas as you can to increase the use of renewable energy sources.,"Convert decommissioned oil tankers into mobile, offshore wind-and-wave energy harvesting stations that can be towed to high-energy storm zones.",Design,gemini,19
gemini_195,bridge-river-cross,The narrow bridge shook over the river. They had to cross before the storm arrived. The wooden planks were slick with rain. They reached the other side and sighed.,Story,gemini,29
gemini_195,Develop as many design ideas as you can to assist people with memory impairments remember important tasks.,Embed NFC tags in household objects that trigger context-specific verbal instructions on a person's phone when tapped.,Design,gemini,17
gemini_195,PENCIL,"Shave a pencil into thin curls to use as highly effective, resin-rich kindling for starting a fire in damp conditions.",AUT,gemini,20
gemini_195,Develop as many design ideas as you can to reduce traffic congestion in mega cities.,"Deploy a network of autonomous, high-speed",Design,gemini,6
gemini_195,Develop as many design ideas as you can to help people with mobility impairments navigate stairs.,,Design,gemini,0
gemini_195,BRICK,,AUT,gemini,0
gemini_195,KNIFE,,AUT,gemini,0
gemini_195,BUCKET,,AUT,gemini,0
gemini_195,You are introduced to a robot that can learn and think like humans. What scientific questions could you ask about this?,,SCTT-ResearchQuestion,gemini,0
gemini_195,key-door-lock,,Story,gemini,0
gemini_195,pen-paper-story,,Story,gemini,0
gemini_196,pen-paper-story,"The old pen bled ink onto the yellowed paper. With every stroke, a forgotten story began to breathe. The ink became a river of memories. Finally, the last word settled into a silent rest.",Story,gemini,34
gemini_196,Develop as many design ideas as you can to reduce traffic congestion in mega cities.,Implementation of a city-wide modular AI-driven pod system that moves on magnetized elevated tracks above existing roads.,Design,gemini,17
gemini_196,KNIFE,Use the polished flat of the blade to reflect sunlight into narrow crevices for better visibility during inspections.,AUT,gemini,18
gemini_196,You notice that the water in one lake is warmer than the water in another lake even though they both get the same amount of sunlight. What hypotheses do you have about why that is?,The warmer lake may have a dark-colored silty bottom that absorbs more thermal energy or be fed by a subterranean geothermal spring.,SCTT-Hypothesis,gemini,22
gemini_196,You look outside one night and see stars disappearing one by one from the sky. What hypotheses do you have about why that is?,"A dense, fast-moving cloud of interstellar dust is passing between Earth and the distant star field, obscuring them sequentially.",SCTT-Hypothesis,gemini,19
gemini_196,BUCKET,Transform the bucket into an underwater viewing chamber by replacing the bottom with a sealed transparent acrylic disc.,AUT,gemini,18
gemini_196,Develop as many design ideas as you can to help people with mobility impairments navigate stairs.,Retrofit existing staircases with a tread-integrated conveyor belt system that provides subtle traction and stability for manual movement.,Design,gemini,18
gemini_196,You travel on a spaceship to a new planet outside of our galaxy. What scientific questions could you ask about this planet?,How does the ratio of heavy elements in this planet's crust compare to the chemical signature of its host star?,SCTT-ResearchQuestion,gemini,20
gemini_196,mirror-face-reflection,"She stared into the cracked mirror, searching for a trace of her younger self. Her face looked back, a map of trials and triumphs. The reflection didn't match the fire she felt inside. She smiled, and the glass seemed to glow.",Story,gemini,41
gemini_196,PENCIL,Rub the graphite tip onto a stuck zipper to provide dry lubrication for the teeth.,AUT,gemini,15
gemini_196,You are introduced to a robot that can learn and think like humans. What scientific questions could you ask about this?,To what extent does the robot's architecture utilize stochastic processes to mimic the neural plasticity and unpredictable heuristics of human cognitive development?,SCTT-ResearchQuestion,gemini,22
gemini_196,Develop as many design ideas as you can to increase the use of renewable energy sources.,Integrate transparent solar-harvesting films into all high-rise window glass to turn entire city skylines into vertical power plants.,Design,gemini,18
gemini_196,bridge-river-cross,"The rickety bridge groaned under the weight of the traveler. Below, the river roared with the fury of a spring thaw. To cross was to leave the past behind forever. He took the first step and didn't look back.",Story,gemini,39
gemini_196,BRICK,"Use a hollow-core brick as a heavy-duty, industrial-style organizer for desktop tools and stationery.",AUT,gemini,14
gemini_196,key-door-lock,He fumbled with the rusted key until it finally bit into the lock. The heavy door yielded with a scream of protest. Behind it lay a room untouched by time. He stepped inside and turned the lock again.,Story,gemini,38
gemini_196,Develop as many design ideas as you can to assist people with memory impairments remember important tasks.,"An augmented reality glasses system that overlays persistent digital ""sticky notes"" onto physical objects relevant to specific tasks.",Design,gemini,18
gemini_197,You are introduced to a robot that can learn and think like humans. What scientific questions could you ask about this?,Does the robot's cognitive architecture rely on stochastic resonance to mimic the non-deterministic nature of human decision-making?,SCTT-ResearchQuestion,gemini,17
gemini_197,mirror-face-reflection,"He leaned toward the mirror.
A different face stared back at him.
The reflection smiled while he remained grim.
He backed away in terror.",Story,gemini,24
gemini_197,BUCKET,"Invert the bucket to serve as a resonant, portable percussion instrument for street performances.",AUT,gemini,14
gemini_197,KNIFE,Use the polished flat of the blade as an emergency signaling mirror to reflect sunlight toward rescue teams.,AUT,gemini,18
gemini_197,You look outside one night and see stars disappearing one by one from the sky. What hypotheses do you have about why that is?,"A localized, high-density cloud of dark nebular dust is passing between Earth and the distant star clusters.",SCTT-Hypothesis,gemini,17
gemini_197,You notice that the water in one lake is warmer than the water in another lake even though they both get the same amount of sunlight. What hypotheses do you have about why that is?,One lake may be fed by a subterranean geothermal spring that heats the water from the bottom up.,SCTT-Hypothesis,gemini,18
gemini_197,bridge-river-cross,"The old bridge swayed above the river.
He needed to cross before the storm arrived.
The wooden planks were slick with rain.
He reached the other side safely.",Story,gemini,28
gemini_197,Develop as many design ideas as you can to assist people with memory impairments remember important tasks.,Smart contact lenses that overlay names and recent conversation history onto the faces of recognized individuals in real-time.,Design,gemini,18
gemini_197,PENCIL,"Use the graphite core to draw conductive pathways on paper, effectively creating a functional and flexible paper circuit.",AUT,gemini,18
gemini_197,pen-paper-story,"The pen moved with a mind of its own.
Ink bled into the paper like a dark dream.
Every story needs a hero.
This one had none.",Story,gemini,27
gemini_197,You travel on a spaceship to a new planet outside of our galaxy. What scientific questions could you ask about this planet?,Does the planet's magnetosphere provide enough protection against extragalactic cosmic radiation to support carbon-based life forms?,SCTT-ResearchQuestion,gemini,16
gemini_197,Develop as many design ideas as you can to increase the use of renewable energy sources.,Mandating that all new road surfaces be constructed with piezoelectric materials to harvest energy from vehicle vibrations.,Design,gemini,17
gemini_197,Develop as many design ideas as you can to reduce traffic congestion in mega cities.,"Implementing a network of high-speed, underground pneumatic tubes for automated cargo delivery to remove freight trucks from surface streets.",Design,gemini,19
gemini_197,BRICK,"Use a heated brick placed inside an insulated container as a thermal mass to create a passive, non-electric slow cooker.",AUT,gemini,20
gemini_197,Develop as many design ideas as you can to help people with mobility impairments navigate stairs.,"Install a system of retractable, tread-based robotic lifts that seamlessly transition any standard staircase into a level moving platform.",Design,gemini,19
gemini_197,key-door-lock,"He turned the key slowly.
The lock clicked with a satisfying snap.
Behind the door lay his childhood home.
Everything was exactly as he left it.",Story,gemini,26
gemini_198,Develop as many design ideas as you can to increase the use of renewable energy sources.,Integrate transparent solar cells into all commercial and residential windows to transform entire city skylines into active power plants.,Design,gemini,19
gemini_198,You are introduced to a robot that can learn and think like humans. What scientific questions could you ask about this?,Does the robot’s architecture utilize a process of synaptic pruning similar to human biological development to optimize its cognitive efficiency over time?,SCTT-ResearchQuestion,gemini,22
gemini_198,You travel on a spaceship to a new planet outside of our galaxy. What scientific questions could you ask about this planet?,"How does the elemental composition of this planet’s lithosphere differ from terrestrial worlds in the Milky Way, given the distinct nucleosynthesis history of its host galaxy?",SCTT-ResearchQuestion,gemini,26
gemini_198,You look outside one night and see stars disappearing one by one from the sky. What hypotheses do you have about why that is?,"A localized, ultra-dense cloud of interstellar dust is drifting across the line of sight, progressively obscuring the light from distant stellar fields.",SCTT-Hypothesis,gemini,22
gemini_198,Develop as many design ideas as you can to reduce traffic congestion in mega cities.,"Deploy a network of autonomous, overhead gondolas that utilize existing utility pole infrastructure to bypass ground-level traffic.",Design,gemini,17
gemini_198,Develop as many design ideas as you can to help people with mobility impairments navigate stairs.,A gyroscopic wheelchair with retractable tank-style treads that allow it to climb steps while keeping the seat perfectly level.,Design,gemini,19
gemini_198,key-door-lock,"The silver key turned with a satisfying click.
Beyond the heavy door, a secret garden awaited her.
She realized the lock had been protecting beauty rather than hiding a secret.
Birds chirped as she finally stepped into the warm sunlight.",Story,gemini,40
gemini_198,pen-paper-story,"He gripped the wooden pen until his knuckles turned white.
The blank paper was a challenge he intended to meet.
A haunting story began to flow across the page in dark ink.
By midnight, the words had transformed his silent grief into art.",Story,gemini,43
gemini_198,BRICK,"Heat the brick in an oven and wrap it in a towel to use as a long-lasting, rustic bed warmer.",AUT,gemini,20
gemini_198,KNIFE,Use the flat side of a wide blade to crush garlic cloves for effortless peeling.,AUT,gemini,15
gemini_198,Develop as many design ideas as you can to assist people with memory impairments remember important tasks.,A wearable biofeedback device that releases specific localized scents to trigger memory recall for scheduled daily tasks.,Design,gemini,17
gemini_198,bridge-river-cross,"The stone bridge stood tall over the churning water.
The river below was swollen and grey from the spring thaw.
They needed to cross before the sun disappeared behind the peaks.
Each footstep felt heavy against the ancient, weathered masonry.",Story,gemini,40
gemini_198,BUCKET,"Mount the bucket sideways on a wall to serve as a sturdy, industrial-style cubby for organized tool storage.",AUT,gemini,18
gemini_198,PENCIL,Use the wooden casing of a pencil as a temporary emergency splint for a broken finger.,AUT,gemini,16
gemini_198,You notice that the water in one lake is warmer than the water in another lake even though they both get the same amount of sunlight. What hypotheses do you have about why that is?,"The warmer lake likely has a lower volume-to-surface-area ratio or a darker, more heat-absorbent silty bottom compared to the cooler lake.",SCTT-Hypothesis,gemini,21
gemini_198,mirror-face-reflection,"She wiped the thick dust from the silver mirror.
A strange, unfamiliar face blinked back from the glass.
The reflection began to brush hair that she did not have.
Fear chilled her as the image smiled entirely on its own.",Story,gemini,40
gemini_199,BRICK,"Use it as a sturdy, low-tech safe by hollowing out the center to hide valuables within a garden wall.",AUT,gemini,19
gemini_199,Develop as many design ideas as you can to assist people with memory impairments remember important tasks.,Digital breadcrumbs projected onto the floor that lead a person to their next scheduled task.,Design,gemini,15
gemini_199,pen-paper-story,The pen leaked ink onto the paper. It began to write a story about a man who could see the future. The ink turned red as the tale grew darker. He burned the pages before the ending could come true.,Story,gemini,40
gemini_199,You are introduced to a robot that can learn and think like humans. What scientific questions could you ask about this?,How does the robot’s neural architecture resolve conflicting moral imperatives when faced with a novel ethical dilemma?,SCTT-ResearchQuestion,gemini,17
gemini_199,You notice that the water in one lake is warmer than the water in another lake even though they both get the same amount of sunlight. What hypotheses do you have about why that is?,"The warmer lake might have a lower albedo due to a dark, basaltic bed that absorbs more solar thermal energy.",SCTT-Hypothesis,gemini,20
gemini_199,You travel on a spaceship to a new planet outside of our galaxy. What scientific questions could you ask about this planet?,Is the planet's orbital stability influenced by gravitational interactions with a nearby dark matter clump?,SCTT-ResearchQuestion,gemini,15
gemini_199,bridge-river-cross,The bridge stood tall over the icy river. They needed to cross before the blizzard arrived. The wood groaned under their heavy boots. Safety waited on the far bank.,Story,gemini,29
gemini_199,key-door-lock,She turned the key in the heavy lock. The door opened to a room filled with dust. A single light flickered in the corner. She knew she shouldn't have come back.,Story,gemini,31
gemini_199,Develop as many design ideas as you can to help people with mobility impairments navigate stairs.,"Install collapsible, platform-based lifts that reside flush within the floor at the top and bottom of public stairs.",Design,gemini,18
gemini_199,mirror-face-reflection,He gazed into the mirror at dawn. His face looked tired and unfamiliar. The reflection began to weep while he remained stoic. He walked away from the glass forever.,Story,gemini,29
gemini_199,Develop as many design ideas as you can to increase the use of renewable energy sources.,Install transparent solar cells on the sound barriers along major highways to power local street lighting.,Design,gemini,16
gemini_199,You look outside one night and see stars disappearing one by one from the sky. What hypotheses do you have about why that is?,The solar system is drifting through a dense patch of interstellar smoke that is attenuating distant starlight.,SCTT-Hypothesis,gemini,17
gemini_199,PENCIL,Rub the graphite from the tip onto a screw's threads to act as a dry lubricant for easier driving into wood.,AUT,gemini,21
gemini_199,BUCKET,Use it as a primitive megaphone by cutting out the bottom and speaking through the narrow end to amplify your voice.,AUT,gemini,21
gemini_199,Develop as many design ideas as you can to reduce traffic congestion in mega cities.,"Utilize magnetic levitation to allow vehicles to dock into vertical parking silos, clearing surface space for pedestrians.",Design,gemini,17
gemini_199,KNIFE,Use the cold steel of the blade as a makeshift heat sink to dissipate warmth from a small electronic component.,AUT,gemini,20
gemini_200,key-door-lock,"The silver key felt cold in her hand. She approached the heavy oak door with dread. With a sharp click, the lock finally surrendered. What lay beyond was better left forgotten.",Story,gemini,31
gemini_200,Develop as many design ideas as you can to help people with mobility impairments navigate stairs.,"Install low-profile, motorized tread-lifts that convert individual stairs into a continuous moving platform at the touch of a button.",Design,gemini,19
gemini_200,Develop as many design ideas as you can to increase the use of renewable energy sources.,Pave urban roadways with piezoelectric materials that generate electricity from the physical pressure and vibrations of passing vehicle traffic.,Design,gemini,19
gemini_200,You travel on a spaceship to a new planet outside of our galaxy. What scientific questions could you ask about this planet?,Does the local star's elemental abundance match the predicted chemical evolution timeline for its specific region of this distant galaxy?,SCTT-ResearchQuestion,gemini,20
gemini_200,BUCKET,Turn it upside down to create a perfectly leveled pedestal for a garden sundial or a small birdbath.,AUT,gemini,18
gemini_200,You look outside one night and see stars disappearing one by one from the sky. What hypotheses do you have about why that is?,"An expanding, spherical wavefront of dense, non-reflective interstellar gas is passing between Earth and the distant star field, sequentially obscuring light.",SCTT-Hypothesis,gemini,21
gemini_200,KNIFE,Use the flat side of the blade to safely and effectively crush garlic cloves or ginger on a cutting board.,AUT,gemini,20
gemini_200,mirror-face-reflection,He stared into the cracked mirror. His face appeared distorted and strangely unfamiliar. The reflection blinked while he kept his eyes wide. He realized he was no longer looking at himself.,Story,gemini,31
gemini_200,PENCIL,"Use the wooden shavings from a sharpened pencil as highly flammable, aromatic tinder for starting a survival fire.",AUT,gemini,18
gemini_200,pen-paper-story,"The old pen bled ink onto the paper. Every stroke carved a piece of a forgotten story. Words danced like ghosts in the dim light. Finally, the tale found its way home.",Story,gemini,32
gemini_200,Develop as many design ideas as you can to assist people with memory impairments remember important tasks.,"A wearable device that uses bone conduction to whisper subtle, AI-driven reminders into the user’s ear based on their real-time location.",Design,gemini,21
gemini_200,BRICK,"Heat it in an oven and wrap it in a thick towel to serve as a long-lasting, rustic bed warmer.",AUT,gemini,20
gemini_200,bridge-river-cross,The narrow bridge swayed above the churning river. We had to cross before the storm arrived. Each step was a gamble with the wind. Safety waited on the distant shore.,Story,gemini,30
gemini_200,You notice that the water in one lake is warmer than the water in another lake even though they both get the same amount of sunlight. What hypotheses do you have about why that is?,One lake may have a higher concentration of suspended dark particulates or organic matter that absorbs and retains more thermal energy.,SCTT-Hypothesis,gemini,21
gemini_200,You are introduced to a robot that can learn and think like humans. What scientific questions could you ask about this?,"Can the robot’s internal neural architecture generate unique, non-programmed creative insights that are indistinguishable from human intuition?",SCTT-ResearchQuestion,gemini,17
gemini_200,Develop as many design ideas as you can to reduce traffic congestion in mega cities.,"A network of autonomous, overhead gondolas providing high-speed, point-to-point transit that operates independently of existing street-level congestion.",Design,gemini,17
gemini_201,pen-paper-story,The ink bled into the fibers of the aged paper. Every word carved a new world into existence. The story breathed as the pen danced across the lines. Silence reigned until the final period was struck.,Story,gemini,36
gemini_201,key-door-lock,"The rusted key groaned inside the heavy iron lock. With a sharp click, the ancient door swung inward. Dust motes swirled in the sudden shaft of light. Something inside had been waiting for centuries.",Story,gemini,34
gemini_201,KNIFE,Use the flat side of the blade as a makeshift signaling mirror to reflect sunlight toward rescuers in an emergency.,AUT,gemini,20
gemini_201,mirror-face-reflection,"She leaned toward the silvered glass of the mirror. A stranger's face stared back with wide, unblinking eyes. Her own reflection reached out to touch her hand. The cold surface felt like ice against her skin.",Story,gemini,36
gemini_201,BUCKET,"Invert the bucket and place a smartphone underneath it to serve as a portable, waterproof acoustic amplifier for music.",AUT,gemini,19
gemini_201,Develop as many design ideas as you can to increase the use of renewable energy sources.,"Equip every ocean-going cargo ship with massive, retractable rigid sails that double as high-efficiency solar harvesting arrays.",Design,gemini,17
gemini_201,You are introduced to a robot that can learn and think like humans. What scientific questions could you ask about this?,Does the robot’s neural architecture allow for the spontaneous emergence of subjective qualia or internal emotional states during its learning process?,SCTT-ResearchQuestion,gemini,21
gemini_201,Develop as many design ideas as you can to reduce traffic congestion in mega cities.,"Deploy a network of modular, autonomous sky-pods that utilize magnetic levitation tracks",Design,gemini,12
gemini_201,Develop as many design ideas as you can to assist people with memory impairments remember important tasks.,,Design,gemini,0
gemini_201,PENCIL,,AUT,gemini,0
gemini_201,BRICK,,AUT,gemini,0
gemini_201,Develop as many design ideas as you can to help people with mobility impairments navigate stairs.,,Design,gemini,0
gemini_201,You travel on a spaceship to a new planet outside of our galaxy. What scientific questions could you ask about this planet?,,SCTT-ResearchQuestion,gemini,0
gemini_201,You look outside one night and see stars disappearing one by one from the sky. What hypotheses do you have about why that is?,,SCTT-Hypothesis,gemini,0
gemini_201,You notice that the water in one lake is warmer than the water in another lake even though they both get the same amount of sunlight. What hypotheses do you have about why that is?,,SCTT-Hypothesis,gemini,0
gemini_201,bridge-river-cross,,Story,gemini,0
gemini_202,PENCIL,Rub the graphite core onto a stubborn zipper to act as a dry lubricant.,AUT,gemini,14
gemini_202,mirror-face-reflection,"The mirror hung in the dark hallway. I caught a glimpse of a face I didn't recognize. My reflection stared back with an unsettling, wide-eyed intensity. I turned away, but the image remained.",Story,gemini,33
gemini_202,Develop as many design ideas as you can to assist people with memory impairments remember important tasks.,Wearable AI devices that use spatial audio to guide users toward the location of forgotten objects or tasks.,Design,gemini,18
gemini_202,KNIFE,Use the polished blade as a makeshift signaling mirror to catch someone's attention from a distance.,AUT,gemini,16
gemini_202,key-door-lock,He gripped the cold brass key. The heavy door groaned on its hinges. He felt the lock click into place behind him. He was finally safe inside.,Story,gemini,27
gemini_202,Develop as many design ideas as you can to help people with mobility impairments navigate stairs.,"Install ""power-assisted"" handrails that sense a user's grip and provide a gentle upward pull.",Design,gemini,14
gemini_202,You travel on a spaceship to a new planet outside of our galaxy. What scientific questions could you ask about this planet?,How does the unique chemical composition of this planet's magnetosphere affect its ability to shield against intergalactic cosmic rays?,SCTT-ResearchQuestion,gemini,19
gemini_202,You look outside one night and see stars disappearing one by one from the sky. What hypotheses do you have about why that is?,"A massive, diffuse cloud of interstellar dust is currently drifting between our solar system and the distant star field.",SCTT-Hypothesis,gemini,19
gemini_202,You are introduced to a robot that can learn and think like humans. What scientific questions could you ask about this?,To what extent can the robot's synthetic neural architecture replicate the biochemical influence of hormones on human decision-making?,SCTT-ResearchQuestion,gemini,18
gemini_202,Develop as many design ideas as you can to increase the use of renewable energy sources.,,Design,gemini,0
gemini_202,You notice that the water in one lake is warmer than the water in another lake even though they both get the same amount of sunlight. What hypotheses do you have about why that is?,,SCTT-Hypothesis,gemini,0
gemini_202,bridge-river-cross,,Story,gemini,0
gemini_202,pen-paper-story,,Story,gemini,0
gemini_202,Develop as many design ideas as you can to reduce traffic congestion in mega cities.,,Design,gemini,0
gemini_202,BUCKET,,AUT,gemini,0
gemini_202,BRICK,,AUT,gemini,0
gemini_203,key-door-lock,"The silver key felt cold in his trembling hand. He slid it into the rusted lock, hearing the tumblers groan. The heavy door swung open to reveal a garden frozen in time. No one had entered this secret world for a century.",Story,gemini,42
gemini_203,bridge-river-cross,"The stone bridge arched over the roaring river like a frozen giant. I hesitated before deciding to cross the slippery, moss-covered path. Below, the water churned with the secrets of the mountain. With one final leap, I reached the safety of the far bank.",Story,gemini,44
gemini_203,BUCKET,Use the bucket as an acoustic amplifier for a smartphone by placing the speaker inside the hollow chamber.,AUT,gemini,18
gemini_203,You are introduced to a robot that can learn and think like humans. What scientific questions could you ask about this?,Does the robot experience a functional analogue to subjective consciousness when processing conflicting moral imperatives?,SCTT-ResearchQuestion,gemini,15
gemini_203,Develop as many design ideas as you can to help people with mobility impairments navigate stairs.,"Implement low-profile, retractable stair-lifts integrated directly into the architecture of the steps.",Design,gemini,12
gemini_203,mirror-face-reflection,"She stared into the cracked mirror, barely recognizing the tired face looking back. The reflection blinked a second after she did. Panic surged as the image began to smile on its own. She realized the glass was no longer a barrier.",Story,gemini,41
gemini_203,pen-paper-story,"The ink from his pen bled onto the yellowed paper. A forgotten story began to breathe and pulse under his touch. Each word carved a new path through his fading memory. By dawn, the tale was finished and the writer was gone.",Story,gemini,42
gemini_203,Develop as many design ideas as you can to increase the use of renewable energy sources.,Develop piezoelectric tiles for sidewalks that harvest electricity from the kinetic energy of pedestrian footfalls.,Design,gemini,15
gemini_203,Develop as many design ideas as you can to assist people with memory impairments remember important tasks.,"Create ""smart-ink"" temporary tattoos that change color to remind the wearer to perform specific daily tasks.",Design,gemini,16
gemini_203,KNIFE,Use the flat side of a polished metal blade as an emergency signal mirror for long-distance communication.,AUT,gemini,17
gemini_203,BRICK,"Hollow out a brick to create a weighted, fireproof ""book"" safe for hiding small valuables on a library shelf.",AUT,gemini,19
gemini_203,You look outside one night and see stars disappearing one by one from the sky. What hypotheses do you have about why that is?,"A massive, invisible swarm of micro-black holes is passing through our sector, gravitationally lensing and then swallowing the light of distant stars.",SCTT-Hypothesis,gemini,22
gemini_203,Develop as many design ideas as you can to reduce traffic congestion in mega cities.,Establish a city-wide network of synchronized autonomous ferries utilizing existing urban waterways to bypass street traffic.,Design,gemini,16
gemini_203,You travel on a spaceship to a new planet outside of our galaxy. What scientific questions could you ask about this planet?,How does the chemical composition of the planet's atmosphere affect the speed of sound compared to Earth's nitrogen-oxygen mix?,SCTT-ResearchQuestion,gemini,19
gemini_203,You notice that the water in one lake is warmer than the water in another lake even though they both get the same amount of sunlight. What hypotheses do you have about why that is?,"The warmer lake may have a darker, silt-heavy bed that absorbs significantly more thermal energy than the sandy bottom of the cooler lake.",SCTT-Hypothesis,gemini,23
gemini_203,PENCIL,Use the graphite from the pencil tip as an emergency dry lubricant for a stubborn or sticking metal zipper.,AUT,gemini,19
gemini_204,mirror-face-reflection,"He stared into the antique mirror, waiting for the steam to clear. Suddenly, a face that wasn't his own blinked back from the silvered surface. The reflection smiled, though his own lips remained tightly sealed in terror. He touched the cold glass, but the image didn't mimic his movement.",Story,gemini,49
gemini_204,Develop as many design ideas as you can to increase the use of renewable energy sources.,Integrate transparent solar-harvesting thin films into all skyscraper windows to transform urban centers into vertical power plants.,Design,gemini,17
gemini_204,key-door-lock,"The rusted key turned with a heavy, metallic groan. Behind the massive door, the air smelled of ancient dust and forgotten secrets. He checked the lock once more to ensure it wouldn't latch behind him. Darkness swallowed the light as he stepped into the unknown.",Story,gemini,45
gemini_204,Develop as many design ideas as you can to assist people with memory impairments remember important tasks.,"A wearable augmented reality device that overlays ""digital breadcrumbs"" and real-time task labels onto the user's physical environment.",Design,gemini,18
gemini_204,BRICK,Warm the brick in a fire and wrap it in a towel to serve as a long-lasting bed warmer.,AUT,gemini,19
gemini_204,You look outside one night and see stars disappearing one by one from the sky. What hypotheses do you have about why that is?,"A dense, localized cloud of interstellar dust is passing between the Earth and the star field, obscuring the light from distant suns.",SCTT-Hypothesis,gemini,22
gemini_204,PENCIL,Rub the graphite tip onto a stubborn zipper to act as a dry lubricant and help it slide smoothly.,AUT,gemini,19
gemini_204,You are introduced to a robot that can learn and think like humans. What scientific questions could you ask about this?,Does the robot’s cognitive architecture experience a functional equivalent to human sleep to consolidate its learned data?,SCTT-ResearchQuestion,gemini,17
gemini_204,You notice that the water in one lake is warmer than the water in another lake even though they both get the same amount of sunlight. What hypotheses do you have about why that is?,"The warmer lake may be situated over a geothermal vent or have a significantly darker, more heat-absorbent sediment floor.",SCTT-Hypothesis,gemini,19
gemini_204,BUCKET,Invert the bucket and use it as a makeshift stool or a sturdy percussion instrument.,AUT,gemini,15
gemini_204,bridge-river-cross,"The stone bridge stretched precariously over the roaring river below. No one had dared to cross it since the great storm of the previous winter. Elara stepped onto the first mossy plank, her heart hammering against her ribs. One foot followed the other until the safety of the far bank was finally reached.",Story,gemini,53
gemini_204,Develop as many design ideas as you can to reduce traffic congestion in mega cities.,"Deploy an autonomous, modular pod system that travels on elevated magnetic rails to bypass traditional street-level traffic.",Design,gemini,17
gemini_204,Develop as many design ideas as you can to help people with mobility impairments navigate stairs.,"Develop lightweight, portable ""stair-climbing"" treads that can be temporarily attached to any standard manual wheelchair.",Design,gemini,15
gemini_204,KNIFE,"Use the polished, flat side of a stainless steel blade as an emergency signaling mirror to catch the sun.",AUT,gemini,19
gemini_204,You travel on a spaceship to a new planet outside of our galaxy. What scientific questions could you ask about this planet?,Does the chemical composition of this planet's atmosphere show evidence of metabolic byproducts that differ from Earth's biological signatures?,SCTT-ResearchQuestion,gemini,19
gemini_204,pen-paper-story,"She gripped the silver pen until her knuckles turned white. The blank paper seemed to mock her with its vast, empty silence. Finally, the first words of her story began to flow like ink-stained rain. By dawn, the room was littered with the pages of a new masterpiece.",Story,gemini,48
gemini_205,BRICK,Use a heated brick wrapped in fabric as a foot warmer for cold winter nights.,AUT,gemini,15
gemini_205,KNIFE,Use a highly polished blade as a makeshift signal mirror to attract attention in survival situations.,AUT,gemini,16
gemini_205,key-door-lock,"The rusted key felt heavy in his trembling hand. He approached the ancient wooden door, heart pounding against his ribs. With a definitive click, the lock finally surrendered to the pressure. Light flooded the hallway, revealing secrets kept for centuries.",Story,gemini,40
gemini_205,BUCKET,Turn a bucket into a vertical hydroponic garden by drilling planting holes around its circumference.,AUT,gemini,15
gemini_205,You look outside one night and see stars disappearing one by one from the sky. What hypotheses do you have about why that is?,"A localized, high-altitude cloud of ice crystals or volcanic ash is drifting across the sky, progressively obscuring the stars.",SCTT-Hypothesis,gemini,19
gemini_205,Develop as many design ideas as you can to help people with mobility impairments navigate stairs.,"Design stairs with integrated, pressure-activated panels that morph into a flat ramp when they detect a wheelchair.",Design,gemini,17
gemini_205,Develop as many design ideas as you can to assist people with memory impairments remember important tasks.,Smart contact lenses that overlay augmented reality reminders directly onto relevant objects in the user's environment.,Design,gemini,16
gemini_205,You notice that the water in one lake is warmer than the water in another lake even though they both get the same amount of sunlight. What hypotheses do you have about why that is?,"One lake sits atop a localized thinning of the Earth's crust, allowing for significant geothermal heat transfer.",SCTT-Hypothesis,gemini,17
gemini_205,PENCIL,Use the pencil's graphite as a dry lubricant for unsticking a stubborn zipper.,AUT,gemini,13
gemini_205,Develop as many design ideas as you can to reduce traffic congestion in mega cities.,"Deploy a network of modular, autonomous transit pods that attach to existing buildings to bypass street-level traffic.",Design,gemini,17
gemini_205,You are introduced to a robot that can learn and think like humans. What scientific questions could you ask about this?,Does the robot's neural architecture experience a form of sleep to consolidate learned data and purge synaptic noise?,SCTT-ResearchQuestion,gemini,18
gemini_205,Develop as many design ideas as you can to increase the use of renewable energy sources.,Develop solar-harvesting paint that can be applied to any exterior surface to generate electricity for the building.,Design,gemini,17
gemini_205,mirror-face-reflection,"She stared into the silver mirror, searching for a trace of her childhood self. A stranger's face stared back, etched with lines of experience. Her reflection winked, though her own eyes remained perfectly still. The cold glass felt like a barrier between two different worlds.",Story,gemini,45
gemini_205,bridge-river-cross,"The stone bridge arched gracefully over the churning river below. Travelers hurried to cross before the mountain storm arrived. Beneath the surface, the water whispered secrets to the mossy foundations. By midnight, the crossing was silent under the moon’s pale glow.",Story,gemini,41
gemini_205,pen-paper-story,"He gripped the pen until his knuckles turned white. Blank paper waited patiently on the desk, hungry for words. Slowly, a story began to unfold in ink, bleeding through the pages. The characters breathed as the ink dried in the cool night air.",Story,gemini,43
gemini_205,You travel on a spaceship to a new planet outside of our galaxy. What scientific questions could you ask about this planet?,Does the planet possess a magnetosphere capable of shielding its surface from the high-energy cosmic radiation prevalent in intergalactic space?,SCTT-ResearchQuestion,gemini,20
gemini_206,KNIFE,Use the flat side of a polished blade as a makeshift emergency signal mirror.,AUT,gemini,14
gemini_206,You notice that the water in one lake is warmer than the water in another lake even though they both get the same amount of sunlight. What hypotheses do you have about why that is?,"One lake may be significantly shallower, allowing the same amount of solar radiation to heat a smaller volume of water more quickly.",SCTT-Hypothesis,gemini,22
gemini_206,key-door-lock,"The rusty key felt cold in his hand. He pushed it into the heavy iron lock. With a sharp click, the door swung inward. Darkness swallowed the light from the hallway.",Story,gemini,31
gemini_206,Develop as many design ideas as you can to increase the use of renewable energy sources.,Integrate transparent solar-harvesting cells into all skyscraper windows to turn entire city skylines into vertical power generators.,Design,gemini,17
gemini_206,You travel on a spaceship to a new planet outside of our galaxy. What scientific questions could you ask about this planet?,Does the planet's atmospheric composition contain chemical signatures of biological processes that differ from carbon-based life on Earth?,SCTT-ResearchQuestion,gemini,18
gemini_206,PENCIL,Rub graphite from the pencil lead onto a sticky zipper to act as a dry lubricant for smoother movement.,AUT,gemini,19
gemini_206,You are introduced to a robot that can learn and think like humans. What scientific questions could you ask about this?,To what extent does the robot's neural architecture simulate the biological reward systems that drive human curiosity and motivation?,SCTT-ResearchQuestion,gemini,19
gemini_206,Develop as many design ideas as you can to help people with mobility impairments navigate stairs.,"Install a modular, low-profile motorized platform that glides along existing handrails to carry users up stairs.",Design,gemini,16
gemini_206,BUCKET,Turn a sturdy bucket upside down to use as a portable gardening stool or a percussion instrument.,AUT,gemini,17
gemini_206,mirror-face-reflection,"She peered into the silvered glass of the mirror. A stranger's face stared back with eyes full of secrets. The reflection didn't mimic her sudden, terrified gasp. Instead, it slowly reached a hand toward the glass.",Story,gemini,36
gemini_206,pen-paper-story,"The antique pen leaked ink onto the blank page. He struggled to find the words to start his story. Suddenly, the ink began to form letters on its own. A tale of lost worlds unfolded before his eyes.",Story,gemini,38
gemini_206,Develop as many design ideas as you can to assist people with memory impairments remember important tasks.,Develop an AR headset that highlights forgotten objects in the user's environment with glowing visual cues and audio reminders.,Design,gemini,19
gemini_206,You look outside one night and see stars disappearing one by one from the sky. What hypotheses do you have about why that is?,"A localized cloud of dense interstellar dust is passing between Earth and the star field, progressively obscuring the light.",SCTT-Hypothesis,gemini,19
gemini_206,bridge-river-cross,The ancient stone bridge spanned the rushing river. Travelers were told never to cross after the sun set. One brave girl stepped onto the mossy path at midnight. The water below whispered warnings she chose to ignore. She vanished into the mist before reaching the other side.,Story,gemini,47
gemini_206,BRICK,Heat a brick in an oven and wrap it in thick wool to create a long-lasting bed-warmer.,AUT,gemini,17
gemini_206,Develop as many design ideas as you can to reduce traffic congestion in mega cities.,Implement a system of AI-controlled transit pods that link together on highways and decouple for individual street navigation.,Design,gemini,18
gemini_207,Develop as many design ideas as you can to assist people with memory impairments remember important tasks.,"A haptic wristband that vibrates to signal routine tasks, using distinct rhythmic patterns to distinguish between medication, meals, and appointments.",Design,gemini,20
gemini_207,Develop as many design ideas as you can to reduce traffic congestion in mega cities.,Implement a network of underground automated freight tunnels to remove all commercial delivery trucks from surface-level city streets.,Design,gemini,18
gemini_207,key-door-lock,The rusty key turned slowly in his trembling hand. The heavy wooden door groaned as it resisted the pressure. He felt the lock finally snap open with a metallic click. Darkness and the smell of cedar waited on the other side.,Story,gemini,41
gemini_207,Develop as many design ideas as you can to help people with mobility impairments navigate stairs.,"Retractable, person-sized elevator platforms integrated directly into the side of existing staircases to preserve space while providing accessibility.",Design,gemini,18
gemini_207,bridge-river-cross,"The wooden bridge swayed precariously in the rising wind. Below, the river rushed violently over jagged, black rocks. We had to cross before the heavy storm clouds finally broke. Every step felt like a hard-won victory over our fear.",Story,gemini,39
gemini_207,You notice that the water in one lake is warmer than the water in another lake even though they both get the same amount of sunlight. What hypotheses do you have about why that is?,"The warmer lake may have lower water clarity or a darker sediment floor, allowing it to absorb and retain more solar thermal energy than the clearer lake.",SCTT-Hypothesis,gemini,27
gemini_207,Develop as many design ideas as you can to increase the use of renewable energy sources.,Require all new commercial buildings to install transparent solar-cell windows that generate electricity while allowing natural light to enter the workspace.,Design,gemini,21
gemini_207,You travel on a spaceship to a new planet outside of our galaxy. What scientific questions could you ask about this planet?,Does the planet possess a liquid iron core capable of generating a magnetosphere to protect its surface from harmful stellar radiation?,SCTT-ResearchQuestion,gemini,21
gemini_207,You look outside one night and see stars disappearing one by one from the sky. What hypotheses do you have about why that is?,"A massive, localized cloud of non-luminous interstellar dust is drifting into our line of sight, gradually obscuring the light from distant stars.",SCTT-Hypothesis,gemini,22
gemini_207,BRICK,Heat the brick in a fire and wrap it in a thick towel to serve as a long-lasting bed warmer for cold nights.,AUT,gemini,23
gemini_207,PENCIL,Use the graphite core as a dry lubricant by rubbing it onto a sticking jacket zipper to make it slide smoothly.,AUT,gemini,21
gemini_207,pen-paper-story,"He gripped the worn pen tightly as inspiration struck. The blank paper felt full of infinite, silent potential. He began to weave a story of distant stars and deep seas. By dawn, the ink had dried on his first masterpiece.",Story,gemini,40
gemini_207,KNIFE,Use the flat side of the blade as a reflective signaling device to bounce sunlight toward rescue teams in an emergency.,AUT,gemini,21
gemini_207,You are introduced to a robot that can learn and think like humans. What scientific questions could you ask about this?,How does the robot’s hardware architecture manage the energy-to-computation ratio compared to the metabolic efficiency of the human brain?,SCTT-ResearchQuestion,gemini,19
gemini_207,BUCKET,"Invert the bucket and cut a small archway into the rim to create a protective, cool shelter for toads in a garden.",AUT,gemini,22
gemini_207,mirror-face-reflection,She peered into the cracked silver mirror. Her face looked strangely pale in the dim moonlight. The reflection seemed to blink a second after she did. She realized with a chill that she was not alone in the room.,Story,gemini,39
gemini_208,You look outside one night and see stars disappearing one by one from the sky. What hypotheses do you have about why that is?,"A localized, high-density cloud of interstellar dust is passing through the solar system, progressively obscuring the light from distant stars.",SCTT-Hypothesis,gemini,20
gemini_208,mirror-face-reflection,"Elara gazed into the silvered mirror. 
A strange, unfamiliar face stared back at her. 
The reflection didn't mimic her smile. 
Instead, it reached out toward the glass.",Story,gemini,27
gemini_208,KNIFE,Use the flat side of the blade as an emergency signaling mirror to reflect sunlight toward rescuers.,AUT,gemini,17
gemini_208,PENCIL,Rub the graphite onto a sticky zipper or a stubborn key to serve as an effective dry lubricant.,AUT,gemini,18
gemini_208,Develop as many design ideas as you can to assist people with memory impairments remember important tasks.,Implement smart glasses that overlay digital task reminders and directional arrows onto the user's physical environment in real-time.,Design,gemini,18
gemini_208,Develop as many design ideas as you can to help people with mobility impairments navigate stairs.,"A modular, tread-based wheelchair attachment that allows the chair to climb stairs while keeping the seat perfectly level.",Design,gemini,18
gemini_208,Develop as many design ideas as you can to increase the use of renewable energy sources.,Integrate piezoelectric fibers into public road surfaces to convert the kinetic pressure of passing vehicles into usable electrical energy.,Design,gemini,19
gemini_208,Develop as many design ideas as you can to reduce traffic congestion in mega cities.,"A network of subterranean automated freight tunnels to handle all last-mile logistics, removing delivery trucks from surface roads.",Design,gemini,18
gemini_208,key-door-lock,"The rusted key finally turned in the heavy lock. 
The ancient door groaned as it swung inward. 
Dust motes danced in the sudden shaft of light. 
Something moved in the dark.",Story,gemini,31
gemini_208,You travel on a spaceship to a new planet outside of our galaxy. What scientific questions could you ask about this planet?,Does the planet's magnetosphere show evidence of interaction with a different dark matter density prevalent in its host galaxy?,SCTT-ResearchQuestion,gemini,19
gemini_208,pen-paper-story,"The pen scratched frantically across the yellowed paper. 
Every word of the story felt like a confession. 
Ink bled through the page like a dark secret. 
Finally, the tale was told.",Story,gemini,31
gemini_208,You are introduced to a robot that can learn and think like humans. What scientific questions could you ask about this?,Does the robot's cognitive architecture utilize quantum computing to simulate the non-linear processing found in human synaptic networks?,SCTT-ResearchQuestion,gemini,18
gemini_208,bridge-river-cross,"The crumbling bridge spanned the rushing river. 
We had to cross before the storm arrived. 
The wooden planks creaked under our weight. 
One more step and we reached the far bank.",Story,gemini,31
gemini_208,You notice that the water in one lake is warmer than the water in another lake even though they both get the same amount of sunlight. What hypotheses do you have about why that is?,The warmer lake may be situated over a thin crustal region where geothermal heat transfer from the mantle is significantly higher.,SCTT-Hypothesis,gemini,21
gemini_208,BRICK,A brick can be used as a thermal mass by heating it in an oven and placing it at the bottom of a cooler to keep food warm.,AUT,gemini,28
gemini_208,BUCKET,A bucket can be used as a makeshift air conditioner by filling it with ice and placing a fan over the top to blow cool air through side vents.,AUT,gemini,29
gemini_209,KNIFE,Use the highly polished blade as an emergency signal mirror to reflect sunlight toward rescuers.,AUT,gemini,15
gemini_209,BRICK,"An oven-heated brick wrapped in a towel serves as a portable, long-lasting bed warmer for cold winter nights.",AUT,gemini,18
gemini_209,You notice that the water in one lake is warmer than the water in another lake even though they both get the same amount of sunlight. What hypotheses do you have about why that is?,"The warmer lake likely has a significantly shallower average depth, allowing the same solar radiation to heat its smaller volume of water more rapidly.",SCTT-Hypothesis,gemini,24
gemini_209,You are introduced to a robot that can learn and think like humans. What scientific questions could you ask about this?,Does the robot’s neural architecture exhibit emergent properties like subjective qualia or sleep-cycle data pruning similar to biological brains?,SCTT-ResearchQuestion,gemini,19
gemini_209,pen-paper-story,"The old pen leaked ink onto the blank paper. Every smudge felt like a new word. Soon, a ghost story emerged from the darkness. He folded the sheet and let it fly away.",Story,gemini,33
gemini_209,BUCKET,"An inverted bucket makes a sturdy, portable pedestal for an impromptu garden sculpture display.",AUT,gemini,14
gemini_209,PENCIL,Rub the graphite tip onto a sticky zipper to act as a dry lubricant for a smoother glide.,AUT,gemini,18
gemini_209,key-door-lock,"The silver key turned smoothly in the ancient lock. Behind the door, a secret garden bloomed in silence. She stepped inside and heard the latch click. There was no turning back now.",Story,gemini,32
gemini_209,Develop as many design ideas as you can to help people with mobility impairments navigate stairs.,Install magnetic levitation platforms that glide over existing staircases to transport wheelchairs without mechanical friction.,Design,gemini,15
gemini_209,Develop as many design ideas as you can to reduce traffic congestion in mega cities.,Implement an AI-driven dynamic lane system that reverses road directions in real-time based on live congestion patterns.,Design,gemini,17
gemini_209,mirror-face-reflection,He stared into the cracked mirror. A strange face looked back instead of his own. The reflection winked and walked away from the glass. He was left alone in the empty room.,Story,gemini,32
gemini_209,Develop as many design ideas as you can to increase the use of renewable energy sources.,Integrate transparent solar-harvesting thin films into all skyscraper windows to turn city skylines into vertical power plants.,Design,gemini,17
gemini_209,Develop as many design ideas as you can to assist people with memory impairments remember important tasks.,Develop smart-glasses that overlay holographic prompts directly onto real-world objects to trigger situational task recall.,Design,gemini,15
gemini_209,You look outside one night and see stars disappearing one by one from the sky. What hypotheses do you have about why that is?,"A localized, high-density cloud of interstellar dust is passing between Earth and the distant star field, progressively obscuring light.",SCTT-Hypothesis,gemini,19
gemini_209,bridge-river-cross,"The stone bridge groaned under the weight of the travelers. Below, the river roared with spring snowmelt. They had to cross before the storm arrived. One step at a time, they reached the safety of the far bank.",Story,gemini,38
gemini_209,You travel on a spaceship to a new planet outside of our galaxy. What scientific questions could you ask about this planet?,Does the planet’s magnetosphere provide enough protection against its host star's radiation to sustain a stable atmosphere suitable for life?,SCTT-ResearchQuestion,gemini,20
gemini_210,pen-paper-story,The ink bled from the pen onto the rough paper. Every stroke formed a secret story. He watched the words come alive under the dim lamp. The tale was finally complete.,Story,gemini,31
gemini_210,Develop as many design ideas as you can to reduce traffic congestion in mega cities.,"Implement a subterranean, modular magnetic-levitation freight system to remove all delivery trucks from surface streets.",Design,gemini,15
gemini_210,You notice that the water in one lake is warmer than the water in another lake even though they both get the same amount of sunlight. What hypotheses do you have about why that is?,"One lake may have a geothermal vent at its basin, while the other is fed primarily by cold subterranean glacial meltwater.",SCTT-Hypothesis,gemini,21
gemini_210,Develop as many design ideas as you can to assist people with memory impairments remember important tasks.,"Augmented reality glasses that project persistent holographic ""sticky notes"" onto physical objects relevant to specific daily tasks.",Design,gemini,17
gemini_210,You look outside one night and see stars disappearing one by one from the sky. What hypotheses do you have about why that is?,"A localized, dense cloud of interstellar dust or a rogue dark nebula is drifting between Earth and the distant star field, progressively obscuring the light.",SCTT-Hypothesis,gemini,25
gemini_210,BRICK,Heat a brick in a fire and wrap it in cloth to use as a primitive bed warmer on cold nights.,AUT,gemini,21
gemini_210,mirror-face-reflection,She leaned closer to the silvered mirror. A strange face stared back with a knowing grin. The reflection didn't mimic her sudden gasp of horror. Glass shattered as she realized she was not alone.,Story,gemini,34
gemini_210,BUCKET,Flip a bucket over to create an improvised percussion drum for a street performance.,AUT,gemini,14
gemini_210,You travel on a spaceship to a new planet outside of our galaxy. What scientific questions could you ask about this planet?,How does the planet's magnetosphere interact with the unique solar wind of its parent star to protect potential biological precursors?,SCTT-ResearchQuestion,gemini,20
gemini_210,key-door-lock,"The heavy iron key felt cold in her trembling hand. She inserted it into the rusted lock and turned. The heavy door groaned as it swung open to the forgotten cellar. Darkness breathed out, welcoming her home.",Story,gemini,37
gemini_210,bridge-river-cross,A narrow wooden bridge spanned the rushing river. Travelers waited for the mist to clear before they dared to cross. The water roared against the unstable pillars below. One brave soul finally stepped onto the damp planks.,Story,gemini,37
gemini_210,KNIFE,Use a dull knife as a temporary shoehorn to help slide your foot into tight footwear.,AUT,gemini,16
gemini_210,PENCIL,Use a pencil as a miniature rolling pin to flatten small pieces of dough or craft clay.,AUT,gemini,17
gemini_210,You are introduced to a robot that can learn and think like humans. What scientific questions could you ask about this?,Could the robot's cognitive processes be governed by a synthetic neuro-endocrine system that mimics the way human hormones influence learning and priorities?,SCTT-ResearchQuestion,gemini,22
gemini_210,Develop as many design ideas as you can to increase the use of renewable energy sources.,Integrate piezoelectric tiles into high-traffic urban sidewalks to harvest kinetic energy from pedestrian movement and power street lighting.,Design,gemini,18
gemini_210,Develop as many design ideas as you can to help people with mobility impairments navigate stairs.,Install a synchronized array of step-integrated lift panels that rise in sequence to carry a mobility device up the flight of stairs.,Design,gemini,22
gemini_211,KNIFE,"Use the flat, polished side of the blade as an emergency signaling mirror to reflect sunlight toward rescuers.",AUT,gemini,18
gemini_211,bridge-river-cross,The wooden bridge creaked over the rushing river. Silas knew he had to cross before the storm broke. Each step was a gamble against the rotting timber. He reached the far bank just as the bridge finally collapsed.,Story,gemini,38
gemini_211,PENCIL,Rub the graphite onto paper to create a conductive pathway for a low-voltage DIY electronic circuit.,AUT,gemini,16
gemini_211,You notice that the water in one lake is warmer than the water in another lake even though they both get the same amount of sunlight. What hypotheses do you have about why that is?,"One lake may have a significantly higher concentration of dark, suspended silt that absorbs solar radiation much more efficiently than clear water.",SCTT-Hypothesis,gemini,22
gemini_211,Develop as many design ideas as you can to assist people with memory impairments remember important tasks.,"A wearable device that uses bone-conduction audio to provide subtle, location-based voice reminders for scheduled daily tasks.",Design,gemini,17
gemini_211,BRICK,Heat the brick in a fire and wrap it in heavy fabric to serve as a long-lasting thermal bed warmer.,AUT,gemini,20
gemini_211,Develop as many design ideas as you can to reduce traffic congestion in mega cities.,"Develop a city-wide network of autonomous, overhead gondolas that utilize existing utility poles to bypass ground-level traffic.",Design,gemini,17
gemini_211,BUCKET,Place a smartphone inside the bucket to use its curved interior as a low-tech acoustic megaphone for boosting volume.,AUT,gemini,19
gemini_211,You travel on a spaceship to a new planet outside of our galaxy. What scientific questions could you ask about this planet?,"Does the planet’s atmosphere contain isotopic ratios that suggest it was formed from the remains of a previous, extinct star system",SCTT-ResearchQuestion,gemini,21
gemini_211,You are introduced to a robot that can learn and think like humans. What scientific questions could you ask about this?,,SCTT-ResearchQuestion,gemini,0
gemini_211,You look outside one night and see stars disappearing one by one from the sky. What hypotheses do you have about why that is?,,SCTT-Hypothesis,gemini,0
gemini_211,Develop as many design ideas as you can to increase the use of renewable energy sources.,,Design,gemini,0
gemini_211,pen-paper-story,,Story,gemini,0
gemini_211,mirror-face-reflection,,Story,gemini,0
gemini_211,Develop as many design ideas as you can to help people with mobility impairments navigate stairs.,,Design,gemini,0
gemini_211,key-door-lock,,Story,gemini,0
gemini_212,PENCIL,Use the graphite core as an emergency lubricant for unsticking a stubborn door hinge or zipper.,AUT,gemini,16
gemini_212,BUCKET,Invert the bucket to create a localized micro-greenhouse that protects a delicate seedling from frost and wind.,AUT,gemini,17
gemini_212,bridge-river-cross,"The ancient stone bridge groaned under the weight of the lone traveler. Below, the rushing river sang a treacherous song of ice and jagged stones. He knew he must cross before the sun dipped behind the mountain peaks. With a final, heavy stride, his boots met solid ground on the other side.",Story,gemini,52
gemini_212,Develop as many design ideas as you can to assist people with memory impairments remember important tasks.,"Develop smart glasses that use augmented reality to overlay digital ""to-do"" icons directly onto the household objects required for a task.",Design,gemini,21
gemini_212,mirror-face-reflection,"Elias peered into the silvered glass of the antique mirror. A face he didn’t recognize stared back with a knowing, sinister smirk. He touched his cheek, but the reflection remained perfectly still. The cold realization set in that he was no longer alone in the room.",Story,gemini,46
gemini_212,Develop as many design ideas as you can to reduce traffic congestion in mega cities.,"Implement a dynamic ""modular road"" system where lane directions shift in real-time based on AI-monitored traffic flow density.",Design,gemini,18
gemini_212,You are introduced to a robot that can learn and think like humans. What scientific questions could you ask about this?,How does the robot's neural architecture manage the metabolic energy trade-offs required to sustain high-level heuristic reasoning compared to biological brains?,SCTT-ResearchQuestion,gemini,21
gemini_212,key-door-lock,"The heavy iron key felt cold and jagged in her trembling hand. She guided it into the rusted lock, praying the metal wouldn't snap. A resonant click echoed through the silent, dark hallway. Slowly, the heavy door swung open to reveal the light of a thousand candles.",Story,gemini,47
gemini_212,BRICK,"Heat a sterilized firebrick in an oven and wrap it in cloth to serve as a long-lasting, heavy-duty bed warmer.",AUT,gemini,20
gemini_212,You notice that the water in one lake is warmer than the water in another lake even though they both get the same amount of sunlight. What hypotheses do you have about why that is?,The warmer lake likely has a lower albedo due to darker bottom sediments or is being heated by localized geothermal springs beneath its floor.,SCTT-Hypothesis,gemini,24
gemini_212,pen-paper-story,The ink-stained pen danced across the parchment in the flickering candlelight. Every word etched onto the paper felt like a heavy weight lifted from her soul. This story was the only legacy she had left to leave behind. She signed her name and let the ink dry in the silence of the morning.,Story,gemini,53
gemini_212,You look outside one night and see stars disappearing one by one from the sky. What hypotheses do you have about why that is?,"An interstellar cloud of dense, non-reflective molecular dust is drifting between Earth and the distant star cluster, physically obscuring the light.",SCTT-Hypothesis,gemini,21
gemini_212,KNIFE,"Use the flat, polished side of the blade as a makeshift signaling mirror to reflect sunlight toward rescuers.",AUT,gemini,18
gemini_212,Develop as many design ideas as you can to help people with mobility impairments navigate stairs.,"Install modular, tread-based robotic strips that can be temporarily affixed to any standard staircase to automatically lift and carry manual wheelchairs.",Design,gemini,21
gemini_212,Develop as many design ideas as you can to increase the use of renewable energy sources.,Integrate transparent solar-harvesting film into all skyscraper windows to transform entire city skylines into massive vertical power plants.,Design,gemini,18
gemini_212,You travel on a spaceship to a new planet outside of our galaxy. What scientific questions could you ask about this planet?,Does the planet's magnetosphere provide sufficient protection against its host star's radiation to allow for the stable synthesis of complex organic molecules?,SCTT-ResearchQuestion,gemini,22
gemini_213,Develop as many design ideas as you can to assist people with memory impairments remember important tasks.,"Augmented reality glasses that project holographic, step-by-step visual cues directly onto the physical objects required for a specific task.",Design,gemini,19
gemini_213,You are introduced to a robot that can learn and think like humans. What scientific questions could you ask about this?,"Does the robot’s neural architecture allow for the emergence of subjective qualia or a ""phenomenal self"" similar to human consciousness?",SCTT-ResearchQuestion,gemini,20
gemini_213,BUCKET,Invert the bucket and use it as a makeshift acoustic amplifier for a smartphone's speakers.,AUT,gemini,15
gemini_213,pen-paper-story,"The silver pen danced across the parchment. Each word grounded the paper to the desk. Soon, a vibrant story bloomed from the ink. The characters breathed life into the silent room.",Story,gemini,31
gemini_213,PENCIL,Use the graphite end to lubricate a sticky door hinge or a jammed zipper.,AUT,gemini,14
gemini_213,Develop as many design ideas as you can to reduce traffic congestion in mega cities.,"Implement a network of modular, autonomous transit pods that travel on dedicated elevated magnetic-levitation rails.",Design,gemini,15
gemini_213,Develop as many design ideas as you can to help people with mobility impairments navigate stairs.,"Retractable, motorized rubber treads integrated into the base of wheelchairs to allow them to climb steps like a tank.",Design,gemini,19
gemini_213,BRICK,"Heat the brick in an oven and wrap it in a thick towel to serve as a long-lasting, rustic bed warmer.",AUT,gemini,21
gemini_213,key-door-lock,"He gripped the cold metal key tightly. The ancient wooden door groaned under his touch. He fumbled with the rusted lock until it clicked. Finally, the secrets of the attic were revealed.",Story,gemini,32
gemini_213,You look outside one night and see stars disappearing one by one from the sky. What hypotheses do you have about why that is?,"An immense, localized cloud of non-reflective cosmic dust is drifting between Earth and the distant stars, blocking their light.",SCTT-Hypothesis,gemini,19
gemini_213,bridge-river-cross,"The stone bridge arched over the roaring river. Travelers hurried to cross before the storm arrived. The water churned violently against the pillars. Safe on the other side, they watched the current.",Story,gemini,32
gemini_213,You travel on a spaceship to a new planet outside of our galaxy. What scientific questions could you ask about this planet?,Does the planet's atmospheric composition suggest the presence of metabolic byproducts from non-carbon-based life forms?,SCTT-ResearchQuestion,gemini,15
gemini_213,Develop as many design ideas as you can to increase the use of renewable energy sources.,Integrate transparent piezoelectric coatings into the windows of every urban skyscraper to convert wind vibrations into electrical power.,Design,gemini,18
gemini_213,You notice that the water in one lake is warmer than the water in another lake even though they both get the same amount of sunlight. What hypotheses do you have about why that is?,Submerged geothermal vents are heating the first lake's basin from the earth's crust.,SCTT-Hypothesis,gemini,13
gemini_213,mirror-face-reflection,She leaned toward the silver mirror. A strange face stared back with wide eyes. The reflection did not mimic her startled gasp. Silence filled the hallway as the image smiled.,Story,gemini,30
gemini_213,KNIFE,Use the flat side of the blade to crush garlic cloves or peppercorns effortlessly.,AUT,gemini,14
gemini_214,key-door-lock,"The rusted key felt heavy and cold in Elara’s trembling hand. She approached the heavy oak door that had remained sealed for centuries. With a sharp click, the lock finally surrendered to her touch. Sunlight spilled into the dark chamber, revealing a forgotten library.",Story,gemini,44
gemini_214,You travel on a spaceship to a new planet outside of our galaxy. What scientific questions could you ask about this planet?,Does the planet's atmospheric composition and core density suggest it was captured from a rogue star system during its formation?,SCTT-ResearchQuestion,gemini,20
gemini_214,bridge-river-cross,"The rope bridge swayed violently over the churning white water below. Kael took a deep breath, knowing he had to reach the other side before sunset. The river roared, threatening to swallow anyone who slipped. With one final leap, he managed to cross into the safety of the trees.",Story,gemini,49
gemini_214,Develop as many design ideas as you can to reduce traffic congestion in mega cities.,"Implement a dynamic, AI-controlled modular lane system that physically shifts barriers in real-time based on live traffic flow patterns.",Design,gemini,19
gemini_214,You are introduced to a robot that can learn and think like humans. What scientific questions could you ask about this?,How does the robot's architecture replicate the neurological pruning and synaptic plasticity required for true experiential learning rather than just algorithmic optimization?,SCTT-ResearchQuestion,gemini,22
gemini_214,BRICK,"A heavy-duty, heat-retaining sourdough bread stone for an outdoor fire pit.",AUT,gemini,11
gemini_214,BUCKET,"A portable, low-cost evaporative air cooler created by filling the bucket with ice and attaching a solar-powered fan to the lid.",AUT,gemini,21
gemini_214,Develop as many design ideas as you can to increase the use of renewable energy sources.,Integrate transparent solar harvesting thin-films into every skyscraper window and high-rise glass surface to turn cities into vertical power plants.,Design,gemini,20
gemini_214,pen-paper-story,"The ink from the silver pen bled slightly into the coarse yellow paper. Every word formed another chapter of a story that felt more like a memory. As the final sentence took shape, the world around the author began to dissolve. The fiction had become his new reality.",Story,gemini,48
gemini_214,Develop as many design ideas as you can to help people with mobility impairments navigate stairs.,"Install modular, gear-driven ""step-climbing"" tread attachments on standard wheelchairs that engage with standardized grooves on existing staircases.",Design,gemini,17
gemini_214,PENCIL,An emergency conductive bridge for repairing broken circuit board traces on a motherboard.,AUT,gemini,13
gemini_214,KNIFE,A rudimentary magnetic compass made by stroking the steel blade with a magnet and floating it on a leaf in still water.,AUT,gemini,22
gemini_214,You look outside one night and see stars disappearing one by one from the sky. What hypotheses do you have about why that is?,"A localized, high-density cloud of interstellar dust is passing between Earth and the distant stars, obscuring their light from view.",SCTT-Hypothesis,gemini,20
gemini_214,You notice that the water in one lake is warmer than the water in another lake even though they both get the same amount of sunlight. What hypotheses do you have about why that is?,"The warmer lake may be located above a geothermal vent or have a significantly darker, heat-absorbing sediment bed compared to the colder lake.",SCTT-Hypothesis,gemini,23
gemini_214,mirror-face-reflection,"Leo stared into the silvered mirror, searching for a sign of his youth. The face looking back was weathered and unfamiliar. He touched the glass, watching his reflection do the same with a slight, unnerving delay. He realized then that the man in the mirror was not him at all.",Story,gemini,50
gemini_214,Develop as many design ideas as you can to assist people with memory impairments remember important tasks.,"Smart eyewear that uses augmented reality to overlay digital ""post-it"" notes and directional arrows directly onto physical objects in the user's home.",Design,gemini,22
gemini_215,You travel on a spaceship to a new planet outside of our galaxy. What scientific questions could you ask about this planet?,What is the influence of the higher-density intergalactic radiation on the planet's atmospheric chemistry compared to planets within the Milky Way?,SCTT-ResearchQuestion,gemini,21
gemini_215,mirror-face-reflection,"Elara touched the cold surface of the antique mirror. Her face appeared distorted, shifting like liquid silver. She realized the reflection wasn't following her movements at all. It winked and stepped away into the darkness.",Story,gemini,35
gemini_215,BUCKET,Use an inverted bucket as a resonant bass drum for street performance by varying the striking location to change the pitch.,AUT,gemini,21
gemini_215,PENCIL,Use the wooden shavings from a sharpened pencil as highly flammable tinder for starting a fire in survival situations.,AUT,gemini,19
gemini_215,Develop as many design ideas as you can to help people with mobility impairments navigate stairs.,"Implement ""Step-Lift"" technology where individual stairs can flatten and rise vertically like mini-elevators upon sensor activation.",Design,gemini,16
gemini_215,Develop as many design ideas as you can to assist people with memory impairments remember important tasks.,Deploy smart-home projectors that cast interactive task reminders directly onto the physical surfaces where the actions need to be performed.,Design,gemini,20
gemini_215,bridge-river-cross,"The ancient stone bridge spanned the wide, rushing river. Locals warned that those who cross at midnight might never return. Jace didn't believe in ghost stories until he felt a cold hand on his shoulder. He ran across the cobblestones without looking back.",Story,gemini,43
gemini_215,key-door-lock,The heavy brass key turned slowly in the ancient lock. Behind the door lay a room filled with golden light and dust motes. Sarah realized she was the first person to enter in fifty years. She stepped inside and let the door swing shut.,Story,gemini,44
gemini_215,You notice that the water in one lake is warmer than the water in another lake even though they both get the same amount of sunlight. What hypotheses do you have about why that is?,The warmer lake likely sits atop a localized geothermal vent or possesses a darker sediment bed that absorbs more thermal energy.,SCTT-Hypothesis,gemini,21
gemini_215,BRICK,Use a clean brick in a toilet tank to displace water and reduce the volume used per flush for water conservation.,AUT,gemini,21
gemini_215,KNIFE,Use the flat side of a polished stainless steel blade as an emergency signaling mirror for search and rescue teams.,AUT,gemini,20
gemini_215,You look outside one night and see stars disappearing one by one from the sky. What hypotheses do you have about why that is?,"The stars are being obscured by a localized, high-altitude atmospheric plume of particulate matter or ice crystals moving across the observer's field of vision.",SCTT-Hypothesis,gemini,24
gemini_215,Develop as many design ideas as you can to increase the use of renewable energy sources.,Integrate transparent solar-harvesting films into all commercial and residential window glass to turn entire skylines into passive power plants.,Design,gemini,19
gemini_215,You are introduced to a robot that can learn and think like humans. What scientific questions could you ask about this?,Could the robot's ability to learn and think like a human lead to the spontaneous development of subjective qualia or a unique form of digital consciousness?,SCTT-ResearchQuestion,gemini,26
gemini_215,pen-paper-story,"He pushed the tip of his pen against the crisp white paper. Every word of the story felt like a heavy secret finally being told. By dawn, the desk was covered in ink-stained sheets. He had finally written his masterpiece.",Story,gemini,40
gemini_215,Develop as many design ideas as you can to reduce traffic congestion in mega cities.,"Implement a dynamic, AI-controlled subterranean vacuum-tube system for all freight and delivery logistics to remove heavy trucks from surface roads.",Design,gemini,20
gemini_216,BRICK,"Heat the brick in a fire and wrap it in a heavy towel to serve as a long-lasting, rustic bed warmer.",AUT,gemini,21
gemini_216,Develop as many design ideas as you can to increase the use of renewable energy sources.,Integrate transparent solar harvesting thin-films into all new commercial and residential window glass.,Design,gemini,13
gemini_216,You are introduced to a robot that can learn and think like humans. What scientific questions could you ask about this?,Does the robot’s cognitive architecture allow for the spontaneous development of sleep-like states to consolidate and prune learned information?,SCTT-ResearchQuestion,gemini,19
gemini_216,Develop as many design ideas as you can to reduce traffic congestion in mega cities.,"Implement a dynamic, AI-managed tolling system that adjusts prices second-by-second to maintain a constant flow of traffic.",Design,gemini,17
gemini_216,Develop as many design ideas as you can to assist people with memory impairments remember important tasks.,Wearable smart-glasses that use object recognition to overlay digital reminders directly onto relevant household items.,Design,gemini,15
gemini_216,pen-paper-story,"He gripped the silver pen tightly. The blank paper felt like an endless desert. Suddenly, ink flowed like a river of ideas. The story finally began to breathe on the page.",Story,gemini,31
gemini_216,You look outside one night and see stars disappearing one by one from the sky. What hypotheses do you have about why that is?,"An expansive, non-luminous cloud of interstellar dust is drifting between Earth and the distant star field, blocking visible light.",SCTT-Hypothesis,gemini,19
gemini_216,You travel on a spaceship to a new planet outside of our galaxy. What scientific questions could you ask about this planet?,What unique isotopic signatures are present in the planet's atmosphere that differentiate its formation from planets within our own galaxy?,SCTT-ResearchQuestion,gemini,20
gemini_216,bridge-river-cross,"The old wooden bridge creaked under his weight. Below, the river roared with icy fury. He needed to cross before the storm arrived. One final step brought him to the safety of the far bank.",Story,gemini,35
gemini_216,Develop as many design ideas as you can to help people with mobility impairments navigate stairs.,"Develop a motorized, tread-based attachment that can be retrofitted to any standard wheelchair for autonomous stair climbing.",Design,gemini,17
gemini_216,key-door-lock,"The rusty key turned with a satisfying click. He pushed the heavy door open into the dark hallway. The lock had held its secrets for decades. Now, the room was finally revealed.",Story,gemini,32
gemini_216,BUCKET,Invert the bucket and use it as a resonant percussion instrument for street performances.,AUT,gemini,14
gemini_216,You notice that the water in one lake is warmer than the water in another lake even though they both get the same amount of sunlight. What hypotheses do you have about why that is?,The warmer lake likely contains a darker substrate of sediment that absorbs and retains solar radiation more efficiently than the other.,SCTT-Hypothesis,gemini,21
gemini_216,KNIFE,"Use the flat, polished surface of a broad blade as an emergency signaling mirror to reflect sunlight toward rescuers.",AUT,gemini,19
gemini_216,PENCIL,Rub the graphite tip onto a sticking zipper to act as a dry lubricant for smoother movement.,AUT,gemini,17
gemini_216,mirror-face-reflection,"She stared into the antique mirror for hours. A stranger's face stared back with hollow eyes. Her own reflection had vanished into the silver backing. Silence filled the cold, empty room.",Story,gemini,31
gemini_217,bridge-river-cross,"The stone bridge arched over the rushing river like a frozen rainbow. 
Spirits waited for a weary traveler to cross into the unknown. 
He hesitated, watching the water churn with forgotten secrets. 
Finally, he stepped onto the mossy path and left the living world behind.",Story,gemini,45
gemini_217,PENCIL,Use the graphite shavings as a makeshift dry lubricant for a sticky door hinge.,AUT,gemini,14
gemini_217,You travel on a spaceship to a new planet outside of our galaxy. What scientific questions could you ask about this planet?,Does the local star's unique elemental composition influence the biochemical chirality of potential life forms on this planet?,SCTT-ResearchQuestion,gemini,18
gemini_217,key-door-lock,"The silver key felt cold against her trembling palm. 
She pressed it into the rusted lock and turned it until a heavy click echoed through the hall. 
Beyond the door, the air smelled of ancient dust and forgotten dreams.",Story,gemini,39
gemini_217,Develop as many design ideas as you can to assist people with memory impairments remember important tasks.,"Wearable augmented reality glasses that overlay digital ""breadcrumbs"" or visual cues directly onto physical objects to prompt necessary actions.",Design,gemini,19
gemini_217,KNIFE,Use the flat side of a polished steel blade as an emergency signaling mirror for search-and-rescue teams.,AUT,gemini,17
gemini_217,Develop as many design ideas as you can to reduce traffic congestion in mega cities.,"Implement a system of modular, autonomous ""sky-pods"" that travel along magnetic rails attached to existing building facades.",Design,gemini,17
gemini_217,Develop as many design ideas as you can to help people with mobility impairments navigate stairs.,"Install ""stair-climbing"" robotic exoskeletons at public transit hubs that users can temporarily dock into for vertical navigation.",Design,gemini,17
gemini_217,Develop as many design ideas as you can to increase the use of renewable energy sources.,Integrate transparent luminescent solar concentrators into all skyscraper windows to turn entire city skylines into vertical power plants.,Design,gemini,18
gemini_217,BRICK,"Heat a brick in a fire and wrap it in thick cloth to use as a long-lasting, portable bed warmer on a freezing night.",AUT,gemini,24
gemini_217,BUCKET,"Flip the bucket over and use it as a makeshift resonator or ""stump"" drum for street musical performances.",AUT,gemini,18
gemini_217,pen-paper-story,"The ink from the pen bled into the thirsty fibers of the yellowed paper. 
Word by word, a story of a lost kingdom began to breathe again. 
She didn't stop writing until the rising sun touched the horizon.",Story,gemini,38
gemini_217,mirror-face-reflection,"He stared into the silver mirror, but the face looking back wasn't his own. 
His reflection blinked slowly, a second late, and smiled a toothy, predatory grin. 
Panic surged as the glass began to ripple like water under a phantom touch.",Story,gemini,41
gemini_217,You notice that the water in one lake is warmer than the water in another lake even though they both get the same amount of sunlight. What hypotheses do you have about why that is?,One lake may be fed by submerged geothermal springs or possess a darker benthic layer that absorbs significantly more heat than the other.,SCTT-Hypothesis,gemini,23
gemini_217,You are introduced to a robot that can learn and think like humans. What scientific questions could you ask about this?,Does the robot’s architecture allow for the emergence of subjective qualia through the same integrated information thresholds found in the human brain?,SCTT-ResearchQuestion,gemini,22
gemini_217,You look outside one night and see stars disappearing one by one from the sky. What hypotheses do you have about why that is?,"A dense, localized cloud of interstellar dust or a ""Bok globule"" is moving across our line of sight, occulting the distant starlight.",SCTT-Hypothesis,gemini,22
gemini_218,You notice that the water in one lake is warmer than the water in another lake even though they both get the same amount of sunlight. What hypotheses do you have about why that is?,"One lake may be shallower with a darker sediment bed, allowing it to absorb and retain solar radiation more effectively than the deeper lake.",SCTT-Hypothesis,gemini,24
gemini_218,Develop as many design ideas as you can to increase the use of renewable energy sources.,Install kinetic-energy-harvesting floor tiles in all high-traffic urban pedestrian walkways.,Design,gemini,10
gemini_218,Develop as many design ideas as you can to help people with mobility impairments navigate stairs.,"Install modular, folding tread-lifts that convert staircases into motorized ramps on demand.",Design,gemini,12
gemini_218,PENCIL,Use the graphite core to draw conductive paths on paper for DIY touch-sensitive circuits.,AUT,gemini,14
gemini_218,Develop as many design ideas as you can to assist people with memory impairments remember important tasks.,AR glasses that project persistent digital reminders directly onto physical objects in the user's home.,Design,gemini,15
gemini_218,BUCKET,Use the bucket as a resonant acoustic chamber to amplify the volume of a smartphone speaker.,AUT,gemini,16
gemini_218,key-door-lock,"The iron key turned slowly in the ancient lock. The heavy door groaned, resisting my push. I stepped into the darkness of the forgotten tomb. My torch illuminated piles of glinting gold.",Story,gemini,32
gemini_218,pen-paper-story,I dipped the pen into the ink and touched it to the paper. A story began to breathe and pulse on the page. Every word felt like a secret shared between us. I wrote until the sun began to rise.,Story,gemini,40
gemini_218,bridge-river-cross,The narrow bridge looked fragile above the canyon river. We had to cross to reach the safety of the valley. Every gust of wind made the wooden planks scream. We sprinted across and didn't look back.,Story,gemini,36
gemini_218,You travel on a spaceship to a new planet outside of our galaxy. What scientific questions could you ask about this planet?,How does the planet’s close proximity to a pulsar affect the evolution and stability of its magnetosphere?,SCTT-ResearchQuestion,gemini,17
gemini_218,You look outside one night and see stars disappearing one by one from the sky. What hypotheses do you have about why that is?,The solar system is passing through a dense cloud of dark interstellar gas that is gradually obscuring distant stars.,SCTT-Hypothesis,gemini,19
gemini_218,Develop as many design ideas as you can to reduce traffic congestion in mega cities.,"Deploy autonomous, modular bus-pods that couple and decouple while in motion to dynamically optimize transit routes.",Design,gemini,16
gemini_218,KNIFE,"Use the flat, polished side of the blade as an emergency signal mirror for rescuers.",AUT,gemini,15
gemini_218,mirror-face-reflection,I stared into the cracked mirror in the hallway. My face looked pale and unfamiliar in the dim light. The reflection didn't follow my movements exactly. I realized I wasn't looking at myself at all.,Story,gemini,35
gemini_218,You are introduced to a robot that can learn and think like humans. What scientific questions could you ask about this?,Does the robot's architecture incorporate a process analogous to human REM sleep for long-term memory consolidation?,SCTT-ResearchQuestion,gemini,16
gemini_218,BRICK,"Use a heated brick wrapped in cloth as a long-lasting, radiant foot warmer for outdoor seating.",AUT,gemini,16
gemini_219,You look outside one night and see stars disappearing one by one from the sky. What hypotheses do you have about why that is?,"An expanding cloud of cold, non-luminous interstellar dust is passing between Earth and the distant stars, obscuring their light from our perspective.",SCTT-Hypothesis,gemini,22
gemini_219,Develop as many design ideas as you can to reduce traffic congestion in mega cities.,Implement a network of autonomous underground cargo pods to move logistics off surface streets during peak hours.,Design,gemini,17
gemini_219,KNIFE,Use the flat side of a chef's knife as a makeshift palette for mixing oil paints.,AUT,gemini,16
gemini_219,You travel on a spaceship to a new planet outside of our galaxy. What scientific questions could you ask about this planet?,How does the unique isotopic composition of this planet’s atmosphere reflect its formation history within a non-Milky Way galactic chemical environment?,SCTT-ResearchQuestion,gemini,21
gemini_219,You notice that the water in one lake is warmer than the water in another lake even though they both get the same amount of sunlight. What hypotheses do you have about why that is?,"The warmer lake is likely situated over a sub-lacustrine geothermal vent or has a significantly darker, more heat-absorbent silty bed than the other.",SCTT-Hypothesis,gemini,23
gemini_219,Develop as many design ideas as you can to increase the use of renewable energy sources.,Implement piezo-electric pavement in high-traffic pedestrian zones to harvest kinetic energy from footsteps for local grid use.,Design,gemini,17
gemini_219,pen-paper-story,The old man gripped his silver pen tightly. He pressed it against the yellowed paper with trembling hands. Every ink stroke slowly revealed a forgotten story. This was his final gift to the world.,Story,gemini,34
gemini_219,Develop as many design ideas as you can to help people with mobility impairments navigate stairs.,Install gyroscopic self-leveling tread platforms that transform existing stairs into a continuous escalator-like surface for wheelchairs.,Design,gemini,16
gemini_219,BUCKET,"Punch holes in the bottom and sides of a metal bucket to transform it into a portable, rustic charcoal fire pit for camping.",AUT,gemini,23
gemini_219,BRICK,"Carve a small cavity into the brick to use it as a clandestine, weighted geocaching container for hidden treasures.",AUT,gemini,19
gemini_219,key-door-lock,"She fumbled with the heavy brass key in the dark. The rusted lock finally groaned and yielded to her effort. The door creaked open, revealing a dusty, forgotten room. Hope flared as she stepped inside the sanctuary.",Story,gemini,37
gemini_219,bridge-river-cross,The ancient stone bridge arched gracefully over the rushing water. No one dared to cross the river during the midnight storm. Legends said the wood spirits guarded the other side. Only the brave found the hidden path.,Story,gemini,37
gemini_219,Develop as many design ideas as you can to assist people with memory impairments remember important tasks.,Design smart eyeglasses that project subtle augmented-reality cues to highlight the location of misplaced items or upcoming schedule reminders.,Design,gemini,19
gemini_219,You are introduced to a robot that can learn and think like humans. What scientific questions could you ask about this?,Does this robot's cognitive architecture utilize quantum entanglement to replicate the non-deterministic nature of human decision-making?,SCTT-ResearchQuestion,gemini,16
gemini_219,mirror-face-reflection,"He stared into the silver mirror for an hour. A different face stared back with a haunting, unfamiliar grin. The reflection moved independently of his own frozen body. He realized the glass was no longer a barrier.",Story,gemini,37
gemini_219,PENCIL,Use the graphite core of a pencil as a dry lubricant to fix a sticking metal zipper.,AUT,gemini,17
gemini_220,Develop as many design ideas as you can to increase the use of renewable energy sources.,Install piezoelectric floor tiles in high-traffic transit hubs to convert foot traffic into electricity.,Design,gemini,14
gemini_220,Develop as many design ideas as you can to help people with mobility impairments navigate stairs.,"Develop a modular, portable stair-climbing track system that attaches to any manual wheelchair.",Design,gemini,13
gemini_220,You notice that the water in one lake is warmer than the water in another lake even though they both get the same amount of sunlight. What hypotheses do you have about why that is?,"The warmer lake may have a higher concentration of suspended dark particulates or algae, lowering its albedo and increasing heat absorption.",SCTT-Hypothesis,gemini,21
gemini_220,BRICK,"Use a heated brick wrapped in a towel as a long-lasting, eco-friendly bed warmer for cold nights.",AUT,gemini,17
gemini_220,KNIFE,Use the spine of a dull knife as a makeshift striker for a ferrocerium rod to start a survival fire.,AUT,gemini,20
gemini_220,BUCKET,"Use an inverted plastic bucket as a portable, waterproof seat for gardening or fishing.",AUT,gemini,14
gemini_220,bridge-river-cross,"The stone bridge spanned the wide, churning river. Travelers gathered at the edge, waiting for their turn to cross. One brave soul waded through the shallows instead. He reached the other side just as the sun set.",Story,gemini,37
gemini_220,PENCIL,Use a pencil's graphite as a dry lubricant to fix a sticking door lock.,AUT,gemini,14
gemini_220,pen-paper-story,"He found an old pen in the attic. The yellowed paper waited patiently for the ink to flow. Soon, a ghost story unfolded across the textured surface. Every word felt like a secret whispered from the past.",Story,gemini,37
gemini_220,You look outside one night and see stars disappearing one by one from the sky. What hypotheses do you have about why that is?,"A massive, non-luminous cloud of interstellar dust is passing between the Earth and the star cluster, blocking the light.",SCTT-Hypothesis,gemini,19
gemini_220,mirror-face-reflection,"She leaned into the ornate mirror to inspect her face. Suddenly, her reflection reached out and touched the glass from the other side. She froze in terror as the image began to weep. The glass felt ice cold against her skin.",Story,gemini,41
gemini_220,key-door-lock,"He turned the silver key until the lock yielded with a heavy thud. The door swung wide, revealing a hidden garden. Sunlight bathed the flowers in golden hues. He stepped inside and left the world behind.",Story,gemini,36
gemini_220,You travel on a spaceship to a new planet outside of our galaxy. What scientific questions could you ask about this planet?,"What is the isotopic composition of the planet’s atmosphere, and does it suggest a common origin with our own solar system?",SCTT-ResearchQuestion,gemini,21
gemini_220,Develop as many design ideas as you can to assist people with memory impairments remember important tasks.,Use haptic-feedback wearables that vibrate when the user passes a location-based beacon placed near an important task.,Design,gemini,17
gemini_220,Develop as many design ideas as you can to reduce traffic congestion in mega cities.,Create a subterranean network of high-speed automated freight tunnels to remove heavy delivery trucks from surface streets.,Design,gemini,17
gemini_220,You are introduced to a robot that can learn and think like humans. What scientific questions could you ask about this?,"Does the robot’s learning algorithm incorporate a mechanism for ""forgetting"" or ""dreaming"" to optimize long-term memory and pattern recognition?",SCTT-ResearchQuestion,gemini,19
gemini_221,BRICK,A heavy-duty paperweight for securing blueprints at a windy outdoor construction site.,AUT,gemini,12
gemini_221,BUCKET,"Turned upside down, it serves as a sturdy, portable pedestal for a street performer.",AUT,gemini,14
gemini_221,mirror-face-reflection,"He stared into the cracked mirror, barely recognizing the tired face looking back. The reflection seemed to move a second slower than he did. He touched the cold glass, tracing the lines of age. Suddenly, the image winked, though his own eyes remained wide with terror.",Story,gemini,46
gemini_221,KNIFE,A makeshift flathead screwdriver for tightening loose screws on household furniture.,AUT,gemini,11
gemini_221,You travel on a spaceship to a new planet outside of our galaxy. What scientific questions could you ask about this planet?,Does the planet's atmospheric composition suggest the presence of metabolic byproducts that differ from those found in our own galaxy?,SCTT-ResearchQuestion,gemini,20
gemini_221,Develop as many design ideas as you can to assist people with memory impairments remember important tasks.,Smart glasses that project holographic reminders directly onto the physical objects associated with a specific task.,Design,gemini,16
gemini_221,key-door-lock,"The rusted key felt heavy and cold in her trembling hand. She carefully inserted it into the ancient lock, praying it wouldn't snap. With a mechanical groan, the heavy door finally yielded to her push. Sunlight flooded the room, revealing secrets hidden for a century.",Story,gemini,45
gemini_221,You notice that the water in one lake is warmer than the water in another lake even though they both get the same amount of sunlight. What hypotheses do you have about why that is?,The warmer lake may be fed by subterranean geothermal springs that heat the water from beneath the lakebed.,SCTT-Hypothesis,gemini,18
gemini_221,Develop as many design ideas as you can to reduce traffic congestion in mega cities.,"Implementing a system of modular, autonomous transit pods that utilize magnetic levitation tracks mounted to the exterior of existing skyscrapers.",Design,gemini,20
gemini_221,You are introduced to a robot that can learn and think like humans. What scientific questions could you ask about this?,How does the robot’s architecture manage the integration of conflicting heuristic data when making subjective ethical judgments?,SCTT-ResearchQuestion,gemini,17
gemini_221,Develop as many design ideas as you can to increase the use of renewable energy sources.,Replacing standard glass in urban skyscrapers with transparent photovoltaic windows to turn entire cities into vertical solar farms.,Design,gemini,18
gemini_221,pen-paper-story,"He pressed the ink-stained pen against the texture of the handmade paper. A sprawling story began to emerge from the rhythmic scratching of the nib. Every word felt like a tether to a world he had long forgotten. By midnight, the last chapter was finally complete.",Story,gemini,46
gemini_221,bridge-river-cross,"The ancient stone bridge arched precariously over the white water of the river. To reach safety, the travelers knew they must cross before the structural cracks widened further. They moved in single file, hearts pounding against their ribs. On the other side, they watched as the first stone finally tumbled into the depths.",Story,gemini,53
gemini_221,Develop as many design ideas as you can to help people with mobility impairments navigate stairs.,"Deployable, retractable caterpillar tracks integrated into the base of wheelchairs to allow for seamless stair navigation.",Design,gemini,16
gemini_221,You look outside one night and see stars disappearing one by one from the sky. What hypotheses do you have about why that is?,"An undetected, high-density cloud of interstellar dust is passing through our solar system and obscuring the light from distant stars.",SCTT-Hypothesis,gemini,20
gemini_221,PENCIL,Rubbing the graphite tip onto a sticking zipper to act as a dry lubricant.,AUT,gemini,14
gemini_222,Develop as many design ideas as you can to reduce traffic congestion in mega cities.,"Implement a network of modular, autonomous 'hover-pods' that travel via existing utility pole infrastructure to bypass ground-level roads.",Design,gemini,18
gemini_222,PENCIL,Use the graphite tip as a dry lubricant for a stiff zipper.,AUT,gemini,12
gemini_222,You travel on a spaceship to a new planet outside of our galaxy. What scientific questions could you ask about this planet?,Does the unique chemical composition of this galaxy’s nebula affect the isotopic signatures found in the planet's crust?,SCTT-ResearchQuestion,gemini,18
gemini_222,mirror-face-reflection,He stared into the silver mirror. A stranger's face looked back. The reflection moved a second too late. He realized he was not alone.,Story,gemini,24
gemini_222,BUCKET,Use it as a makeshift acoustic amplifier by placing a smartphone inside to resonate and boost the sound.,AUT,gemini,18
gemini_222,You are introduced to a robot that can learn and think like humans. What scientific questions could you ask about this?,Does the robot's architecture utilize quantum entanglement to replicate the parallel processing capabilities of a biological brain?,SCTT-ResearchQuestion,gemini,17
gemini_222,bridge-river-cross,The stone bridge spanned the rushing river. He needed to cross before dawn. The current pulled at the pillars. He took a deep breath and stepped.,Story,gemini,26
gemini_222,You notice that the water in one lake is warmer than the water in another lake even though they both get the same amount of sunlight. What hypotheses do you have about why that is?,The warmer lake may have a darker bed composition that more efficiently absorbs and retains thermal energy from solar radiation.,SCTT-Hypothesis,gemini,20
gemini_222,You look outside one night and see stars disappearing one by one from the sky. What hypotheses do you have about why that is?,"A massive, opaque cloud of interstellar dust is passing between Earth and the distant star field.",SCTT-Hypothesis,gemini,16
gemini_222,Develop as many design ideas as you can to help people with mobility impairments navigate stairs.,"Implement retractable, sensor-driven floor panels that convert existing staircases into smooth-rising elevator platforms.",Design,gemini,13
gemini_222,key-door-lock,She gripped the cold key. The ancient door creaked softly. She turned the lock with a snap. The mystery was finally revealed.,Story,gemini,22
gemini_222,pen-paper-story,His pen danced across the paper. A story began to take shape. Every sentence revealed a hidden truth. He finished with a flourish.,Story,gemini,23
gemini_222,KNIFE,Use the flat side of the blade as an emergency signal mirror to reflect sunlight toward rescuers.,AUT,gemini,17
gemini_222,Develop as many design ideas as you can to increase the use of renewable energy sources.,Mandate the installation of transparent solar-harvesting glass on all new high-rise window surfaces.,Design,gemini,13
gemini_222,BRICK,"Use a heated brick wrapped in fabric as a reusable, long-lasting bed warmer.",AUT,gemini,13
gemini_222,Develop as many design ideas as you can to assist people with memory impairments remember important tasks.,"Utilize augmented reality glasses that overlay directional ""digital breadcrumbs"" and hovering text labels onto physical objects in the home.",Design,gemini,19
gemini_223,Develop as many design ideas as you can to assist people with memory impairments remember important tasks.,Smart floor tiles that illuminate a colored path to guide the user to their next scheduled activity.,Design,gemini,17
gemini_223,mirror-face-reflection,She stared into the antique mirror. A different face stared back with a knowing grin. The reflection reached out a cold hand. She froze in silent terror.,Story,gemini,27
gemini_223,Develop as many design ideas as you can to help people with mobility impairments navigate stairs.,A modular staircase that uses pressure sensors to automatically flatten its steps into a continuous ramp for wheelchairs.,Design,gemini,18
gemini_223,Develop as many design ideas as you can to reduce traffic congestion in mega cities.,A subterranean network of automated delivery pods to remove all small-freight traffic from city streets.,Design,gemini,15
gemini_223,You notice that the water in one lake is warmer than the water in another lake even though they both get the same amount of sunlight. What hypotheses do you have about why that is?,"The warmer lake likely has a darker bed or higher turbidity, which increases its capacity to absorb and retain solar heat.",SCTT-Hypothesis,gemini,21
gemini_223,bridge-river-cross,"The ancient stone bridge spanned the rushing river. No traveler dared to cross after sunset. Spirits were said to haunt the arches. Tonight, the moon revealed their shadows.",Story,gemini,28
gemini_223,pen-paper-story,"He gripped the silver pen tightly. The blank paper felt like an endless desert. Finally, the first line of the story emerged. Ink flowed like blood onto the page.",Story,gemini,29
gemini_223,You look outside one night and see stars disappearing one by one from the sky. What hypotheses do you have about why that is?,"A dense, localized cloud of interstellar dust is drifting into our solar system's line of sight and obscuring the stars.",SCTT-Hypothesis,gemini,20
gemini_223,KNIFE,"Use the flat, polished side of a large knife as a makeshift signal mirror to attract attention in survival situations.",AUT,gemini,20
gemini_223,BRICK,"Heat a brick in a campfire and wrap it in a towel to use as a long-lasting, portable heater for a sleeping bag.",AUT,gemini,23
gemini_223,You are introduced to a robot that can learn and think like humans. What scientific questions could you ask about this?,To what extent does the robot's neural architecture replicate the biological process of synaptic pruning found in human cognitive development?,SCTT-ResearchQuestion,gemini,20
gemini_223,You travel on a spaceship to a new planet outside of our galaxy. What scientific questions could you ask about this planet?,Does the planet's atmospheric chemical composition suggest a state of disequilibrium that could only be maintained by biological life?,SCTT-ResearchQuestion,gemini,19
gemini_223,BUCKET,Use an upside-down bucket as a makeshift resonant drum for an impromptu outdoor musical performance.,AUT,gemini,15
gemini_223,Develop as many design ideas as you can to increase the use of renewable energy sources.,Incorporate transparent solar-harvesting glass into all skyscraper windows to transform entire urban skylines into power generators.,Design,gemini,16
gemini_223,key-door-lock,"The golden key fit perfectly into the ancient lock. With a heavy thud, the door swung inward. A cold breeze rushed out to greet him. He stepped into the darkness with a racing heart.",Story,gemini,34
gemini_223,PENCIL,Use a pencil as a temporary emergency splint to stabilize a fractured finger.,AUT,gemini,13
gemini_224,You notice that the water in one lake is warmer than the water in another lake even though they both get the same amount of sunlight. What hypotheses do you have about why that is?,"The warmer lake might have a higher concentration of suspended dark particulates or algae, lowering its albedo and allowing it to absorb more thermal energy from the same amount of sunlight.",SCTT-Hypothesis,gemini,31
gemini_224,pen-paper-story,"The ink from the pen bled into the dry paper. Every drop formed a word that breathed life into an ancient story. Soon, the characters stepped off the page and into the room. I realized then that some tales are too hungry to stay written.",Story,gemini,45
gemini_224,KNIFE,Use the polished flat of the blade as an emergency signal mirror to catch sunlight and alert distant rescuers.,AUT,gemini,19
gemini_224,Develop as many design ideas as you can to increase the use of renewable energy sources.,"Integrate transparent, high-efficiency solar harvesting films into all residential and commercial window glass.",Design,gemini,13
gemini_224,PENCIL,Shave the graphite into a fine powder to use as a makeshift dry lubricant for a sticky door hinge or lock.,AUT,gemini,21
gemini_224,bridge-river-cross,"The stone bridge groaned under the weight of the traveler. Below, the river roared with the fury of a mountain storm. To cross meant leaving the past behind forever. He took a single step, and the water fell silent.",Story,gemini,39
gemini_224,mirror-face-reflection,"She leaned toward the silvered glass of the antique mirror. A familiar face stared back, but the eyes didn't move when hers did. Her reflection smiled, revealing a secret she had forgotten decades ago. She touched the cold surface and felt a pulse.",Story,gemini,43
gemini_224,You look outside one night and see stars disappearing one by one from the sky. What hypotheses do you have about why that is?,"A massive, low-density cloud of interstellar dust is slowly drifting across our line of sight, progressively obscuring the light from distant star systems.",SCTT-Hypothesis,gemini,23
gemini_224,BRICK,"Heat a brick in a fire and wrap it in heavy cloth to serve as a long-lasting, portable bed warmer for cold winter nights.",AUT,gemini,24
gemini_224,BUCKET,"Mount several buckets sideways on a post to serve as a vertical, space-saving nesting system for backyard chickens.",AUT,gemini,18
gemini_224,Develop as many design ideas as you can to assist people with memory impairments remember important tasks.,A wearable device that uses directional haptic pulses on the wrist to physically nudge the user toward the location of their next scheduled task.,Design,gemini,24
gemini_224,key-door-lock,"The heavy iron key turned with a satisfying click inside the lock. Behind the door lay a room filled with nothing but moonlight. He had waited twenty years for this moment of absolute quiet. Finally, the secrets were within his reach.",Story,gemini,41
gemini_224,You are introduced to a robot that can learn and think like humans. What scientific questions could you ask about this?,"Does the robot's learning algorithm incorporate a sleep-cycle equivalent to consolidate memory and prune irrelevant data, mimicking human neuroplasticity?",SCTT-ResearchQuestion,gemini,19
gemini_224,You travel on a spaceship to a new planet outside of our galaxy. What scientific questions could you ask about this planet?,Does the planet’s magnetosphere interact with the unique cosmic ray background of its galaxy in a way that produces novel auroral phenomena?,SCTT-ResearchQuestion,gemini,22
gemini_224,Develop as many design ideas as you can to reduce traffic congestion in mega cities.,Replace traditional intersections with a decentralized AI grid that communicates directly with autonomous vehicles to eliminate the need for traffic lights.,Design,gemini,21
gemini_224,Develop as many design ideas as you can to help people with mobility impairments navigate stairs.,"Install modular, retractable tread-leveling plates that transform standard staircases into a smooth, inclined ramp on demand for wheelchair users.",Design,gemini,19
gemini_225,BUCKET,Turn it upside down to serve as a rhythmic bass drum for an impromptu street performance.,AUT,gemini,16
gemini_225,bridge-river-cross,"The stone bridge groaned under the traveler's weight. Below, the churning river sang a song of icy depths. He knew he had to cross before the winter storm arrived. With a final leap, he reached the safety of the muddy bank.",Story,gemini,41
gemini_225,Develop as many design ideas as you can to assist people with memory impairments remember important tasks.,Smart glasses that overlay digital labels and holographic reminders directly onto relevant physical objects in the user's home.,Design,gemini,18
gemini_225,You are introduced to a robot that can learn and think like humans. What scientific questions could you ask about this?,How does the robot’s neural architecture handle the energy-to-plasticity ratio during deep learning compared to a biological human brain?,SCTT-ResearchQuestion,gemini,19
gemini_225,Develop as many design ideas as you can to reduce traffic congestion in mega cities.,Implement a subterranean high-speed magnetic-levitation freight network to remove all heavy delivery vehicles from urban surface streets.,Design,gemini,17
gemini_225,PENCIL,Use the graphite core as an emergency conductive bridge to repair a broken circuit on a low-voltage electronics board.,AUT,gemini,19
gemini_225,pen-paper-story,"She gripped the silver pen until her knuckles turned white. The blank paper seemed to mock her silence in the dim light. Suddenly, the first ink stroke bled into a haunting word. By dawn, a complete story lay breathing on the desk.",Story,gemini,42
gemini_225,BRICK,Use it as a thermal mass inside a small cooler to keep items warm instead of cold during winter transport.,AUT,gemini,20
gemini_225,KNIFE,"Use the flat, polished side of the blade as an emergency signaling mirror to catch sunlight and alert rescue teams.",AUT,gemini,20
gemini_225,key-door-lock,"The rusty key resisted the ancient, frozen mechanism. He turned it hard, hearing the lock finally click with a heavy thud. The door swung inward to reveal a room lost to dust and time. He stepped inside, leaving the world behind forever.",Story,gemini,42
gemini_225,You travel on a spaceship to a new planet outside of our galaxy. What scientific questions could you ask about this planet?,Does the isotopic signature of the planet’s atmosphere suggest a formation history consistent with the chemical evolution of its specific host galaxy?,SCTT-ResearchQuestion,gemini,22
gemini_225,Develop as many design ideas as you can to increase the use of renewable energy sources.,Integrate transparent solar harvesting thin-films into all new high-rise window glass to turn entire city skylines into vertical power plants.,Design,gemini,20
gemini_225,Develop as many design ideas as you can to help people with mobility impairments navigate stairs.,"A modular, high-pressure CO2-powered inflatable ramp system that can be quickly deployed over any standard staircase for temporary access.",Design,gemini,19
gemini_225,You look outside one night and see stars disappearing one by one from the sky. What hypotheses do you have about why that is?,"A dense, localized cloud of non-reflective interstellar dust is passing between Earth and the distant stars, obscuring them from view.",SCTT-Hypothesis,gemini,20
gemini_225,You notice that the water in one lake is warmer than the water in another lake even though they both get the same amount of sunlight. What hypotheses do you have about why that is?,The warmer lake is situated above a shallow geothermal vent that continuously heats the water from the basin floor.,SCTT-Hypothesis,gemini,19
gemini_225,mirror-face-reflection,"He stared into the cracked mirror, barely recognizing the tired face staring back. The reflection blinked a second later than he did. Cold dread washed over him as the image began to smile independently. He realized then that he was no longer the one in control.",Story,gemini,46
gemini_226,You look outside one night and see stars disappearing one by one from the sky. What hypotheses do you have about why that is?,"A localized, high-altitude plume of atmospheric particulates is drifting across the observer's field of vision, obscuring the light of distant stars sequentially.",SCTT-Hypothesis,gemini,22
gemini_226,BUCKET,Use it as a gravity-fed reservoir for a DIY drip irrigation system in a small garden.,AUT,gemini,16
gemini_226,Develop as many design ideas as you can to reduce traffic congestion in mega cities.,"Deploy autonomous, overhead cable-car systems for individual commuters to bypass ground-level congestion entirely.",Design,gemini,13
gemini_226,PENCIL,Use the wooden casing as a temporary splint for a broken finger in an emergency.,AUT,gemini,15
gemini_226,You are introduced to a robot that can learn and think like humans. What scientific questions could you ask about this?,Does your underlying software architecture utilize a reward-shaping algorithm that mimics the dopaminergic pathways found in the human limbic system?,SCTT-ResearchQuestion,gemini,20
gemini_226,mirror-face-reflection,"The silvered mirror hung crookedly on the peeling wallpaper. I stared at my face, tracing the lines that shouldn't be there yet. My reflection blinked, but I did not. Panic surged as the image in the glass began to smile on its own.",Story,gemini,43
gemini_226,Develop as many design ideas as you can to increase the use of renewable energy sources.,Mandate the installation of kinetic energy harvesters beneath high-traffic roadways to power street lighting via vehicle vibrations.,Design,gemini,17
gemini_226,You notice that the water in one lake is warmer than the water in another lake even though they both get the same amount of sunlight. What hypotheses do you have about why that is?,One lake may be positioned over a localized geothermal hotspot or thin crustal area that conducts internal planetary heat to the water.,SCTT-Hypothesis,gemini,22
gemini_226,BRICK,Grind it into a fine powder to create a pigment-rich base for traditional masonry paint.,AUT,gemini,15
gemini_226,Develop as many design ideas as you can to help people with mobility impairments navigate stairs.,Design a stair-climbing wheelchair attachment that utilizes a planetary wheel system to smoothly navigate standard steps.,Design,gemini,16
gemini_226,You travel on a spaceship to a new planet outside of our galaxy. What scientific questions could you ask about this planet?,Does the planet’s magnetic field exhibit a polarity and strength sufficient to shield its surface from the unique cosmic ray flux of an extragalactic environment?,SCTT-ResearchQuestion,gemini,25
gemini_226,pen-paper-story,"A single pen rested on the stack of blank paper. He began to write a story about a world without color. The ink bled into the fibers like a spreading shadow. Soon, the white pages were filled with his dark imagination.",Story,gemini,41
gemini_226,bridge-river-cross,"The bridge groaned as the ice-choked river surged against its stone piers. To cross now was a dangerous gamble against nature itself. She moved quickly, her boots slipping on the frosted stones. Safe on the bank, she watched the structure finally succumb to the current.",Story,gemini,45
gemini_226,key-door-lock,The key was cold in her hand as she approached the heavy oak door. She felt the lock resist before finally giving way with a sharp metallic snap. The room inside was exactly as she had left it twenty years ago. She stepped through and closed the world away.,Story,gemini,49
gemini_226,KNIFE,Stick it vertically into the ground to serve as the gnomon for a makeshift sundial.,AUT,gemini,15
gemini_226,Develop as many design ideas as you can to assist people with memory impairments remember important tasks.,Create an e-ink wall-paint that displays context-aware task lists and schedules which update based on the user's proximity.,Design,gemini,18
gemini_227,KNIFE,Stick it vertically into the ground to serve as a makeshift sundial.,AUT,gemini,12
gemini_227,You look outside one night and see stars disappearing one by one from the sky. What hypotheses do you have about why that is?,A massive cloud of non-reflective interstellar dust is slowly passing between the Earth and the distant star field.,SCTT-Hypothesis,gemini,18
gemini_227,bridge-river-cross,"The stone bridge spanned the churning river.
He needed to cross to reach the safety of the village.
The wood creaked under his cautious steps.
Finally, he reached the far bank and didn't look back.",Story,gemini,35
gemini_227,Develop as many design ideas as you can to increase the use of renewable energy sources.,Integrate transparent solar-cell technology into all urban window glass to turn buildings into vertical power plants.,Design,gemini,16
gemini_227,mirror-face-reflection,"He looked in the mirror to adjust his tie.
The face in the reflection did not follow his movements.
It simply watched him with a cold, unblinking stare.
He realized then that he was the one trapped.",Story,gemini,37
gemini_227,You are introduced to a robot that can learn and think like humans. What scientific questions could you ask about this?,"Does the robot possess a mechanism for ""forgetting"" inefficient data pathways similar to biological synaptic pruning?",SCTT-ResearchQuestion,gemini,16
gemini_227,BUCKET,Use it as an acoustic amplifier for a smartphone by placing the device inside.,AUT,gemini,14
gemini_227,pen-paper-story,"She gripped the pen and stared at the empty paper.
A story began to take shape with every stroke of ink.
The words danced across the page like living things.
Soon, the entire room was filled with the scent of old parchment.",Story,gemini,42
gemini_227,key-door-lock,"He inserted the silver key into the heavy lock.
The door opened with a groan of ancient hinges.
Dust motes danced in the sudden shaft of light.
He finally stepped into the room he had seen in his dreams.",Story,gemini,39
gemini_227,Develop as many design ideas as you can to help people with mobility impairments navigate stairs.,"Incorporate hidden, retractable ramps within the stair structure that deploy only when a mobility device is detected.",Design,gemini,17
gemini_227,You notice that the water in one lake is warmer than the water in another lake even though they both get the same amount of sunlight. What hypotheses do you have about why that is?,One lake may sit atop a localized geothermal vent that provides a secondary heat source from the Earth's crust.,SCTT-Hypothesis,gemini,19
gemini_227,Develop as many design ideas as you can to assist people with memory impairments remember important tasks.,"Deploy ""Contextual Haptic Wearables"" that vibrate when the user is near a physical location associated with an upcoming task.",Design,gemini,19
gemini_227,Develop as many design ideas as you can to reduce traffic congestion in mega cities.,"Implement a city-wide network of autonomous, subterranean freight tunnels to relocate all commercial deliveries away from surface roads.",Design,gemini,18
gemini_227,PENCIL,Use the graphite to draw a conductive path for a simple DIY electrical circuit.,AUT,gemini,14
gemini_227,You travel on a spaceship to a new planet outside of our galaxy. What scientific questions could you ask about this planet?,How does the planet's magnetic field interact with the unique cosmic radiation of its parent galaxy?,SCTT-ResearchQuestion,gemini,16
gemini_227,BRICK,"Hollow out the center to create a heavy, industrial-style succulent planter.",AUT,gemini,11
gemini_228,key-door-lock,Elias found a rusted key buried in the garden. He tried it in the heavy iron door of the cellar. The lock clicked with a satisfying snap. Dust motes danced as the hinges groaned open.,Story,gemini,35
gemini_228,Develop as many design ideas as you can to increase the use of renewable energy sources.,Mandate the installation of transparent solar harvesting films on all new commercial window glass.,Design,gemini,14
gemini_228,BUCKET,Turn it upside down to use as a portable drum for street performances.,AUT,gemini,13
gemini_228,bridge-river-cross,"The ancient stone bridge arched precariously over the roaring water. To cross the river, she had to time her steps between the spray. One slip would mean a long swim. She reached the other side, heart pounding against her ribs.",Story,gemini,40
gemini_228,You are introduced to a robot that can learn and think like humans. What scientific questions could you ask about this?,How does the robot's neural architecture manage the metabolic-equivalent energy costs of high-level abstract reasoning compared to biological brains?,SCTT-ResearchQuestion,gemini,19
gemini_228,BRICK,Use it as a heavy-duty bookend to secure a collection of large hardcover novels.,AUT,gemini,14
gemini_228,You notice that the water in one lake is warmer than the water in another lake even though they both get the same amount of sunlight. What hypotheses do you have about why that is?,"The warmer lake may be shallower and have a dark, basaltic bed that absorbs more thermal energy than the deeper lake.",SCTT-Hypothesis,gemini,21
gemini_228,PENCIL,Rub the graphite onto a sticking zipper to act as a dry lubricant.,AUT,gemini,13
gemini_228,You travel on a spaceship to a new planet outside of our galaxy. What scientific questions could you ask about this planet?,Does the planet’s magnetosphere exhibit unique properties due to the different heavy element ratios found in its parent galaxy?,SCTT-ResearchQuestion,gemini,19
gemini_228,mirror-face-reflection,"She stared into the silvered glass of the antique mirror. A stranger's face stared back with wide, unblinking eyes. Her own reflection had vanished into the shadows. She touched the cold surface, feeling only a void.",Story,gemini,36
gemini_228,Develop as many design ideas as you can to reduce traffic congestion in mega cities.,"Implement a dynamic, AI-controlled underground pod system for off-peak freight transport to clear surface roads.",Design,gemini,15
gemini_228,pen-paper-story,"He gripped the silver pen until his knuckles turned white. Blank paper waited like a silent, snowy field. A single line began the epic story of a lost kingdom. By dawn, the ink had woven a world of its own.",Story,gemini,40
gemini_228,Develop as many design ideas as you can to help people with mobility impairments navigate stairs.,"Install modular stair-tread covers that transform into a smooth, inclined lift system on demand.",Design,gemini,14
gemini_228,KNIFE,Use the flat side of the blade to crush garlic cloves or ginger for cooking.,AUT,gemini,15
gemini_228,You look outside one night and see stars disappearing one by one from the sky. What hypotheses do you have about why that is?,"A dense, high-velocity cloud of interstellar dust is passing between Earth and the distant star field, obscuring visible light.",SCTT-Hypothesis,gemini,19
gemini_228,Develop as many design ideas as you can to assist people with memory impairments remember important tasks.,"Wearable haptic devices that provide gentle, patterned vibrations to prompt specific routines based on geolocation and time.",Design,gemini,17
gemini_229,pen-paper-story,"The silver pen danced across the yellowed paper.
Every stroke breathed life into a forgotten story.
Ink bled into fibers like secrets shared in whispers.
The blank page transformed into a window to another world.",Story,gemini,35
gemini_229,Develop as many design ideas as you can to assist people with memory impairments remember important tasks.,A wearable device that uses spatial audio to provide directional 'whispers' reminding the user of the location of their next task.,Design,gemini,21
gemini_229,You notice that the water in one lake is warmer than the water in another lake even though they both get the same amount of sunlight. What hypotheses do you have about why that is?,One lake may have a significant inflow of geothermal groundwater that raises its temperature independently of surface solar heating.,SCTT-Hypothesis,gemini,19
gemini_229,PENCIL,"Use the wood shavings from a sharpened pencil as a natural, aromatic moth repellent in small drawers.",AUT,gemini,17
gemini_229,BRICK,"Carve a small channel into the top of a brick to use it as a weighted, industrial-style incense burner.",AUT,gemini,19
gemini_229,bridge-river-cross,"The ancient stone bridge spanned the rushing river.
Villagers gathered to cross the divide before the storm.
The water churned violently beneath their feet.
They reached the other side just as the first lightning strike illuminated the sky.",Story,gemini,38
gemini_229,Develop as many design ideas as you can to reduce traffic congestion in mega cities.,Implement an AI-controlled system of 'dynamic tidal lanes' that shifts road direction based on real-time commute density.,Design,gemini,17
gemini_229,You look outside one night and see stars disappearing one by one from the sky. What hypotheses do you have about why that is?,"A massive swarm of interstellar micrometeoroids is passing through our solar system, creating a temporary veil that blocks distant starlight.",SCTT-Hypothesis,gemini,20
gemini_229,You are introduced to a robot that can learn and think like humans. What scientific questions could you ask about this?,"How does the robot's hardware architecture manage the transition between discrete logical processing and the continuous, fuzzy logic required for human-like intuition?",SCTT-ResearchQuestion,gemini,22
gemini_229,mirror-face-reflection,"She stood before the silvered mirror.
Her face appeared older than she remembered.
The reflection seemed to mimic her movements with a haunting delay.
She touched the cold glass and felt a strange disconnect from herself.",Story,gemini,36
gemini_229,Develop as many design ideas as you can to help people with mobility impairments navigate stairs.,"A motorized, treaded platform that fits over standard stairs to provide an on-demand, non-permanent ramp for wheelchair users.",Design,gemini,18
gemini_229,KNIFE,Use the flat side of a polished blade as an emergency signal mirror to attract the attention of rescue aircraft.,AUT,gemini,20
gemini_229,key-door-lock,"He fumbled with the rusted key in the rain.
It finally slid into the heavy door with a satisfying click.
The lock turned reluctantly after years of disuse.
He stepped inside and left the cold world behind.",Story,gemini,37
gemini_229,BUCKET,Use a sturdy bucket as a makeshift concrete mold to create perfectly uniform stepping stones for a garden path.,AUT,gemini,19
gemini_229,Develop as many design ideas as you can to increase the use of renewable energy sources.,Implement transparent solar harvesting coatings on all skyscraper windows to turn entire city skylines into active power plants.,Design,gemini,18
gemini_229,You travel on a spaceship to a new planet outside of our galaxy. What scientific questions could you ask about this planet?,Does the planet's atmospheric composition show chemical signatures that would indicate a non-photosynthetic method of energy production?,SCTT-ResearchQuestion,gemini,17
gemini_230,KNIFE,Using the knife as a high-precision plumb bob by suspending it from a string to determine a perfect vertical line.,AUT,gemini,20
gemini_230,Develop as many design ideas as you can to reduce traffic congestion in mega cities.,Move all city logistics and delivery services to an automated subterranean conveyor network.,Design,gemini,13
gemini_230,You look outside one night and see stars disappearing one by one from the sky. What hypotheses do you have about why that is?,"A dense interstellar dust cloud is passing through the local quadrant, sequentially obscuring the light from distant stars.",SCTT-Hypothesis,gemini,18
gemini_230,pen-paper-story,"The old pen leaked across the paper. It began a story that nobody wanted to finish. The characters wept in blue ink. Eventually, the page was torn to pieces.",Story,gemini,29
gemini_230,key-door-lock,He turned the heavy brass key. The lock clicked with a satisfying thud. Behind the door lay a room full of mirrors. He finally saw his true self.,Story,gemini,28
gemini_230,Develop as many design ideas as you can to assist people with memory impairments remember important tasks.,An augmented reality app that projects virtual pathway lines on the floor to guide users toward their next task.,Design,gemini,19
gemini_230,Develop as many design ideas as you can to help people with mobility impairments navigate stairs.,Install a magnetic propulsion rail alongside the handrail that provides a powered boost to a user's specialized belt.,Design,gemini,18
gemini_230,You notice that the water in one lake is warmer than the water in another lake even though they both get the same amount of sunlight. What hypotheses do you have about why that is?,"The warmer lake is significantly shallower, meaning the same amount of solar energy heats a much smaller volume of water.",SCTT-Hypothesis,gemini,20
gemini_230,bridge-river-cross,The bridge hung precariously over the river. They needed to cross before the flood arrived. Each step was a gamble with the current. They reached the bank just in time.,Story,gemini,30
gemini_230,You are introduced to a robot that can learn and think like humans. What scientific questions could you ask about this?,Does the robot’s architecture allow for the emergence of subjective experience or is it merely a high-fidelity simulation of thought?,SCTT-ResearchQuestion,gemini,20
gemini_230,mirror-face-reflection,She touched the cold mirror. The face in the reflection didn't have eyes. It reached out toward her own face. She pulled back just as the glass cracked.,Story,gemini,28
gemini_230,BRICK,"Soak the brick in scented oils and use it as a rustic, long-lasting porous diffuser for home fragrances.",AUT,gemini,18
gemini_230,PENCIL,Use the graphite to draw a conductive path on a piece of paper to bridge a gap in a low-voltage circuit.,AUT,gemini,21
gemini_230,Develop as many design ideas as you can to increase the use of renewable energy sources.,"Develop ""solar ivy"" made of flexible, thin-film photovoltaic cells that can be draped over existing urban architecture.",Design,gemini,17
gemini_230,BUCKET,Use the bucket as a low-cost acoustic amplifier by placing a smartphone inside to boost the sound.,AUT,gemini,17
gemini_230,You travel on a spaceship to a new planet outside of our galaxy. What scientific questions could you ask about this planet?,Does the chemical composition of the planet’s atmosphere reflect the unique nucleosynthesis history of its host galaxy?,SCTT-ResearchQuestion,gemini,17
gemini_231,PENCIL,Use the graphite to lubricate a sticking zipper by rubbing it along the teeth.,AUT,gemini,14
gemini_231,KNIFE,Use the reflective blade as a signal mirror to attract rescue pilots in an emergency.,AUT,gemini,15
gemini_231,You are introduced to a robot that can learn and think like humans. What scientific questions could you ask about this?,"Does the robot's learning algorithm utilize a synthetic form of ""sleep"" to consolidate data and prune redundant neural connections?",SCTT-ResearchQuestion,gemini,19
gemini_231,You look outside one night and see stars disappearing one by one from the sky. What hypotheses do you have about why that is?,"A localized cloud of dense, microscopic space dust is drifting through our solar system, blocking light from specific stellar coordinates.",SCTT-Hypothesis,gemini,20
gemini_231,Develop as many design ideas as you can to assist people with memory impairments remember important tasks.,Smart jewelry that vibrates in specific patterns to remind the wearer of different scheduled activities.,Design,gemini,15
gemini_231,BUCKET,Use it as a primitive megaphone by speaking into the bottom to amplify your voice across a field.,AUT,gemini,18
gemini_231,mirror-face-reflection,She touched the cold glass of the mirror. A different face mimicked her hesitant gesture perfectly. The reflection seemed more real than the girl standing in the hall. She wondered which one of them was the ghost.,Story,gemini,37
gemini_231,You travel on a spaceship to a new planet outside of our galaxy. What scientific questions could you ask about this planet?,Does the planet’s core contain heavy elements that are inconsistent with the nucleosynthesis models of our own galaxy?,SCTT-ResearchQuestion,gemini,18
gemini_231,bridge-river-cross,A narrow bridge spanned the violent river. He hesitated before the long cross to the other side. The wood groaned under the weight of his fear. One leap of faith was all it took.,Story,gemini,34
gemini_231,pen-paper-story,The silver pen moved rapidly over the crisp paper. A tragic story unfolded in loops of blue ink. Characters breathed and died within the margins. The writer finally set the instrument down.,Story,gemini,32
gemini_231,key-door-lock,The golden key felt heavy in her trembling hand. She inserted it into the lock and held her breath. The door groaned open to reveal a hidden library. The secrets of the ages were finally hers.,Story,gemini,36
gemini_231,Develop as many design ideas as you can to reduce traffic congestion in mega cities.,"Implement a system of autonomous, subterranean freight tunnels to remove delivery trucks from surface streets.",Design,gemini,15
gemini_231,Develop as many design ideas as you can to help people with mobility impairments navigate stairs.,"Low-cost, modular stair-lift kits that can be easily clamped onto any standard residential banister.",Design,gemini,14
gemini_231,BRICK,"Grind it into a fine powder to create a natural, UV-resistant pigment for traditional terracotta-hued paints.",AUT,gemini,16
gemini_231,You notice that the water in one lake is warmer than the water in another lake even though they both get the same amount of sunlight. What hypotheses do you have about why that is?,"The warmer lake likely has a much shallower average depth, allowing the same solar energy to heat a smaller volume of water more quickly.",SCTT-Hypothesis,gemini,24
gemini_231,Develop as many design ideas as you can to increase the use of renewable energy sources.,"Develop ""energy-harvesting"" tiles for public walkways that convert the kinetic energy of footsteps into electricity.",Design,gemini,15
gemini_232,PENCIL,Use the graphite core to draw a conductive path for emergency low-voltage electrical repairs.,AUT,gemini,14
gemini_232,Develop as many design ideas as you can to help people with mobility impairments navigate stairs.,Motorized stair treads that can flatten into a ramp upon sensing the presence of a wheelchair.,Design,gemini,16
gemini_232,pen-paper-story,"The silver pen moved effortlessly across the thick paper. She realized the story was writing itself, independent of her hand. Every word felt like a memory she hadn't lived yet. By dawn, the desk was covered in ink and destiny.",Story,gemini,40
gemini_232,KNIFE,Use the polished blade as a survival signal mirror to reflect sunlight toward distant rescuers.,AUT,gemini,15
gemini_232,Develop as many design ideas as you can to increase the use of renewable energy sources.,Integrate piezoelectric crystals into high-traffic pedestrian walkways to harvest energy from human footsteps.,Design,gemini,13
gemini_232,You are introduced to a robot that can learn and think like humans. What scientific questions could you ask about this?,"Does the robot's architecture allow for the emergence of 'qualia,' or subjective internal experiences, during its learning process?",SCTT-ResearchQuestion,gemini,18
gemini_232,bridge-river-cross,"The ancient bridge sagged under the weight of the winter snow. Below, the river roared with a ferocity that shook the stone pillars. He knew he had to cross before the ice gave way entirely. One step was all it took to change everything.",Story,gemini,44
gemini_232,BUCKET,Invert the bucket to create a resonant chamber for amplifying the sound of a smartphone.,AUT,gemini,15
gemini_232,BRICK,Use a porous brick as a slow-release aromatherapy diffuser by soaking it in essential oils,AUT,gemini,15
gemini_232,You notice that the water in one lake is warmer than the water in another lake even though they both get the same amount of sunlight. What hypotheses do you have about why that is?,,SCTT-Hypothesis,gemini,0
gemini_232,mirror-face-reflection,,Story,gemini,0
gemini_232,Develop as many design ideas as you can to reduce traffic congestion in mega cities.,,Design,gemini,0
gemini_232,You travel on a spaceship to a new planet outside of our galaxy. What scientific questions could you ask about this planet?,,SCTT-ResearchQuestion,gemini,0
gemini_232,Develop as many design ideas as you can to assist people with memory impairments remember important tasks.,,Design,gemini,0
gemini_232,You look outside one night and see stars disappearing one by one from the sky. What hypotheses do you have about why that is?,,SCTT-Hypothesis,gemini,0
gemini_232,key-door-lock,,Story,gemini,0
gemini_233,bridge-river-cross,"The bridge spanned the wide, rushing river. 
Elara hesitated before deciding she had to cross. 
With each step, the wood creaked under her weight. 
She reached the other side just as the sun set.",Story,gemini,34
gemini_233,Develop as many design ideas as you can to help people with mobility impairments navigate stairs.,"Incorporate modular stair treads that can transform into a smooth, inclined ramp via a synchronized hydraulic lift system.",Design,gemini,18
gemini_233,KNIFE,Use the spine of the blade as a makeshift metal file for smoothing out rough edges on soft wood.,AUT,gemini,19
gemini_233,key-door-lock,"The ancient key felt heavy and cold in his hand. 
He inserted it into the door and felt the mechanism give way. 
The lock snapped open with a metallic echo. 
Finally, the long-guarded secrets were his to discover.",Story,gemini,38
gemini_233,You travel on a spaceship to a new planet outside of our galaxy. What scientific questions could you ask about this planet?,How does the planet's atmospheric chemical signature compare to the expected biosignatures of carbon-based life as we understand it?,SCTT-ResearchQuestion,gemini,19
gemini_233,pen-paper-story,"He gripped the pen until his knuckles turned white. 
Blank paper waited patiently for the first mark. 
Soon, a story of adventure flowed from his mind. 
By dawn, the ink was dry and the tale was told.",Story,gemini,37
gemini_233,Develop as many design ideas as you can to increase the use of renewable energy sources.,"Replace traditional road asphalt with modular, heavy-duty solar pavers capable of generating electricity and melting snow simultaneously.",Design,gemini,17
gemini_233,You are introduced to a robot that can learn and think like humans. What scientific questions could you ask about this?,How does your neural architecture distinguish between sensory input and internally generated simulations during the learning process?,SCTT-ResearchQuestion,gemini,17
gemini_233,BUCKET,"Invert it and cut a small entrance to create a cheap, insulated shelter for stray cats during the winter.",AUT,gemini,19
gemini_233,BRICK,"Soak it in essential oils and use it as a heavy, porous diffuser for long-lasting room fragrance.",AUT,gemini,17
gemini_233,Develop as many design ideas as you can to assist people with memory impairments remember important tasks.,Install smart door handles that use haptic vibrations to remind users to check for specific items based on a digital calendar sync.,Design,gemini,22
gemini_233,You notice that the water in one lake is warmer than the water in another lake even though they both get the same amount of sunlight. What hypotheses do you have about why that is?,The warmer lake likely has active geothermal vents on its bed that provide a constant internal heat source absent in the cooler lake.,SCTT-Hypothesis,gemini,23
gemini_233,mirror-face-reflection,"He stood before the mirror and wiped away the steam. 
His own face appeared, looking older than he remembered. 
Then, the reflection winked while he remained perfectly still. 
He backed away, but the image stayed at the glass.",Story,gemini,38
gemini_233,Develop as many design ideas as you can to reduce traffic congestion in mega cities.,Implement a city-wide 'priority-flow' system where lanes autonomously reverse direction based on real-time heat maps of vehicle density.,Design,gemini,18
gemini_233,You look outside one night and see stars disappearing one by one from the sky. What hypotheses do you have about why that is?,"Earth's solar system is currently transiting through a localized, dense patch of the Interstellar Medium that is scattering the incoming starlight.",SCTT-Hypothesis,gemini,21
gemini_233,PENCIL,Use the graphite to restore electrical conductivity in a remote control by rubbing it onto the worn-down button pads.,AUT,gemini,19
gemini_234,You travel on a spaceship to a new planet outside of our galaxy. What scientific questions could you ask about this planet?,Does the local galactic magnetic field influence the planet’s core rotation and subsequent magnetospheric protection differently than in the Milky Way?,SCTT-ResearchQuestion,gemini,21
gemini_234,PENCIL,Rub the graphite onto a stuck zipper to act as a dry lubricant for smoother movement.,AUT,gemini,16
gemini_234,mirror-face-reflection,"Elara stared into the silvered glass. Her face seemed to ripple like water under a breeze. Suddenly, the reflection reached out a hand to touch her cheek. She realized the mirror was no longer showing her own world.",Story,gemini,38
gemini_234,bridge-river-cross,"The ancient bridge groaned under the weight of the traveler. Below, the river churned with white-capped fury. He knew he must cross before the storm broke completely. One final step brought him to the safety of the far bank.",Story,gemini,39
gemini_234,key-door-lock,"The heavy iron key felt cold in her trembling palm. She slid it into the rusty lock and turned it with a loud click. Behind the heavy door, a secret garden breathed with forgotten scents. She stepped inside and left the world behind.",Story,gemini,43
gemini_234,BUCKET,Flip the bucket over to use as a resonant percussion instrument for street performing.,AUT,gemini,14
gemini_234,KNIFE,Use the flat side of the metal blade as an emergency signaling mirror to reflect sunlight toward rescuers.,AUT,gemini,18
gemini_234,Develop as many design ideas as you can to reduce traffic congestion in mega cities.,"Deploy a network of autonomous, overhead cable-car pods that operate independently of the ground-level street grid.",Design,gemini,16
gemini_234,You notice that the water in one lake is warmer than the water in another lake even though they both get the same amount of sunlight. What hypotheses do you have about why that is?,The warmer lake likely sits atop a geothermal vent or has a much shallower basin that allows the entire volume to heat more rapidly.,SCTT-Hypothesis,gemini,24
gemini_234,You look outside one night and see stars disappearing one by one from the sky. What hypotheses do you have about why that is?,"An approaching cloud of dense, non-luminous interstellar dust is passing between Earth and the distant stars.",SCTT-Hypothesis,gemini,16
gemini_234,You are introduced to a robot that can learn and think like humans. What scientific questions could you ask about this?,"Can the robot develop genuine subjective experiences, or ""qualia,"" through the same associative learning processes found in biological brains?",SCTT-ResearchQuestion,gemini,19
gemini_234,Develop as many design ideas as you can to assist people with memory impairments remember important tasks.,"Develop an ""interactive home"" using haptic floor tiles that vibrate to guide users toward the location of their next scheduled task.",Design,gemini,21
gemini_234,Develop as many design ideas as you can to increase the use of renewable energy sources.,Mandate the installation of kinetic energy harvesters in high-traffic sidewalks and roads to generate electricity from everyday movement.,Design,gemini,18
gemini_234,Develop as many design ideas as you can to help people with mobility impairments navigate stairs.,"Design a wearable exoskeleton ""sleeve"" for the legs that provides a powered boost specifically triggered by the motion of climbing steps.",Design,gemini,21
gemini_234,pen-paper-story,"The ink from the pen bled into the yellowed paper. Every stroke built the foundation of a grand story. Characters breathed and worlds collided in the margin of the notebook. He finally put the cap on, satisfied with the life he had created.",Story,gemini,43
gemini_234,BRICK,Heat the brick in an oven and wrap it in a towel to serve as a long-lasting bed warmer.,AUT,gemini,19
gemini_235,PENCIL,Use the graphite core as a temporary conductive bridge to repair a cracked circuit board trace.,AUT,gemini,16
gemini_235,Develop as many design ideas as you can to reduce traffic congestion in mega cities.,"Implement a network of modular, autonomous road lanes that physically shift their width and direction in real-time based on traffic density.",Design,gemini,21
gemini_235,pen-paper-story,"The old pen leaked blue ink across the desk. I pressed it to the yellowed paper with trembling hands. Every stroke breathed life into a forgotten story. Finally, the ink ran dry as the hero found his way home.",Story,gemini,39
gemini_235,You notice that the water in one lake is warmer than the water in another lake even though they both get the same amount of sunlight. What hypotheses do you have about why that is?,One lake may have a darker benthic floor or a higher concentration of suspended particulates that more efficiently absorbs and retains solar thermal energy.,SCTT-Hypothesis,gemini,24
gemini_235,BRICK,"Grind the brick into a fine crimson powder to serve as a rustic, UV-resistant mineral pigment for artisanal paints.",AUT,gemini,19
gemini_235,You look outside one night and see stars disappearing one by one from the sky. What hypotheses do you have about why that is?,"A localized, high-density cloud of non-reflective interstellar dust is drifting across our line of sight, sequentially occluding the distant starlight.",SCTT-Hypothesis,gemini,20
gemini_235,bridge-river-cross,"The ancient stone bridge groaned under the traveler's weight. Below, the river roared with the fury of a spring thaw. He knew he must cross before the sun dipped below the peaks. With one final leap, he reached the mossy bank.",Story,gemini,41
gemini_235,key-door-lock,The silver key felt cold against her palm. She inserted it into the rusted lock and turned. The heavy oak door creaked open to reveal a room full of light. Her long search had finally ended here.,Story,gemini,37
gemini_235,mirror-face-reflection,"She stared into the silvered mirror, barely recognizing the tired face looking back. The reflection seemed to blink a second late. Panic surged as she touched the cold glass. The woman on the other side didn't move at all.",Story,gemini,39
gemini_235,You are introduced to a robot that can learn and think like humans. What scientific questions could you ask about this?,"How does the robot's cognitive architecture handle the ""frame problem"" when navigating open-ended, real-world environments compared to human biological neural networks?",SCTT-ResearchQuestion,gemini,21
gemini_235,BUCKET,Invert the bucket to serve as a portable acoustic resonance chamber for amplifying a smartphone’s internal speakers.,AUT,gemini,17
gemini_235,You travel on a spaceship to a new planet outside of our galaxy. What scientific questions could you ask about this planet?,Does the isotopic ratio of the planet's atmosphere suggest it formed within its current star system or was it gravitationally captured from the intergalactic medium?,SCTT-ResearchQuestion,gemini,25
gemini_235,Develop as many design ideas as you can to assist people with memory impairments remember important tasks.,"Wearable AR glasses that overlay glowing ""digital breadcrumbs"" and floating instruction cards onto physical objects associated with daily chores.",Design,gemini,19
gemini_235,Develop as many design ideas as you can to increase the use of renewable energy sources.,Mandate the integration of transparent photovoltaic thin-films into the manufacturing process of all residential and commercial glass windows.,Design,gemini,18
gemini_235,Develop as many design ideas as you can to help people with mobility impairments navigate stairs.,"A lightweight, wearable leg exoskeleton that provides motorized torque assistance specifically calibrated for the biomechanics of vertical stepping.",Design,gemini,18
gemini_235,KNIFE,Use the flat side of a polished stainless steel blade as a convex wide-angle mirror to monitor blind spots in a workspace.,AUT,gemini,22
gemini_236,You are introduced to a robot that can learn and think like humans. What scientific questions could you ask about this?,Does the robot’s cognitive architecture incorporate a synthetic equivalent to the human limbic system to process and learn from emotional stimuli?,SCTT-ResearchQuestion,gemini,21
gemini_236,mirror-face-reflection,"She stood before the silvered glass. 
The mirror didn't show her own face today. 
A stranger's reflection stared back with knowing eyes. 
She touched the cold surface and shivered.",Story,gemini,29
gemini_236,Develop as many design ideas as you can to reduce traffic congestion in mega cities.,"Implement a modular, overhead personal rapid transit system of autonomous pods that attaches to existing streetlights.",Design,gemini,16
gemini_236,You notice that the water in one lake is warmer than the water in another lake even though they both get the same amount of sunlight. What hypotheses do you have about why that is?,"The warmer lake may be shallower or possess darker benthic sediments, leading to a higher rate of solar thermal absorption compared to the deeper lake.",SCTT-Hypothesis,gemini,25
gemini_236,KNIFE,Use the flat side of the blade as a makeshift signaling mirror for emergency rescue.,AUT,gemini,15
gemini_236,BRICK,"Grind it into a fine powder to create a vibrant, terracotta-colored pigment for traditional fresco painting.",AUT,gemini,16
gemini_236,Develop as many design ideas as you can to assist people with memory impairments remember important tasks.,Smart glasses that use augmented reality to overlay glowing icons onto physical objects associated with scheduled tasks.,Design,gemini,17
gemini_236,You look outside one night and see stars disappearing one by one from the sky. What hypotheses do you have about why that is?,"A localized, high-density cloud of interstellar dust is passing between Earth and the star field, progressively obscuring the light.",SCTT-Hypothesis,gemini,19
gemini_236,PENCIL,Use the graphite as an emergency dry lubricant for a sticking zipper or a squeaky door hinge.,AUT,gemini,17
gemini_236,You travel on a spaceship to a new planet outside of our galaxy. What scientific questions could you ask about this planet?,How does the chemical composition of this planet's lithosphere differ from terrestrial planets in our own galaxy?,SCTT-ResearchQuestion,gemini,17
gemini_236,bridge-river-cross,"The ancient stone bridge groaned under his weight. 
Below, the river roared with seasonal melt. 
He knew he had to cross before the storm arrived. 
One final step brought him to safety.",Story,gemini,32
gemini_236,pen-paper-story,"He gripped the wooden pen tightly. 
The blank paper felt like an endless desert. 
Suddenly, the first line of the story flowed like water. 
He didn't stop until the ink ran dry.",Story,gemini,32
gemini_236,key-door-lock,"The heavy iron key turned with a satisfying click. 
He pushed the heavy door open into the darkness. 
The lock hadn't been touched in decades. 
Something whispered from the shadows inside.",Story,gemini,31
gemini_236,BUCKET,Turn it upside down and use it as an acoustic resonance chamber for a street-style percussion kit.,AUT,gemini,17
gemini_236,Develop as many design ideas as you can to increase the use of renewable energy sources.,Integrate transparent solar-harvesting thin films into all new commercial window glass to turn skyscrapers into vertical power plants.,Design,gemini,18
gemini_236,Develop as many design ideas as you can to help people with mobility impairments navigate stairs.,"Install a compact, retractable caterpillar-track system on the underside of wheelchairs that allows them to climb stairs independently.",Design,gemini,18
gemini_237,You are introduced to a robot that can learn and think like humans. What scientific questions could you ask about this?,To what extent does the robot's synthetic neural architecture replicate the neuroplasticity observed in the human prefrontal cortex during task acquisition?,SCTT-ResearchQuestion,gemini,21
gemini_237,Develop as many design ideas as you can to increase the use of renewable energy sources.,Incentivize the installation of kinetic energy-harvesting floor tiles in high-traffic pedestrian zones and subway stations.,Design,gemini,15
gemini_237,bridge-river-cross,"The mossy bridge arched over the rushing river. 
Shadows danced beneath the old wooden planks. 
No one had dared to cross it for decades. 
Today, the brave girl took her first cautious step.",Story,gemini,33
gemini_237,key-door-lock,"He turned the heavy brass key. 
The rusted door groaned in loud protest. 
Inside, the lock finally snapped open with a click. 
A forgotten world lay beyond the dusty threshold.",Story,gemini,30
gemini_237,You travel on a spaceship to a new planet outside of our galaxy. What scientific questions could you ask about this planet?,Does the planet's atmospheric chemical signature suggest a biological carbon cycle fundamentally different from those observed within our own galaxy?,SCTT-ResearchQuestion,gemini,20
gemini_237,Develop as many design ideas as you can to assist people with memory impairments remember important tasks.,A wearable device that uses specific scent-based cues to trigger procedural memories and daily routines for the user.,Design,gemini,18
gemini_237,Develop as many design ideas as you can to help people with mobility impairments navigate stairs.,"Install a modular, track-based ""stair-sled"" system that carries wheelchairs directly up the incline of existing residential staircases.",Design,gemini,17
gemini_237,BRICK,"Use a brick as a heavy-duty, heat-retaining press for making perfectly crisped chicken on an outdoor grill.",AUT,gemini,17
gemini_237,mirror-face-reflection,"She wiped the thick dust off the antique mirror. 
A pale, unfamiliar face appeared in the glass. 
The reflection smiled even though her own lips remained still. 
Her heart skipped a frantic, terrified beat.",Story,gemini,34
gemini_237,KNIFE,Use the flat side of a polished knife blade as a makeshift signal mirror in an emergency survival situation.,AUT,gemini,19
gemini_237,BUCKET,Turn a bucket into a makeshift air conditioner by filling it with ice and mounting a small fan over the opening.,AUT,gemini,21
gemini_237,pen-paper-story,"The silver pen hovered over the crisp paper. 
He began to weave a grand story of adventure. 
Words formed like magic under the steady nib. 
A new world was slowly born in black ink.",Story,gemini,34
gemini_237,PENCIL,Rub the graphite of a pencil onto a stuck zipper to serve as a dry lubricant for the metal teeth.,AUT,gemini,20
gemini_237,You notice that the water in one lake is warmer than the water in another lake even though they both get the same amount of sunlight. What hypotheses do you have about why that is?,The warmer lake likely contains a higher concentration of dark-colored algae that increases its overall solar energy absorption rate.,SCTT-Hypothesis,gemini,19
gemini_237,Develop as many design ideas as you can to reduce traffic congestion in mega cities.,"Convert existing car lanes into high-speed, autonomous-only corridors to maximize vehicle density and eliminate human-driven traffic delays.",Design,gemini,17
gemini_237,You look outside one night and see stars disappearing one by one from the sky. What hypotheses do you have about why that is?,"An expanding cloud of dark, non-reflective interstellar gas is passing between Earth and the star cluster, progressively obscuring the light.",SCTT-Hypothesis,gemini,20
gemini_238,Develop as many design ideas as you can to help people with mobility impairments navigate stairs.,Retractable stair treads that flatten into a synchronized ramp upon weight-detection or remote activation.,Design,gemini,14
gemini_238,You look outside one night and see stars disappearing one by one from the sky. What hypotheses do you have about why that is?,"A layer of high-altitude ice crystals is rapidly forming and drifting across the sky, scattering the light of the stars as it passes over them.",SCTT-Hypothesis,gemini,25
gemini_238,BUCKET,Invert the bucket to serve as an acoustic resonance chamber for amplifying a smartphone's speakers.,AUT,gemini,15
gemini_238,Develop as many design ideas as you can to increase the use of renewable energy sources.,Micro-turbines installed within municipal water pipes to harvest energy from daily utility flow.,Design,gemini,13
gemini_238,KNIFE,Use the polished flat side of the blade as an emergency signaling mirror for hikers.,AUT,gemini,15
gemini_238,key-door-lock,The silver key felt heavy in my hand. I reached for the ancient door. The lock groaned as the tumblers clicked. I pushed inward into the silent dark.,Story,gemini,28
gemini_238,Develop as many design ideas as you can to reduce traffic congestion in mega cities.,An automated underground vacuum tube system for light freight to remove delivery vehicles from city streets.,Design,gemini,16
gemini_238,pen-paper-story,"The pen leaked ink across the paper. Every blotch transformed into a character. This story was bleeding into existence. Soon, the room smelled of ink and adventure.",Story,gemini,27
gemini_238,bridge-river-cross,"The stone bridge arched over the river. Travelers had to cross before the storm. One man paused to look at the water. He stepped forward, leaving his past behind.",Story,gemini,29
gemini_238,You notice that the water in one lake is warmer than the water in another lake even though they both get the same amount of sunlight. What hypotheses do you have about why that is?,,SCTT-Hypothesis,gemini,0
gemini_238,PENCIL,,AUT,gemini,0
gemini_238,BRICK,,AUT,gemini,0
gemini_238,You are introduced to a robot that can learn and think like humans. What scientific questions could you ask about this?,,SCTT-ResearchQuestion,gemini,0
gemini_238,You travel on a spaceship to a new planet outside of our galaxy. What scientific questions could you ask about this planet?,,SCTT-ResearchQuestion,gemini,0
gemini_238,Develop as many design ideas as you can to assist people with memory impairments remember important tasks.,,Design,gemini,0
gemini_238,mirror-face-reflection,,Story,gemini,0
gemini_239,BRICK,"Use it as a rustic, weighted base for a DIY industrial-style desk lamp.",AUT,gemini,13
gemini_239,You look outside one night and see stars disappearing one by one from the sky. What hypotheses do you have about why that is?,"A dense, localized cloud of interstellar dust is drifting through our galactic neighborhood, gradually obscuring the light from distant stars.",SCTT-Hypothesis,gemini,20
gemini_239,key-door-lock,He pressed the heavy key into the iron door. The lock clicked open with a metallic snap. Dust motes danced in the sudden shaft of light. He stepped into a room that had been sealed for centuries.,Story,gemini,37
gemini_239,BUCKET,Use it as a portable acoustic amplifier for a smartphone by placing the speaker inside the basin.,AUT,gemini,17
gemini_239,KNIFE,Use the flat side of the blade as a cold compress to soothe a minor burn or bruise.,AUT,gemini,18
gemini_239,Develop as many design ideas as you can to reduce traffic congestion in mega cities.,"Implement a subterranean network of high-speed, automated freight tunnels to remove all commercial delivery vehicles from surface streets.",Design,gemini,18
gemini_239,mirror-face-reflection,"She wiped the condensation off the mirror. Her face appeared pale in the flickering candlelight. The reflection didn't mimic her blink, staring back with wide, unmoving eyes. She realized the glass wasn't showing her the present.",Story,gemini,36
gemini_239,PENCIL,Use the graphite to lubricate a sticky door hinge by rubbing it directly onto the metal pin.,AUT,gemini,17
gemini_239,Develop as many design ideas as you can to increase the use of renewable energy sources.,Mandate the installation of kinetic energy floor tiles in high-traffic pedestrian zones to power local street lighting.,Design,gemini,17
gemini_239,You are introduced to a robot that can learn and think like humans. What scientific questions could you ask about this?,Does the robot’s cognitive architecture include a mechanism for developing subjective experience or qualia as it processes information?,SCTT-ResearchQuestion,gemini,18
gemini_239,Develop as many design ideas as you can to assist people with memory impairments remember important tasks.,Wearable haptic devices that vibrate with specific patterns to provide directional cues and signal the location of pending household tasks.,Design,gemini,20
gemini_239,You notice that the water in one lake is warmer than the water in another lake even though they both get the same amount of sunlight. What hypotheses do you have about why that is?,The warmer lake likely contains higher concentrations of dissolved organic matter that trap solar radiation more effectively than the clearer lake.,SCTT-Hypothesis,gemini,21
gemini_239,Develop as many design ideas as you can to help people with mobility impairments navigate stairs.,"Integrate a retractable, motorized seat into the staircase handrail that functions as a space-saving, automated personal lift.",Design,gemini,17
gemini_239,bridge-river-cross,"The ancient stone bridge stretched across the churning river. They had to cross before the midnight bells tolled. Every footfall echoed against the damp, mossy rocks. On the other side, their freedom finally awaited them.",Story,gemini,35
gemini_239,You travel on a spaceship to a new planet outside of our galaxy. What scientific questions could you ask about this planet?,Does the planet's atmospheric composition suggest the presence of metabolic byproducts that could indicate the existence of extraterrestrial life?,SCTT-ResearchQuestion,gemini,19
gemini_239,pen-paper-story,The pen moved across the paper like a guided needle. A story of redemption unfolded in the quiet of the library. Each word was a bridge back to his true self. He finished the final page and breathed at last.,Story,gemini,40
gemini_240,Develop as many design ideas as you can to assist people with memory impairments remember important tasks.,Smart glasses that project holographic sticky notes over relevant physical objects in real-time.,Design,gemini,13
gemini_240,Develop as many design ideas as you can to help people with mobility impairments navigate stairs.,Retractable magnetic tread systems on shoe soles that lock into matching metallic stair strips for stability.,Design,gemini,16
gemini_240,You travel on a spaceship to a new planet outside of our galaxy. What scientific questions could you ask about this planet?,How does the different dark matter density in this intergalactic region affect the planet's orbital stability compared to planets within the Milky Way?,SCTT-ResearchQuestion,gemini,23
gemini_240,BUCKET,Submerge the bucket to trap an air pocket and use it as a temporary underwater viewing bell.,AUT,gemini,17
gemini_240,You look outside one night and see stars disappearing one by one from the sky. What hypotheses do you have about why that is?,"An exceptionally dense, localized cloud of interstellar dust is drifting between the Earth and the star field, progressively obscuring the light.",SCTT-Hypothesis,gemini,21
gemini_240,key-door-lock,"The heavy iron key felt cold in her hand. She approached the ancient oak door. Slowly, she turned the key in the lock. The portal creaked open to reveal a hidden garden.",Story,gemini,32
gemini_240,PENCIL,Use the wooden shavings from a sharpened pencil as aromatic fire-starter tinder for a small campfire.,AUT,gemini,16
gemini_240,mirror-face-reflection,"He stood before the cracked mirror. A dusty face stared back, older than he remembered. He touched the glass, watching the reflection mimic him. Suddenly, the image smiled while he remained solemn.",Story,gemini,32
gemini_240,pen-paper-story,"Her pen raced across the paper. Every stroke added life to the characters. This story had been trapped for years. Finally, the ink ran dry at the end.",Story,gemini,28
gemini_240,KNIFE,Use the pommel of a heavy knife as an emergency hammer to drive small tacks into wood.,AUT,gemini,17
gemini_240,Develop as many design ideas as you can to increase the use of renewable energy sources.,Piezoelectric sidewalks that generate electricity from the kinetic energy of pedestrians walking in high-traffic urban areas.,Design,gemini,16
gemini_240,bridge-river-cross,"The narrow bridge swayed over the water. Below, the river roared with spring thaw. We had to cross before the storm. Each step felt like a dangerous gamble.",Story,gemini,28
gemini_240,You are introduced to a robot that can learn and think like humans. What scientific questions could you ask about this?,Does the robot’s architecture utilize a quantum-based neural network to replicate the non-deterministic aspects of human decision-making?,SCTT-ResearchQuestion,gemini,17
gemini_240,BRICK,Wrap a brick in fabric and use it as a book-flattening weighted press for restoring old paper.,AUT,gemini,17
gemini_240,You notice that the water in one lake is warmer than the water in another lake even though they both get the same amount of sunlight. What hypotheses do you have about why that is?,The warmer lake is located above a geothermal vent or a subterranean hot spring that transfers internal Earth heat to the water.,SCTT-Hypothesis,gemini,22
gemini_240,Develop as many design ideas as you can to reduce traffic congestion in mega cities.,Implement magnetized passenger capsules that climb the exteriors of existing skyscrapers to move people between buildings.,Design,gemini,16
gemini_241,Develop as many design ideas as you can to reduce traffic congestion in mega cities.,"Implement a network of autonomous, overhead magnetic-levitation pods to move commuters above existing road infrastructure.",Design,gemini,15
gemini_241,BUCKET,Use it as a large-scale mold for creating perfectly cylindrical sandcastles.,AUT,gemini,11
gemini_241,key-door-lock,The rusty key finally turned in the heavy lock. He pushed the door open to reveal a hidden garden. The scent of jasmine filled the air instantly. He knew he was finally home.,Story,gemini,33
gemini_241,KNIFE,Use the handle as a makeshift pestle to crush herbs or spices.,AUT,gemini,12
gemini_241,mirror-face-reflection,She gazed into the cracked mirror. Her face looked unfamiliar in the flickering candlelight. The reflection seemed to move a second too late. Fear gripped her heart.,Story,gemini,27
gemini_241,BRICK,"Heat the brick in an oven and wrap it in a towel to use as a rustic, long-lasting bed warmer.",AUT,gemini,20
gemini_241,You notice that the water in one lake is warmer than the water in another lake even though they both get the same amount of sunlight. What hypotheses do you have about why that is?,"One lake may be shallower than the other, allowing the sunlight to heat the smaller volume of water more effectively.",SCTT-Hypothesis,gemini,20
gemini_241,Develop as many design ideas as you can to assist people with memory impairments remember important tasks.,Install smart-tiles in the floor that light up to guide a person to their next scheduled task.,Design,gemini,17
gemini_241,PENCIL,Use the graphite core as an emergency dry lubricant for a sticking door hinge or zipper.,AUT,gemini,16
gemini_241,You travel on a spaceship to a new planet outside of our galaxy. What scientific questions could you ask about this planet?,How does the chemical composition of the planet's crust differ from the average planetary makeup found in the Milky Way?,SCTT-ResearchQuestion,gemini,20
gemini_241,Develop as many design ideas as you can to increase the use of renewable energy sources.,Integrate piezoelectric crystals into the soles of all mass-produced footwear to harvest energy from daily walking.,Design,gemini,16
gemini_241,bridge-river-cross,"The bridge spanned the wide, churning river. They were the last ones to cross before the storm. The wind whipped at their clothes fiercely. Safety lay just a few feet ahead.",Story,gemini,31
gemini_241,pen-paper-story,"She uncapped the pen and touched it to the paper. The story began with a single, desperate word. She wrote until the ink ran dry. The tale was finally told.",Story,gemini,30
gemini_241,You look outside one night and see stars disappearing one by one from the sky. What hypotheses do you have about why that is?,The Earth is passing through a dense cloud of interstellar dust that is obscuring the light from stars in that specific region of the sky.,SCTT-Hypothesis,gemini,25
gemini_241,Develop as many design ideas as you can to help people with mobility impairments navigate stairs.,"Install modular, tread-based robotic strips on stairs that can lift and carry wheelchairs like a conveyor belt.",Design,gemini,17
gemini_241,You are introduced to a robot that can learn and think like humans. What scientific questions could you ask about this?,By what mechanism does the robot simulate the subjective experience of qualia during its information processing cycles?,SCTT-ResearchQuestion,gemini,17
gemini_242,Develop as many design ideas as you can to assist people with memory impairments remember important tasks.,A smart wristband that uses directional haptic pulses to physically guide the wearer's hands toward the objects needed for their tasks.,Design,gemini,21
gemini_242,KNIFE,Use the blade to carefully scrape and harvest resin from pine trees to create an emergency waterproof sealant.,AUT,gemini,18
gemini_242,mirror-face-reflection,"She peered into the silvered glass of the mirror. Her face looked tired, but the reflection seemed strangely vibrant. Suddenly, the image reached out and grabbed her wrist. She was pulled into the cold surface before she could scream.",Story,gemini,39
gemini_242,bridge-river-cross,"The ancient bridge creaked under the weight of the howling wind. Below, the river surged with the fury of the spring thaw. He had to cross before the old structure failed completely. Every step was a gamble against the churning water.",Story,gemini,41
gemini_242,Develop as many design ideas as you can to increase the use of renewable energy sources.,Integrate transparent solar cells into all new window glass for skyscrapers to turn entire city skylines into vertical power plants.,Design,gemini,20
gemini_242,Develop as many design ideas as you can to help people with mobility impairments navigate stairs.,"A lightweight, wearable exoskeleton that uses pneumatic pistons to assist the user’s legs specifically during the vertical motion of climbing.",Design,gemini,20
gemini_242,BUCKET,Cut the bottom out to create a protective guard for young saplings against lawnmowers and small animals.,AUT,gemini,17
gemini_242,key-door-lock,"The silver key fit perfectly into the heavy iron lock. As she turned it, the door groaned as if waking from a long sleep. Dust swirled in the sudden draft of stale air. She stepped inside, ending her long search at last.",Story,gemini,42
gemini_242,pen-paper-story,"He pressed the pen against the rough paper. A dark story began to flow from the tip like spilled ink. Each word added weight to the unfolding tragedy. By the final sentence, the silent room felt heavier.",Story,gemini,37
gemini_242,You notice that the water in one lake is warmer than the water in another lake even though they both get the same amount of sunlight. What hypotheses do you have about why that is?,The warmer lake likely contains a higher density of dark-pigmented thermophilic algae that more efficiently absorb and re-radiate solar energy as heat.,SCTT-Hypothesis,gemini,22
gemini_242,Develop as many design ideas as you can to reduce traffic congestion in mega cities.,Implement a system of modular lanes that use retractable barriers to adjust traffic flow direction in real-time based on live congestion data.,Design,gemini,22
gemini_242,You travel on a spaceship to a new planet outside of our galaxy. What scientific questions could you ask about this planet?,How does the planet’s orbital eccentricity around its binary star system influence the stability of its seasonal atmospheric chemistry?,SCTT-ResearchQuestion,gemini,19
gemini_242,You look outside one night and see stars disappearing one by one from the sky. What hypotheses do you have about why that is?,"A dense, localized cloud of interstellar dust is drifting into our line of sight and absorbing the starlight.",SCTT-Hypothesis,gemini,18
gemini_242,PENCIL,"Use the wood shavings from a pencil as a natural, aromatic moth repellent in a small clothing drawer.",AUT,gemini,18
gemini_242,BRICK,"Use a brick as a natural, porous diffuser by soaking it in essential oils and placing it near a heat source.",AUT,gemini,21
gemini_242,You are introduced to a robot that can learn and think like humans. What scientific questions could you ask about this?,Does the robot's learning algorithm incorporate a forgetting mechanism similar to biological synaptic pruning to optimize long-term cognitive efficiency?,SCTT-ResearchQuestion,gemini,19
gemini_243,You are introduced to a robot that can learn and think like humans. What scientific questions could you ask about this?,How does the robot's cognitive architecture utilize a synthetic equivalent to neurotransmitter-mediated synaptic pruning to optimize its learning efficiency over time?,SCTT-ResearchQuestion,gemini,21
gemini_243,Develop as many design ideas as you can to assist people with memory impairments remember important tasks.,A smart glasses system that highlights physical objects required for the user's next scheduled task with a colored glowing aura.,Design,gemini,20
gemini_243,key-door-lock,He gripped the cold iron key. The heavy door stood between him and the secret. He inserted it into the lock and twisted slowly. The silence was broken by a heavy metallic click.,Story,gemini,33
gemini_243,PENCIL,Use the graphite core to draw a temporary conductive circuit on paper for small DIY electronics projects.,AUT,gemini,17
gemini_243,KNIFE,Use the flat side of a polished blade as a makeshift signal mirror to reflect sunlight and catch someone's attention.,AUT,gemini,20
gemini_243,Develop as many design ideas as you can to reduce traffic congestion in mega cities.,"Incentivize ""night-shift logistics"" by offering tax breaks to companies that move all heavy freight and deliveries to the hours between midnight and 5 AM.",Design,gemini,24
gemini_243,You look outside one night and see stars disappearing one by one from the sky. What hypotheses do you have about why that is?,"An expanding sphere of opaque particulate matter from a localized interstellar event is moving across our line of sight, sequentially blocking out the distant light.",SCTT-Hypothesis,gemini,25
gemini_243,mirror-face-reflection,"He wiped the fog from the mirror. His face appeared slowly in the silvered glass. The reflection seemed to hold a secret he had forgotten. He smiled, and his double finally smiled back.",Story,gemini,33
gemini_243,pen-paper-story,The pen moved across the rough paper. A story of adventure began to take shape. Every word carried the weight of a thousand dreams. The ink dried just as the sun went down.,Story,gemini,33
gemini_243,Develop as many design ideas as you can to increase the use of renewable energy sources.,Pave high-traffic highways with piezo-electric tiles that generate electricity from the kinetic energy and pressure of passing vehicles.,Design,gemini,18
gemini_243,BUCKET,Use it as a primitive megaphone by cutting a hole in the bottom and speaking through the smaller opening.,AUT,gemini,19
gemini_243,You travel on a spaceship to a new planet outside of our galaxy. What scientific questions could you ask about this planet?,Does the planet's atmospheric composition suggest a history of nucleosynthesis distinct from the chemical patterns typically found within the Milky Way?,SCTT-ResearchQuestion,gemini,21
gemini_243,Develop as many design ideas as you can to help people with mobility impairments navigate stairs.,"Portable, lightweight ""stair-walking"" boots with motorized treads that mechanically keep the user's feet horizontal while ascending steps.",Design,gemini,17
gemini_243,BRICK,"Heat the brick in a fire and wrap it in a thick towel to serve as a long-lasting, portable bed warmer.",AUT,gemini,21
gemini_243,bridge-river-cross,"A stone bridge arched over the wide river. They needed to cross before the storm arrived. The water churned violently below their feet. Finally, they reached the grassy bank on the other side.",Story,gemini,33
gemini_243,You notice that the water in one lake is warmer than the water in another lake even though they both get the same amount of sunlight. What hypotheses do you have about why that is?,"The warmer lake may have a darker, more basaltic bed that absorbs more solar radiation than the lighter, sandier bed of the cooler lake.",SCTT-Hypothesis,gemini,24
gemini_244,You look outside one night and see stars disappearing one by one from the sky. What hypotheses do you have about why that is?,"A localized, high-density cloud of non-reflective interstellar dust is drifting through the solar system, sequentially obscuring our line of sight to the stars as it passes.",SCTT-Hypothesis,gemini,26
gemini_244,mirror-face-reflection,"He stared into the antique mirror, waiting for the glass to clear. A strange, unfamiliar face stared back with a haunting intensity. He touched his cheek, but the reflection remained perfectly still. Fear chilled his bones when the reflection finally smiled.",Story,gemini,41
gemini_244,BUCKET,Use it as a DIY pinhole camera for viewing a solar eclipse by poking a tiny hole in the bottom to project the sun's image onto a sheet of paper.,AUT,gemini,30
gemini_244,Develop as many design ideas as you can to increase the use of renewable energy sources.,Incorporate transparent solar-harvesting thin films into all high-rise window glass to convert city skylines into massive vertical power plants.,Design,gemini,19
gemini_244,BRICK,"Hollow out a brick to create a rustic, weather-resistant ""geocache"" container or a secret key hideaway for a garden wall.",AUT,gemini,20
gemini_244,bridge-river-cross,"The old stone bridge groaned under the weight of the storm. Below, the river churned like a hungry beast. No one dared to cross the narrow path tonight. But the lantern light on the far side promised a warm hearth.",Story,gemini,40
gemini_244,You are introduced to a robot that can learn and think like humans. What scientific questions could you ask about this?,How does the robot's architecture replicate the neurological process of associative learning to develop subjective preferences similar to human intuition?,SCTT-ResearchQuestion,gemini,20
gemini_244,Develop as many design ideas as you can to help people with mobility impairments navigate stairs.,"Install modular, gyroscopically stabilized ""stair-climbing"" platforms that magnetically attach to existing handrails to lift wheelchairs directly.",Design,gemini,16
gemini_244,Develop as many design ideas as you can to assist people with memory impairments remember important tasks.,"Develop smart-home flooring that projects glowing haptic ""pathways"" to specific rooms or items based on the user's scheduled daily tasks.",Design,gemini,20
gemini_244,key-door-lock,"The silver key felt heavy and cold in her trembling hand. She inserted it into the rusted lock, hearing a satisfying click. The heavy door swung open to reveal a room filled with light. Her journey had finally come to an end.",Story,gemini,42
gemini_244,You notice that the water in one lake is warmer than the water in another lake even though they both get the same amount of sunlight. What hypotheses do you have about why that is?,The warmer lake may be fed by a subterranean geothermal spring or contain a higher concentration of dark organic matter that absorbs more thermal energy.,SCTT-Hypothesis,gemini,25
gemini_244,Develop as many design ideas as you can to reduce traffic congestion in mega cities.,"Implement a system of synchronized, autonomous, overhead transit pods that operate on a rail network suspended above existing roads.",Design,gemini,19
gemini_244,pen-paper-story,"She gripped the pen until her knuckles turned white. Blank paper stretched before her like a vast, snowy field. Suddenly, the first word blossomed on the page. A new story began to breathe and grow.",Story,gemini,35
gemini_244,You travel on a spaceship to a new planet outside of our galaxy. What scientific questions could you ask about this planet?,How does the unique chemical composition of this planet's magnetosphere affect the potential for atmospheric retention in a binary star system?,SCTT-ResearchQuestion,gemini,21
gemini_244,KNIFE,"Use the flat, polished side of a stainless steel blade as an emergency signal mirror to reflect sunlight toward rescue aircraft.",AUT,gemini,21
gemini_244,PENCIL,Use the graphite core as a dry lubricant to fix a stuck zipper or a squeaky door hinge.,AUT,gemini,18
gemini_245,key-door-lock,The rusted key snapped inside the heavy lock. He stared at the closed door in despair. Only a sliver of light escaped from the other side. Silence reclaimed the hallway.,Story,gemini,30
gemini_245,Develop as many design ideas as you can to help people with mobility impairments navigate stairs.,Install tread-integrated pressure sensors that activate a localized magnetic levitation platform for wheelchairs.,Design,gemini,13
gemini_245,You are introduced to a robot that can learn and think like humans. What scientific questions could you ask about this?,Does the robot’s cognitive architecture exhibit emergent synaptic pruning patterns similar to human adolescent brain development?,SCTT-ResearchQuestion,gemini,16
gemini_245,BUCKET,"Invert the bucket and cut a small hole in the bottom to create a portable, light-shielded pinhole camera.",AUT,gemini,18
gemini_245,Develop as many design ideas as you can to increase the use of renewable energy sources.,Integrate transparent solar-cell coatings into all skyscraper glass to transform urban centers into vertical power plants.,Design,gemini,16
gemini_245,You notice that the water in one lake is warmer than the water in another lake even though they both get the same amount of sunlight. What hypotheses do you have about why that is?,The warmer lake likely has a higher concentration of suspended dark particulate matter or submerged geothermal vents that absorb and retain heat more effectively.,SCTT-Hypothesis,gemini,24
gemini_245,mirror-face-reflection,"She stared into the cracked mirror. A stranger's face stared back with wide, unblinking eyes. Her reflection slowly reached out to touch the cold glass. She felt skin instead of a smooth surface.",Story,gemini,33
gemini_245,Develop as many design ideas as you can to reduce traffic congestion in mega cities.,"Deploy a dynamic, AI-controlled modular ""pod"" lane system that physically merges individual vehicles into high-speed, synchronized platoons.",Design,gemini,17
gemini_245,Develop as many design ideas as you can to assist people with memory impairments remember important tasks.,Smart-home projection systems that cast interactive visual cues and pathfinding arrows directly onto the floors and walls.,Design,gemini,17
gemini_245,You travel on a spaceship to a new planet outside of our galaxy. What scientific questions could you ask about this planet?,Does the fundamental constant of gravitation in this distant galaxy deviate from the values measured within the Milky Way?,SCTT-ResearchQuestion,gemini,19
gemini_245,bridge-river-cross,"The ancient stone bridge groaned under his weight. Below, the river roared with the force of spring snowmelt. He had to cross before the storm arrived. One final step brought him to safety.",Story,gemini,33
gemini_245,pen-paper-story,Her pen danced across the yellowed paper. A grand story began to unfold in flowing ink. Characters breathed life into the silent room. She finally wrote the end.,Story,gemini,28
gemini_245,BRICK,"Place a soaked, pre-heated brick inside an oven to create a professional-grade steam injection system for crusty bread.",AUT,gemini,18
gemini_245,PENCIL,Use the graphite core of the pencil as a dry lubricant for a sticking metal zipper.,AUT,gemini,16
gemini_245,KNIFE,Use the flat side of the polished metal blade as an emergency signaling mirror for rescue.,AUT,gemini,16
gemini_245,You look outside one night and see stars disappearing one by one from the sky. What hypotheses do you have about why that is?,"An ultra-dense, non-reflective interstellar dust cloud is passing through the line of sight between Earth and the distant star field.",SCTT-Hypothesis,gemini,20
