prolific_id,sctt_word_count,sctt_fluency,sctt_crea_mean,sctt_crea_max3,aut_word_count,aut_fluency,aut_crea_mean,aut_crea_max3,design_word_count,design_fluency,design_crea_mean,design_crea_max3,achievements_sum,icaa_sum,metaphor_word_count,metaphor_fluency,metaphor_crea,story_word_count,story_cap,aut_aut_10_crea_max3,aut_aut_10_crea_mean,aut_aut_10_fluency,aut_aut_10_word_count,aut_aut_13_crea_max3,aut_aut_13_crea_mean,aut_aut_13_fluency,aut_aut_13_word_count,aut_aut_2_crea_max3,aut_aut_2_crea_mean,aut_aut_2_fluency,aut_aut_2_word_count,aut_aut_4_crea_max3,aut_aut_4_crea_mean,aut_aut_4_fluency,aut_aut_4_word_count,aut_aut_8_crea_max3,aut_aut_8_crea_mean,aut_aut_8_fluency,aut_aut_8_word_count,design_dp_10_crea_max3,design_dp_10_crea_mean,design_dp_10_fluency,design_dp_10_word_count,design_dp_16_crea_max3,design_dp_16_crea_mean,design_dp_16_fluency,design_dp_16_word_count,design_dp_2_crea_max3,design_dp_2_crea_mean,design_dp_2_fluency,design_dp_2_word_count,design_dp_6_crea_max3,design_dp_6_crea_mean,design_dp_6_fluency,design_dp_6_word_count,design_dp_8_crea_max3,design_dp_8_crea_mean,design_dp_8_fluency,design_dp_8_word_count,sctt_sctt_hg_3_crea_max3,sctt_sctt_hg_3_crea_mean,sctt_sctt_hg_3_fluency,sctt_sctt_hg_3_word_count,sctt_sctt_hg_5_crea_max3,sctt_sctt_hg_5_crea_mean,sctt_sctt_hg_5_fluency,sctt_sctt_hg_5_word_count,sctt_sctt_rq_1_crea_max3,sctt_sctt_rq_1_crea_mean,sctt_sctt_rq_1_fluency,sctt_sctt_rq_1_word_count,sctt_sctt_rq_2_crea_max3,sctt_sctt_rq_2_crea_mean,sctt_sctt_rq_2_fluency,sctt_sctt_rq_2_word_count,sctt_sctt_rq_5_crea_max3,sctt_sctt_rq_5_crea_mean,sctt_sctt_rq_5_fluency,sctt_sctt_rq_5_word_count,metaphor_1_crea,metaphor_2_crea,metaphor_3_crea,metaphor_4_crea,metaphor_5_crea,metaphor_6_crea,metaphor_7_crea,metaphor_8_crea,metaphor_9_crea,metaphor_10_crea,metaphor_1_word_count,metaphor_2_word_count,metaphor_3_word_count,metaphor_4_word_count,metaphor_5_word_count,metaphor_6_word_count,metaphor_7_word_count,metaphor_8_word_count,metaphor_9_word_count,metaphor_10_word_count,story_1_cap,story_2_cap,story_3_cap,story_4_cap,story_5_cap,story_1_word_count,story_2_word_count,story_3_word_count,story_4_word_count,story_5_word_count,icaa_1,icaa_2,icaa_3
695c6b4f435bc06369113b97,6.778571429,23,0.474309524,0.52,2.355,41,0.504683333,0.568,4.14,14,16.32666667,16.7,13,12,2.4,10,12.5,44.2,0.4,0.586666667,0.535,6,3,0.58,0.522,10,1.8,0.553333333,0.49625,8,2.625,0.6,0.474166667,12,1.75,0.52,0.496,5,2.6,14.66666667,14.66666667,2,2,12.77777778,12.13333333,5,3.2,23.5,23.5,2,7.5,18.22222222,17,4,3,14.33333333,14.33333333,1,5,0.523333333,0.485,4,12,0.59,0.505714286,7,6.142857143,0.603333333,0.5775,4,3.75,0.49,0.41,5,7,0.393333333,0.393333333,3,5,10,12.5,12.5,10,12.5,13.75,12.5,12.5,13.75,15,1,3,2,2,2,3,2,4,2,3,0.49,0.41,0.35,0.37,0.38,37,54,45,29,56,4,4,4
69531a58a97fe5b6ab460380,6.093333333,22,0.504766667,0.546666667,1.568571429,21,0.4795,0.501333333,5.033333333,13,21.66666667,21.66666667,16,14,4.3,10,15.725,59,0.436,0.45,0.45,3,2,0.51,0.4875,4,2.5,0.493333333,0.46,5,1.2,0.523333333,0.47,7,1.142857143,0.53,0.53,2,1,18.73333333,18.73333333,3,3.666666667,16.88888889,16.88888889,3,3.666666667,26.76666667,26.76666667,2,6.5,22.5,22.5,2,6,23.44444444,23.44444444,3,5.333333333,0.603333333,0.603333333,3,7.666666667,0.57,0.498,5,3.8,0.576666667,0.55,4,7,0.463333333,0.4375,4,5.5,0.52,0.435,6,6.5,13.75,11.25,10,13.75,15,24.5,23.25,12.5,16.25,17,5,6,1,2,5,4,7,2,6,5,0.26,0.42,0.51,0.48,0.51,60,52,59,49,75,3,5,6
6951dc0e3bdca9185a3420a1,8.35,25,0.526533333,0.573333333,4.33,29,0.471585714,0.523333333,9.85,18,15.86111111,16.48888889,11,12,1,10,12.775,72,0.33,0.546666667,0.51,5,5.8,0.58,0.501428571,7,5,0.506666667,0.48,4,4.75,0.46,0.3725,8,2.5,0.523333333,0.494,5,3.6,18.66666667,18.66666667,3,13,12.77777778,12.25,4,6.25,15.55555556,15.55555556,3,8,19,17.16666667,4,12,16.44444444,15.66666667,4,10,0.6,0.575,4,11.25,0.51,0.47,4,8,0.576666667,0.541666667,6,6.5,0.56,0.46,6,7,0.62,0.586,5,9,11.25,11.25,12.5,11.25,14.5,13.75,13.75,11.25,18.25,10,1,1,1,1,1,1,1,1,1,1,0.29,0.39,0.41,0.3,0.26,89,84,67,56,64,4,4,4
695182b691292378b37c956e,,,,,,,,,2.5,2,20.16666667,20.16666667,,,,,,,,,,,,,,,,,,,,,,,,,,,,,,,,,,,,,,,,,,,,20.16666667,20.16666667,2,2.5,,,,,,,,,,,,,,,,,,,,,,,,,,,,,,,,,,,,,,,,,,,,,,,,,,,,,
694f357ffcfc4439fcc9545d,6.383333333,18,0.4565,0.484333333,1.393333333,17,0.410733333,0.433666667,4.257142857,20,11.88730159,11.97777778,,9,3.1,10,15.325,31.8,0.292,0.49,0.42,4,1.5,0.566666667,0.522,5,1.8,0.345,0.345,2,1,0.41,0.41,3,1.666666667,0.356666667,0.356666667,3,1,11.88888889,11.88888889,3,5.333333333,11.66666667,11.38095238,7,4.285714286,11.33333333,11.33333333,3,4,13.66666667,13.66666667,3,4.666666667,11.33333333,11.16666667,4,3,0.465,0.465,2,7.5,0.4,0.355,4,7.25,0.55,0.55,2,7,0.606666667,0.5475,4,6,0.4,0.365,6,4.166666667,10,10,10,10,15,20.75,15,18.75,12.5,31.25,1,1,3,3,4,4,4,4,4,3,0.22,0.42,0.29,0.3,0.23,21,32,42,30,34,3,2,4
694afcabf04cdd6752673eea,10.78666667,24,0.595,0.664,,,,,11.4,13,18.24888889,18.24888889,10,9,3.7,10,20,69,0.552,,,,,,,,,,,,,,,,,,,,,18,18,2,10,20,20,2,14,11.66666667,11.66666667,3,10.33333333,18.11111111,18.11111111,3,8.333333333,23.46666667,23.46666667,3,14.33333333,0.693333333,0.604,5,12.8,0.493333333,0.465,4,8.5,0.693333333,0.64,6,8.333333333,0.716666667,0.636,5,11.8,0.723333333,0.63,4,12.5,19.5,23.25,23.25,27,18,24.5,17,11.25,21.25,15,3,3,4,4,4,4,3,3,4,5,0.45,0.58,0.63,0.59,0.51,66,64,65,88,62,3,3,3
69458f2aa5309848951f9026,5.88,24,0.433133333,0.492,2.335714286,31,0.490190476,0.57,3.345833333,15,13.38888889,13.86111111,12,9,3.5,10,15.075,47.2,0.388,0.536666667,0.5075,4,2.75,0.593333333,0.471666667,6,1,0.526666667,0.48,6,3.5,0.566666667,0.454285714,7,2.428571429,0.626666667,0.5375,8,2,,,,,12,11.66666667,5,2.8,11.33333333,11.33333333,3,3.666666667,14.22222222,14.22222222,3,2.666666667,17.88888889,16.33333333,4,4.25,0.446666667,0.446666667,3,5,0.566666667,0.515,4,6,0.43,0.372,5,5,0.5,0.432,5,7.4,0.516666667,0.4,7,6,16.25,24.5,11.25,20,16.25,11.25,12.5,13.75,11.25,13.75,3,4,4,7,2,4,2,3,2,4,0.42,0.33,0.42,0.45,0.32,62,40,45,51,38,3,3,3
694580e0f1757dd9295e5cb9,5.1625,50,0.505420635,0.632,1.583891403,57,0.486284615,0.566,2.018251748,58,15.57833333,22.43777778,12,11,4,10,13.075,57.2,0.438,0.606666667,0.504615385,13,1.153846154,0.633333333,0.502307692,13,1.153846154,0.466666667,0.4625,4,3,0.593333333,0.48,17,1.411764706,0.53,0.482,10,1.2,25.26666667,17,11,1.818181818,24.92222222,17.20833333,12,2.583333333,27.33333333,16,13,1.923076923,20.44444444,15.25,12,1.666666667,14.22222222,12.43333333,10,2.1,0.633333333,0.565714286,7,6,0.683333333,0.487777778,9,5.111111111,0.573333333,0.532222222,9,5.222222222,0.6,0.4425,16,3.8125,0.67,0.498888889,9,5.666666667,11.25,15,15,11.25,13.75,11.25,11.25,13.75,17,11.25,5,3,4,4,6,3,4,4,3,4,0.31,0.27,0.5,0.63,0.48,55,44,61,59,67,4,3,4
6941e60f2c7507f1915682c3,11.70666667,29,0.4788,0.560666667,5.775,52,0.532690476,0.617333333,5.720952381,29,12.46952381,13.64444444,,5,1.6,10,13.75,70,0.328,0.586666667,0.483809524,21,1.142857143,0.633333333,0.547142857,7,6.857142857,0.62,0.55625,8,6.75,0.636666667,0.53875,8,6.875,0.61,0.5375,8,7.25,12.55555556,12.04761905,7,5.571428571,12.11111111,11.53333333,5,3.4,12.22222222,11.6,5,3.8,17.11111111,14.22222222,6,8.666666667,14.22222222,12.94444444,6,7.166666667,0.62,0.494,5,12.6,0.52,0.52,2,25,0.53,0.486666667,6,8.5,0.583333333,0.43,10,5.6,0.55,0.463333333,6,6.833333333,10,12.5,12.5,15,11.25,12.5,11.25,27.5,11.25,13.75,1,1,1,1,3,2,2,3,1,1,0.27,0.26,0.3,0.33,0.48,77,73,57,64,79,,2,3
6941ba7773700f50256ddafe,29,5,0.654,0.654,3.638095238,26,0.512080952,0.562,11.86666667,7,15.95555556,15.95555556,12,10,1.8,10,13.575,49,0.46,0.596666667,0.5775,4,4.75,0.563333333,0.535,4,3.75,0.54,0.493333333,6,2.833333333,0.586666667,0.468571429,7,3.857142857,0.523333333,0.486,5,3,14.33333333,14.33333333,1,11,15,15,1,17,13.33333333,13.33333333,1,15,22.66666667,22.66666667,1,11,14.44444444,14.44444444,3,5.333333333,0.68,0.68,1,41,0.57,0.57,1,30,0.68,0.68,1,19,0.56,0.56,1,19,0.78,0.78,1,36,13.75,13.75,11.25,11.25,12.5,12.5,12.5,13.75,22,12.5,5,1,1,2,1,2,1,1,2,2,0.41,0.47,0.49,0.62,0.31,51,41,59,56,38,4,4,2
6941aeb9a019a9bbdd57d028,6.665,27,0.53345,0.593333333,5.978730159,32,0.550180952,0.614666667,5.943333333,21,16.68444444,18.2,16,3,3.6,10,16.075,35.2,0.298,0.6,0.518571429,7,4.571428571,0.66,0.575,6,5.833333333,0.646666667,0.592,5,7.4,0.6,0.523333333,9,3.888888889,0.566666667,0.542,5,8.2,18.11111111,15.33333333,5,3.8,20.55555556,20.55555556,3,5.666666667,15.55555556,14.58333333,4,6.75,15.66666667,14.2,5,7,21.11111111,18.75,4,6.5,0.59,0.5775,4,7.5,0.56,0.486,5,7.2,0.7,0.59,6,5,0.593333333,0.52625,8,5.625,0.523333333,0.4875,4,8,11.25,11.25,10.5,18.75,15,20,22,15,20.75,16.25,4,4,4,3,3,4,4,3,3,4,0.31,0.28,0.29,0.37,0.24,38,33,41,29,35,,,3
69416ab139b4b8d585aa4848,8.181666667,32,0.463422222,0.539333333,2.451587302,30,0.523380952,0.554,7.523095238,30,16.59388889,20.00888889,9,13,4.5,10,13.775,59.6,0.432,0.576666667,0.544285714,7,3.285714286,0.55,0.55,3,2.333333333,0.513333333,0.484285714,7,3,0.6,0.523333333,9,1.888888889,0.53,0.515,4,1.75,23.66666667,19.73333333,5,6.8,21.73333333,17.34166667,8,6.375,18.44444444,16.75,4,9.25,14.64444444,12.7,7,5.857142857,21.55555556,16.44444444,6,9.333333333,0.566666667,0.536,5,14.2,0.513333333,0.47,4,5.25,0.496666667,0.395,8,5.625,0.623333333,0.491111111,9,7.333333333,0.496666667,0.425,6,8.5,20.75,15,16.25,11.25,13.75,11.25,11.25,12.5,11.25,14.5,8,3,4,3,4,4,3,6,5,5,0.49,0.44,0.45,0.41,0.37,63,66,59,51,59,5,5,3
69332055a26312923a56605b,11.3,7,0.633,0.633,2.21,20,0.5329,0.558666667,4.533333333,12,18.12222222,18.12222222,15,10,3.6,10,18.525,34,0.404,0.556666667,0.54,4,1.75,0.69,0.69,2,4,0.526666667,0.492,5,2.2,0.54,0.47,5,1.6,0.48,0.4725,4,1.5,17.33333333,17.33333333,3,3.666666667,21.11111111,21.11111111,3,5,15.66666667,15.66666667,2,4,16.33333333,16.33333333,2,6,20.16666667,20.16666667,2,4,0.485,0.485,2,5,0.61,0.61,2,5.5,0.79,0.79,1,21,0.66,0.66,1,12,0.62,0.62,1,13,10,30,33.75,11.25,22,26.25,11.25,19.5,11.25,10,6,4,6,3,4,5,1,2,1,4,0.28,0.37,0.47,0.5,0.4,29,32,34,36,39,4,3,3
692f23fa6f5702e481df4f32,8.365,29,0.445,0.512,9.125714286,33,0.45337381,0.511333333,11.3,21,14.37333333,15.33333333,11,,4.1,10,17.35,83.2,0.51,0.53,0.452857143,7,9.714285714,0.583333333,0.561428571,7,8.714285714,0.503333333,0.41625,8,9,0.496666667,0.458,5,10.2,0.443333333,0.378333333,6,8,12.22222222,11.66666667,4,10.75,20.77777778,18.5,4,13.75,14,13.41666667,4,10.75,16.55555556,15.75,4,10.25,13.11111111,12.53333333,5,11,0.523333333,0.4975,4,13,0.526666667,0.45,5,8.2,0.566666667,0.4775,8,5.75,0.526666667,0.435,8,6.375,0.416666667,0.365,4,8.5,16.25,10,14.5,19.5,18.75,11.25,13.75,35.75,20,13.75,3,3,4,6,3,4,6,4,5,3,0.47,0.57,0.52,0.57,0.42,79,72,81,93,91,,,
692f221e98e3cdcf10465812,6.032539683,26,0.453960317,0.516666667,1.730952381,32,0.505214286,0.554,6.9,18,20.36666667,20.85555556,6,8,3.7,10,17.95,56,0.48,0.58,0.541666667,6,1.833333333,0.596666667,0.543333333,6,1.833333333,0.56,0.488571429,7,1.571428571,0.53,0.47,9,1.666666667,0.503333333,0.4825,4,1.75,21,21,2,4.5,15.33333333,13.88888889,6,6.333333333,30.44444444,30.44444444,3,9.666666667,13.66666667,12.66666667,5,6,23.83333333,23.83333333,2,8,0.41,0.41,2,8.5,0.47,0.45,4,7,0.653333333,0.532857143,7,3.857142857,0.583333333,0.474444444,9,4.555555556,0.466666667,0.4025,4,6.25,12.5,15,11.25,13.75,10,38.75,18.25,20,18.75,21.25,2,2,2,3,6,5,7,3,3,4,0.48,0.52,0.5,0.44,0.46,67,49,57,57,50,2,2,4
6927665006e11f2bcf3315da,11.7,19,0.500966667,0.536,20.8,13,0.642,0.642,12.55,15,15.75333333,15.97333333,,,,,,,,0.626666667,0.626666667,3,19.66666667,0.636666667,0.636666667,3,23.66666667,0.603333333,0.603333333,3,19,0.653333333,0.653333333,3,19.66666667,0.69,0.69,1,22,15.3,15.3,2,9,14.86666667,14.15,4,13,16.06666667,16.06666667,3,16,12.53333333,12.15,4,3.75,21.1,21.1,2,21,0.486666667,0.43,4,14.25,0.516666667,0.516666667,3,11.33333333,0.566666667,0.5275,4,8.25,0.653333333,0.574,5,13,0.456666667,0.456666667,3,11.66666667,,,,,,,,,,,,,,,,,,,,,,,,,,,,,,,,,
69263215845d92c2cd3a2882,11.20333333,21,0.535033333,0.572666667,8.796666667,20,0.506966667,0.53,21.6,9,19.53333333,19.53333333,7,11,4.1,10,15.675,79.8,0.474,0.516666667,0.505,4,7.75,0.593333333,0.56,4,11.75,0.463333333,0.463333333,3,5.333333333,0.556666667,0.504,5,6.4,0.52,0.5025,4,12.75,11.66666667,11.66666667,2,19.5,17.16666667,17.16666667,2,20,14.33333333,14.33333333,1,26,26.83333333,26.83333333,2,14,27.66666667,27.66666667,2,28.5,0.55,0.5075,4,10,0.556666667,0.5,5,10.4,0.58,0.536,5,11.2,0.646666667,0.646666667,3,15.66666667,0.53,0.485,4,8.75,12.5,11.25,20,13.5,20,12.5,13.75,25.75,16.25,11.25,5,5,4,4,6,3,3,3,4,4,0.39,0.56,0.5,0.46,0.46,76,83,63,74,103,4,4,3
69237b666aff01eb02646944,5.794444444,25,0.518388889,0.577666667,4.99,31,0.54055,0.597333333,5.053333333,23,15.30555556,16.88888889,8,10,3.5,10,17.35,42.8,0.518,0.623333333,0.561666667,6,3.166666667,0.603333333,0.53375,8,4.75,0.566666667,0.521666667,6,5.5,0.64,0.561666667,6,7.333333333,0.553333333,0.524,5,4.2,14.44444444,13.33333333,5,3.6,17.33333333,15.11111111,6,3.666666667,18.33333333,16.25,4,7,17.77777778,16.25,4,6.5,16.55555556,15.58333333,4,4.5,0.54,0.5275,4,7,0.545,0.545,2,6.5,0.616666667,0.585,4,4.75,0.63,0.474444444,9,5.222222222,0.556666667,0.46,6,5.5,13.75,12.5,15,20,24.5,18.25,12.5,23.75,22,11.25,4,3,4,4,3,3,3,4,4,3,0.62,0.42,0.55,0.55,0.45,55,40,38,35,46,3,4,3
69203091564a7d1a74700ed4,7.37,41,0.498015385,0.586666667,5.097142857,27,0.531828571,0.576666667,3.58531746,38,13.8005291,16.77777778,,7,4.8,10,29.275,48.6,0.492,0.623333333,0.578,5,9,0.593333333,0.552,5,5.4,0.493333333,0.482,5,3.6,0.626666667,0.547142857,7,4.285714286,0.546666667,0.5,5,3.2,18.66666667,14.2962963,9,4.444444444,15.55555556,13.125,8,3.25,15.66666667,13.94444444,6,4.5,17.33333333,14.0952381,7,2.857142857,16.66666667,13.54166667,8,2.875,0.583333333,0.516,5,12.4,0.603333333,0.55,5,8.2,0.6,0.456,10,5,0.563333333,0.483076923,13,5,0.583333333,0.485,8,6.25,35.75,35.25,28.25,30.75,24.25,32.5,32,32,17.5,24.5,7,6,5,6,3,3,4,5,4,5,0.29,0.45,0.57,0.57,0.58,39,51,41,56,56,,4,3
691505db42a79f417daadef7,10.82,22,0.531033333,0.556666667,7.75,20,0.5435,0.562666667,8.5,16,16.23111111,17,10,13,11.5,10,26.25,40,0.45,0.623333333,0.5975,4,12.75,0.546666667,0.54,4,5.75,0.556666667,0.5125,4,8.5,0.573333333,0.565,4,8.25,0.513333333,0.5025,4,3.5,17.06666667,17.06666667,3,6.666666667,22.11111111,18.26666667,5,6,14.6,14.6,3,7.666666667,13.33333333,13.33333333,2,13.5,17.88888889,17.88888889,3,8.666666667,0.61,0.5975,4,10,0.466666667,0.466666667,3,17.33333333,0.586666667,0.565,4,9.5,0.586666667,0.54,6,7.666666667,0.533333333,0.486,5,9.6,22,22.5,30.5,20,28.75,25,25,42,34.25,12.5,9,16,8,12,9,17,12,10,10,12,0.41,0.54,0.52,0.26,0.52,36,54,42,29,39,5,4,4
691499b544916184f0325bed,7.833333333,6,0.475,0.475,8.9,7,0.575,0.575,,,,,,,,,,,,0.605,0.605,2,9.5,0.53,0.53,2,7,0.6,0.6,1,9,0.52,0.52,1,5,0.62,0.62,1,14,,,,,,,,,,,,,,,,,,,,,,,,,,,,,0.365,0.365,2,6,0.53,0.53,2,10.5,0.53,0.53,2,7,,,,,,,,,,,,,,,,,,,,,,,,,,,,,,,,,
69138fc0acb88a6d2a6f8fb8,7.595,29,0.56115,0.633333333,3,40,0.523333333,0.595333333,13.19666667,22,18.21777778,21.75555556,11,11,2.5,10,13.375,57,0.446,0.606666667,0.53,6,2.666666667,0.61,0.493333333,12,2.5,0.573333333,0.5225,8,4.25,0.623333333,0.5475,8,2.25,0.563333333,0.523333333,6,3.333333333,12.55555556,12.33333333,4,14.25,24.33333333,18.93333333,5,10.2,15.55555556,15.55555556,3,17.33333333,27.55555556,22.53333333,5,12.4,28.77777778,21.73333333,5,11.8,0.696666667,0.616,5,7.6,0.68,0.68,3,10,0.543333333,0.47,8,6.375,0.653333333,0.52375,8,6,0.593333333,0.516,5,8,11.25,11.25,12.5,18.75,12.5,11.25,11.25,12.5,20,12.5,2,3,1,1,3,2,4,2,3,4,0.4,0.34,0.44,0.42,0.63,56,66,50,52,61,3,5,3
69138ed04690ca3fa74ef563,3.976666667,22,0.372733333,0.414666667,3.126666667,17,0.430466667,0.448,2.65,14,10.86111111,10.95555556,,12,2.8,10,14.325,20,0.288,0.31,0.31,1,3,0.496666667,0.496666667,3,3.333333333,0.483333333,0.431666667,6,2,0.53,0.494,5,2.8,0.42,0.42,2,4.5,11.88888889,11.41666667,4,2,10,10,1,4,10.55555556,10.55555556,3,2,10.66666667,10.66666667,2,1.5,11.66666667,11.66666667,4,3.75,0.23,0.23,2,3.5,0.466666667,0.435,4,3.75,0.5,0.426666667,6,3.833333333,0.506666667,0.43,5,5,0.37,0.342,5,3.8,18.75,11.25,12.5,13.75,28.25,11.25,13.75,11.25,11.25,11.25,1,3,4,7,3,1,3,3,2,1,0.33,0.48,0.19,0.23,0.21,47,27,1,7,18,3,5,4
69137ce487ad8fc2193bcb12,6.573333333,15,0.4538,0.469666667,2.339047619,32,0.521180952,0.582666667,4.166666667,15,14.03555556,14.37777778,,12,2,10,14.075,32.6,0.308,0.586666667,0.528571429,7,1.857142857,0.573333333,0.534,5,4.6,0.636666667,0.553333333,6,1.666666667,0.523333333,0.438571429,7,1.571428571,0.593333333,0.551428571,7,2,11.66666667,11.66666667,2,4,13.11111111,13.11111111,3,4.333333333,18.66666667,18.66666667,3,4,15.11111111,13.4,5,3,13.33333333,13.33333333,2,5.5,0.385,0.385,2,5.5,0.51,0.51,3,5,0.523333333,0.444,5,7.2,0.49,0.49,3,6.666666667,0.44,0.44,2,8.5,11.25,13.75,32,13.75,11.25,12.5,11.25,10,13.75,11.25,3,2,2,1,1,3,1,3,1,3,0.34,0.23,0.35,0.36,0.26,38,21,34,39,31,5,3,4
691371c5d552995298408398,6.899509804,59,0.594658497,0.672,9.075,44,0.5826,0.651333333,9.58452381,39,25.94589947,31.11111111,13,13,7.1,10,28.45,74.8,0.566,0.646666667,0.60625,8,11,0.69,0.619,10,9.7,0.646666667,0.544,10,8.8,0.66,0.5775,8,7.125,0.613333333,0.56625,8,8.75,27.11111111,21.16666667,8,5.875,30.77777778,23.92592593,9,7.333333333,32.88888889,29.20833333,8,10,33.44444444,28.38095238,7,12.14285714,31.33333333,27.04761905,7,12.57142857,0.633333333,0.54625,8,9.125,0.49,0.4625,4,7.25,0.776666667,0.707777778,18,5.833333333,0.72,0.645,12,6.583333333,0.74,0.611764706,17,5.705882353,36,34.5,23.75,30.75,37,22.5,31.5,24.5,23.25,20.75,8,7,11,6,6,6,6,7,5,9,0.52,0.6,0.66,0.56,0.49,73,85,81,68,67,4,4,5
69136dffc23976053d4a4166,7.02,21,0.5291,0.582,5.486666667,28,0.528933333,0.576,3.768888889,28,12.38333333,12.75555556,11,10,3.9,10,17.1,46.4,0.358,0.586666667,0.55,6,5,0.606666667,0.578333333,6,5,0.596666667,0.552,5,5.6,0.556666667,0.488333333,6,6.833333333,0.533333333,0.476,5,5,12,11.91666667,4,4.5,14.77777778,14,4,5.5,11.66666667,11.66666667,9,2.444444444,13.66666667,12.66666667,6,4,11.66666667,11.66666667,5,2.4,0.526666667,0.49,4,5.75,0.583333333,0.555,4,6.75,0.716666667,0.618,5,8.6,0.573333333,0.5125,4,7.25,0.51,0.47,4,6.75,13.75,12.5,15,17.5,20,17,11.25,16.25,20.75,27,3,4,4,4,4,4,4,4,4,4,0.26,0.4,0.4,0.37,0.36,36,49,53,44,50,4,3,3
69136c7df68dcde570c33956,9.201111111,34,0.522144444,0.61,5.787698413,37,0.510238095,0.572666667,10.22666667,19,16.37555556,18.04444444,15,10,8.4,10,14.375,65.2,0.434,0.616666667,0.547142857,7,6,0.57,0.516666667,9,6.111111111,0.573333333,0.505714286,7,5.285714286,0.536666667,0.465,8,5.875,0.566666667,0.516666667,6,5.666666667,13.55555556,13.55555556,3,7,24.55555556,19.93333333,5,7.8,12.88888889,12.88888889,3,10.33333333,19.33333333,17.41666667,4,10.75,19.88888889,18.08333333,4,15.25,0.66,0.576666667,6,17.16666667,0.543333333,0.4825,4,9.25,0.653333333,0.575555556,9,5.888888889,0.596666667,0.436,10,5.1,0.596666667,0.54,5,8.6,19.5,15,13.75,19.5,12.5,15.5,10.5,12.5,11.25,13.75,12,12,7,10,9,6,7,6,7,8,0.29,0.42,0.63,0.39,0.44,71,70,84,45,56,2,5,3
68879462acd0ae2c5ecf4b88,11.1552381,26,0.582228571,0.672,2.505091575,63,0.505708547,0.588,7.54,35,14.19206349,16.48888889,9,9,1,10,14.4,73,0.584,0.603333333,0.525,14,2.285714286,0.61,0.529333333,15,2.733333333,0.546666667,0.489166667,12,2.916666667,0.64,0.516153846,13,2.923076923,0.54,0.468888889,9,1.666666667,15.33333333,13.76190476,7,5.285714286,18.22222222,14.4,10,6.2,18.22222222,15.93333333,5,5,13.55555556,12.47619048,7,7.714285714,17.11111111,14.38888889,6,13.5,0.553333333,0.553333333,3,11.33333333,0.616666667,0.488,5,8.6,0.733333333,0.676666667,6,8.5,0.656666667,0.537142857,7,11.14285714,0.8,0.656,5,16.2,15,13.75,11.25,12.5,18.25,19.5,15.75,13.75,10,14.25,1,1,1,1,1,1,1,1,1,1,0.46,0.66,0.67,0.66,0.47,63,123,76,50,53,2,5,2
6845fad63da7756677508375,24.8,5,0.69,0.69,17.5,7,0.651,0.651,20.4,6,35.9,35.9,13,13,4.7,10,27.475,84.2,0.626,0.67,0.67,1,14,0.545,0.545,2,11,0.62,0.62,2,19.5,0.66,0.66,1,16,0.76,0.76,1,27,34.83333333,34.83333333,2,16,29.33333333,29.33333333,1,29,37.66666667,37.66666667,1,23,40.66666667,40.66666667,1,18,37,37,1,16,0.56,0.56,1,26,0.73,0.73,1,30,0.59,0.59,1,12,0.8,0.8,1,33,0.77,0.77,1,23,17.5,27.5,37.75,35.5,38.75,10,38.75,37.75,11.25,20,1,5,5,6,9,4,7,5,2,3,0.54,0.64,0.66,0.63,0.66,85,87,81,85,83,6,4,3
682a1996cd2cfa1f1160cb71,6.083333333,16,0.517666667,0.528666667,3.45,21,0.5041,0.533333333,6.1,18,24.78222222,25.87555556,12,10,1.9,10,15.9,36.4,0.35,0.546666667,0.4675,4,2.75,0.543333333,0.5275,4,4.25,0.53,0.52,4,4.25,0.54,0.518,5,3,0.506666667,0.4875,4,3,23.11111111,22.08333333,4,5.75,20.06666667,20.06666667,3,6.666666667,36.55555556,33.91666667,4,6.5,28.44444444,28.44444444,3,6.333333333,21.2,19.4,4,5.25,0.55,0.55,3,5.666666667,0.47,0.47,2,4,0.58,0.555,4,6.5,0.47,0.44,4,6.25,0.573333333,0.573333333,3,8,15,15,12.5,10,10,27.5,10,11.25,10,37.75,1,1,1,1,1,6,1,1,1,5,0.27,0.37,0.41,0.41,0.29,34,36,41,41,30,4,3,3
67fbe9a435667f13b9bb1371,9.206666667,22,0.500933333,0.552666667,14.2,18,0.536066667,0.563333333,5.97,13,12.64,13.13333333,10,10,4.6,10,17.25,60,0.348,0.576666667,0.52,4,8.25,0.603333333,0.565,4,17.75,0.563333333,0.522,5,8,0.56,0.56,2,31,0.513333333,0.513333333,3,6,14.33333333,14.33333333,2,8,10.66666667,10.66666667,1,2,17.33333333,14.86666667,5,3.6,11.66666667,11.66666667,1,6,11.66666667,11.66666667,4,10.25,0.49,0.47,4,11.5,0.476666667,0.476666667,3,10.33333333,0.576666667,0.522,5,8,0.623333333,0.508,5,6.2,0.596666667,0.528,5,10,18.25,15,19.5,20.75,16.25,12.5,12.5,25.75,12.5,19.5,4,3,4,7,6,2,3,5,5,7,0.28,0.27,0.32,0.42,0.45,71,42,39,68,80,4,4,2
67f2b914d702155cbc0a3a2c,12.66666667,16,0.521833333,0.546333333,10.6,21,0.531433333,0.554,17.9,11,21.96666667,21.96666667,5,12,4.6,10,18.025,58.2,0.33,0.61,0.551666667,6,8.166666667,0.59,0.548,5,10,0.51,0.51,3,15,0.51,0.51,3,11.33333333,0.55,0.5375,4,8.5,27.66666667,27.66666667,2,18,15.66666667,15.66666667,3,16,23.83333333,23.83333333,2,25.5,23.83333333,23.83333333,2,17.5,18.83333333,18.83333333,2,12.5,0.5,0.5,3,17,0.456666667,0.456666667,3,13.33333333,0.475,0.475,2,10,0.576666667,0.5325,4,9.25,0.723333333,0.645,4,13.75,17.5,11.25,15,10,26.25,33.25,13.75,28.25,13.75,11.25,4,4,7,2,4,5,6,6,3,5,0.23,0.36,0.43,0.36,0.27,51,72,64,65,39,3,5,4
67ed8a9ef13251ff7c8b66a8,8.8,14,0.561333333,0.568666667,,,,,,,,,4,13,5.5,10,22.025,40,0.268,,,,,,,,,,,,,,,,,,,,,,,,,,,,,,,,,,,,,,,,,0.51,0.51,1,9,0.6,0.6,3,8.333333333,0.586666667,0.586666667,3,10,0.596666667,0.56,4,8,0.55,0.55,3,8.666666667,16.75,23.25,17.5,16.25,23.25,23.75,33.25,16.25,36.25,13.75,7,9,3,5,6,6,6,6,4,3,0.24,0.26,0.32,0.27,0.25,44,49,35,39,33,3,5,5
67e92dbd9199b830fbecdf2e,4.376666667,14,0.417966667,0.432666667,1.55,16,0.472,0.475333333,1.815714286,21,12.21634921,12.52222222,,7,1.2,10,13.125,37.6,0.254,0.453333333,0.453333333,3,1.333333333,0.543333333,0.543333333,3,1.666666667,0.483333333,0.483333333,3,2,0.4,0.4,3,1,0.496666667,0.48,4,1.75,12.16666667,12.16666667,2,2,12.22222222,12.08333333,4,2.25,12.55555556,12.55555556,3,2,11.66666667,11.46666667,5,1.4,14,12.80952381,7,1.428571429,0.43,0.43,1,7,0.35,0.35,1,5,0.57,0.534,5,3.8,0.353333333,0.353333333,3,3.333333333,0.46,0.4225,4,2.75,18.75,11.25,11.25,13.75,11.25,15,15,11.25,11.25,12.5,2,1,1,1,1,1,1,1,1,2,0.26,0.27,0.26,0.23,0.25,41,42,32,32,41,2,3,2
67dd49c5b86cdc10df6d7e70,8.05,18,0.4805,0.514333333,1.27015873,33,0.40484127,0.464,2.5,19,15.26111111,15.91111111,13,10,4.6,20,12.1875,37.4,0.314,0.433333333,0.35,6,1,0.453333333,0.41,5,1.2,0.466666667,0.431428571,7,1.428571429,0.52,0.424444444,9,1.555555556,0.446666667,0.408333333,6,1.166666667,21.55555556,20.08333333,4,3,13.77777778,13.25,4,2.75,14.88888889,14.08333333,4,2.25,15.88888889,15.88888889,3,2,13.44444444,13,4,2.5,0.445,0.445,2,12,0.543333333,0.5075,4,6,0.483333333,0.465,4,7,0.523333333,0.4625,4,7.5,0.576666667,0.5225,4,7.75,10,15,12.5,15,10,13.75,10,10,15,11.25,3,4,4,5,9,8,1,1,7,4,0.23,0.23,0.3,0.48,0.33,24,29,39,49,46,4,3,3
67dac9fec33b7784afd3d08b,8.4,12,0.539333333,0.539333333,4.013333333,25,0.575244444,0.590666667,8.433333333,13,15.47777778,15.47777778,10,,7.4,20,15.9375,52.8,0.424,0.573333333,0.562,5,3.4,0.593333333,0.593333333,3,4.666666667,0.63,0.63,3,5.333333333,0.583333333,0.552,5,4,0.573333333,0.538888889,9,2.666666667,24.5,24.5,2,7.5,12.22222222,12.22222222,3,8,11.66666667,11.66666667,2,10,13.11111111,13.11111111,3,5,15.88888889,15.88888889,3,11.66666667,0.65,0.65,1,16,0.54,0.54,2,5,0.446666667,0.446666667,3,6,0.603333333,0.603333333,3,8.333333333,0.456666667,0.456666667,3,6.666666667,11.25,10.5,23.25,15,11.25,11.25,13.75,20,31.25,11.25,5,5,5,7,7,8,9,8,11,9,0.47,0.35,0.45,0.38,0.47,73,48,65,34,44,,,
67d9ef30fe8af2858e8dbbd3,6.183333333,17,0.5069,0.522666667,2.18452381,31,0.445321429,0.487333333,5.043333333,20,12.08666667,12.37777778,13,8,1,10,12.375,44.2,0.288,0.473333333,0.39,7,2.142857143,0.47,0.448333333,6,2.833333333,0.506666667,0.506666667,3,2,0.47,0.42875,8,2.375,0.516666667,0.452857143,7,1.571428571,13,12.46666667,5,3.6,12.77777778,12.13333333,5,5.2,11.66666667,11.66666667,3,3.333333333,11.66666667,11.66666667,3,7.333333333,12.77777778,12.5,4,5.75,0.316666667,0.316666667,3,6.666666667,0.56,0.56,2,3,0.64,0.592,5,6,0.553333333,0.553333333,3,7,0.543333333,0.5125,4,8.25,13.75,15,11.25,13.75,10,10,12.5,11.25,11.25,15,1,1,1,1,1,1,1,1,1,1,0.25,0.26,0.38,0.3,0.25,55,31,46,40,49,3,4,1
67d0a4ccb5587fff790273a7,9.2,6,0.444,0.444,4.33,23,0.4885,0.522,5.333333333,12,13.13333333,13.18888889,12,6,2.2,10,13,32.8,0.304,0.59,0.5325,4,3.75,0.583333333,0.536,5,5.4,0.46,0.45,4,2.5,0.503333333,0.486,5,5.6,0.473333333,0.438,5,4.4,13,13,3,5.666666667,15.16666667,15.16666667,2,5.5,11.66666667,11.66666667,2,6.5,13.33333333,13.33333333,1,6,12.77777778,12.5,4,3,0.41,0.41,1,2,0.59,0.59,1,13,0.57,0.57,1,17,0.26,0.26,1,6,0.39,0.39,2,8,10,10,15,10,22.5,18.75,10,10,13.75,10,1,1,2,3,1,4,2,2,4,2,0.22,0.31,0.43,0.28,0.28,29,32,44,31,28,3,1,2
67d0876b495c458433e597b0,6,1,0.41,0.41,,,,,,,,,,,,,,,,,,,,,,,,,,,,,,,,,,,,,,,,,,,,,,,,,,,,,,,,,,,,,,,,,,,,,,,,0.41,0.41,1,6,,,,,,,,,,,,,,,,,,,,,,,,,,,,,,,,,
67c71b1e1c4622620884df57,5.713448773,42,0.501234632,0.606666667,2.966161616,41,0.503176768,0.556,9.561666667,28,14.63277778,16.62222222,10,10,7.9,10,18.225,64,0.38,0.516666667,0.4975,4,2.75,0.58,0.513333333,12,2.333333333,0.55,0.487272727,11,2.636363636,0.59,0.507777778,9,3.111111111,0.543333333,0.51,5,4,12.44444444,12.05555556,6,9.833333333,16.55555556,13.375,8,5.375,11.66666667,11.26666667,5,11.4,29.88888889,24.13333333,5,7.2,12.55555556,12.33333333,4,14,0.56,0.436666667,9,3.555555556,0.556666667,0.437142857,7,6.857142857,0.69,0.558,10,6.1,0.656666667,0.556363636,11,5.454545455,0.57,0.518,5,6.6,13.75,18.25,19.5,22.5,26.25,15,13.75,20,18.25,15,4,8,9,6,8,7,10,10,8,9,0.25,0.44,0.48,0.32,0.41,51,63,78,68,60,5,2,3
67c60b46b619cad09b65ab51,8.05,18,0.507166667,0.531333333,3.23,22,0.4962,0.558,5.25,16,14.33333333,14.33333333,11,11,2,10,16.725,45.2,0.3,0.55,0.42,5,2.4,0.646666667,0.6325,4,4.5,0.536666667,0.485,4,2.75,0.553333333,0.456,5,4,0.503333333,0.4875,4,2.5,13.55555556,13.55555556,3,7,11.66666667,11.66666667,4,4.25,19.11111111,19.11111111,3,4.333333333,15.33333333,15.33333333,3,5,12,12,3,5.666666667,0.563333333,0.5125,4,7.75,0.586666667,0.5275,4,10,0.563333333,0.5525,4,7.5,0.453333333,0.453333333,3,7.666666667,0.49,0.49,3,7.333333333,23.75,11.25,15,19.5,19.5,20.75,11.25,11.25,22.5,12.5,1,1,1,3,2,2,2,3,3,2,0.24,0.27,0.41,0.32,0.26,50,37,47,52,40,5,3,3
67acfb244f95ff16b8c04704,19.5,2,0.525,0.525,,,,,,,,,,,,,,,,,,,,,,,,,,,,,,,,,,,,,,,,,,,,,,,,,,,,,,,,0.45,0.45,1,15,,,,,,,,,,,,,0.6,0.6,1,24,,,,,,,,,,,,,,,,,,,,,,,,,,,,,,,,,
67aae2b5797af1e296927d2a,3.86,20,0.5628,0.591333333,2.516666667,27,0.549933333,0.588,4.166666667,20,23.58416667,25.83222222,12,14,5.6,10,24.45,61.4,0.508,0.573333333,0.556666667,6,2,0.603333333,0.546666667,6,2.666666667,0.566666667,0.538,5,4,0.59,0.523333333,6,2.166666667,0.606666667,0.585,4,1.75,26.55555556,21.73333333,5,4,27.69444444,25.42083333,4,4.25,29.4,29.4,3,5.333333333,25.06666667,22.45,4,3.25,20.44444444,18.91666667,4,4,0.483333333,0.438,5,2.4,0.56,0.56,3,2.333333333,0.66,0.596,5,4.4,0.603333333,0.57,4,4.5,0.65,0.65,3,5.666666667,12.5,30.75,32,22.5,31.25,25,20.75,26.25,24.25,19.25,3,5,6,5,7,6,8,7,5,4,0.42,0.6,0.54,0.48,0.5,62,76,60,57,52,5,4,5
6786d7955dfbf40eae7ed3d9,11.74285714,19,0.54752381,0.570666667,6.442222222,26,0.510633333,0.545333333,10.37333333,18,12.93666667,13.27777778,13,12,3.3,10,15.125,65.6,0.366,0.556666667,0.556666667,3,8,0.526666667,0.502,5,7.2,0.553333333,0.482,5,5.4,0.573333333,0.5,9,6.111111111,0.516666667,0.5125,4,5.5,11.66666667,11.66666667,3,5.666666667,14,13.26666667,5,11.2,14.22222222,13.58333333,4,9,12,11.66666667,4,9.5,14.5,14.5,2,16.5,0.503333333,0.503333333,3,19.66666667,0.623333333,0.623333333,3,14.33333333,0.576666667,0.576666667,3,9.666666667,0.63,0.514285714,7,6.714285714,0.52,0.52,3,8.333333333,16.25,23.75,21.25,13.75,17.5,13.75,12.5,11.25,10,11.25,4,6,5,5,3,3,2,3,1,1,0.3,0.46,0.3,0.43,0.34,76,75,60,56,61,4,5,3
6785704c3b1ab8813a4958b0,4.51,23,0.4688,0.511333333,1.533333333,25,0.503111111,0.538,3.05,16,17.16666667,17.24444444,9,12,10.1,10,22.925,57.4,0.498,0.55,0.55,3,1,0.626666667,0.528888889,9,1.666666667,0.52,0.496,5,1.2,0.486666667,0.434,5,1.8,0.506666667,0.506666667,3,2,18.77777778,18.77777778,3,3,12.55555556,12.55555556,3,1.333333333,22.33333333,22.33333333,3,4,16.66666667,16.66666667,3,2.666666667,15.88888889,15.5,4,4.25,0.556666667,0.5275,4,5.25,0.52,0.486,5,2,0.503333333,0.4625,4,5.5,0.453333333,0.408,5,4.8,0.523333333,0.46,5,5,22,22,20,20.75,19.5,32,23.25,29.5,23.25,17,11,10,12,7,9,10,14,10,9,9,0.49,0.48,0.55,0.48,0.49,58,53,61,46,69,5,4,3
6784133089e3f78e0e08c94d,8.533333333,9,0.579333333,0.579333333,2.016666667,18,0.517033333,0.536333333,2.65,14,15.8,16.15555556,10,11,1.8,10,12.45,44,0.352,0.56,0.516,5,2,0.505,0.505,2,1.5,0.503333333,0.485,4,1.25,0.506666667,0.4725,4,2,0.606666667,0.606666667,3,3.333333333,12.55555556,12.33333333,4,1.75,17.88888889,16.33333333,4,2,18,18,2,3.5,16.33333333,16.33333333,2,3,16,16,2,3,0.5,0.5,1,13,0.516666667,0.516666667,3,6.333333333,0.67,0.67,1,10,0.67,0.67,1,6,0.54,0.54,3,7.333333333,18.25,11.25,12.5,13.75,12.5,11.25,11.25,10,11.25,12.5,1,1,2,1,2,2,1,2,3,3,0.24,0.45,0.34,0.37,0.36,35,46,42,51,46,4,3,4
677fb35eafd357a07e351a9f,14.45,18,0.626833333,0.648666667,5.913333333,32,0.527466667,0.573333333,17.3,10,23.4,23.4,9,13,2.5,10,14.725,58.4,0.452,0.56,0.534,5,7,0.623333333,0.543333333,6,6,0.49,0.476,5,6.6,0.573333333,0.514,10,5.3,0.62,0.57,6,4.666666667,13.5,13.5,2,16,27.66666667,27.66666667,2,15.5,20,20,2,10.5,37,37,2,23.5,18.83333333,18.83333333,2,21,0.66,0.66,1,32,0.613333333,0.5775,4,8.25,0.756666667,0.716666667,6,7.666666667,0.67,0.67,3,13.33333333,0.543333333,0.51,4,11,11.25,12.5,10.5,12.5,11.25,20.75,14.5,17,24.5,12.5,3,3,4,4,3,1,1,2,2,2,0.25,0.4,0.54,0.49,0.58,54,53,60,61,64,4,4,5
6779c8fd10ec19bf89b5f9d8,6.773333333,24,0.541033333,0.606,2.013846154,63,0.492595604,0.572,5.026839827,34,13.91176046,15.51111111,14,12,3.6,10,21.55,55.6,0.446,0.563333333,0.479230769,13,1.923076923,0.57,0.516,10,2.3,0.6,0.513076923,13,1.692307692,0.546666667,0.449285714,14,2,0.58,0.505384615,13,2.153846154,14.44444444,13.38888889,6,6,14.22222222,13.23809524,7,4.285714286,19.88888889,16.18181818,11,3.181818182,16.11111111,14.16666667,6,3.166666667,12.88888889,12.58333333,4,8.5,0.52,0.52,3,8.666666667,0.58,0.5175,4,6,0.643333333,0.606666667,6,6.5,0.61,0.505,6,5.5,0.676666667,0.556,5,7.2,21.25,12.5,33.75,25.75,29.5,18.25,23.25,15,22.5,13.75,4,2,4,5,6,4,5,3,2,1,0.49,0.38,0.37,0.5,0.49,53,60,41,52,72,2,5,5
6779ab59311fd2904146f0d7,7.766666667,8,0.431666667,0.431666667,1.5,26,0.442404762,0.482666667,4.235,23,11.93333333,12.4,,4,1,10,11.75,8.8,0.208,0.516666667,0.442857143,7,1,0.47,0.47,1,2,0.486666667,0.421666667,6,1,0.493333333,0.47,4,2.5,0.446666667,0.4075,8,1,12,11.41666667,8,3.125,13.33333333,12.66666667,4,3,12.22222222,11.66666667,5,3.8,11.66666667,11.66666667,2,5,12.77777778,12.25,4,6.25,0.26,0.26,1,8,0.35,0.35,1,3,0.513333333,0.513333333,3,5.333333333,0.395,0.395,2,4.5,0.64,0.64,1,18,11.25,11.25,11.25,11.25,11.25,11.25,11.25,11.25,16.25,11.25,1,1,1,1,1,1,1,1,1,1,0.19,0.21,0.21,0.21,0.22,14,9,6,6,9,,,4
67777187e7ba2f3ced22e601,5.3,14,0.457666667,0.473,1.4,9,0.383,0.383,3.4,9,13.65555556,13.65555556,12,3,1,10,11.25,25.8,0.214,0.225,0.225,2,1,0.555,0.555,2,1.5,0.35,0.35,1,2,0.415,0.415,2,1.5,0.37,0.37,2,1,15,15,1,6,10.66666667,10.66666667,1,2,12.77777778,12.77777778,3,3,16,16,2,3.5,13.83333333,13.83333333,2,2.5,0.49,0.49,1,5,0.28,0.28,2,6.5,0.613333333,0.536666667,6,4.5,0.486666667,0.486666667,3,6,0.495,0.495,2,4.5,11.25,12.5,11.25,11.25,11.25,10,11.25,11.25,11.25,11.25,1,1,1,1,1,1,1,1,1,1,0.21,0.21,0.23,0.23,0.19,25,28,28,25,23,,2,1
677580b9fa6b77a8332d2237,7.133333333,15,0.424666667,0.427666667,1.903333333,19,0.489766667,0.51,4.85,14,15.23333333,15.61111111,10,10,4.9,10,19.825,50.6,0.382,0.503333333,0.503333333,3,1.666666667,0.526666667,0.5,5,1.8,0.53,0.498,5,2.8,0.47,0.4275,4,2.25,0.52,0.52,2,1,14.5,14.5,2,2.5,20,18.33333333,4,7.5,12.55555556,12.33333333,4,4.25,19.33333333,19.33333333,1,8,11.66666667,11.66666667,3,2,0.486666667,0.486666667,3,8,0.486666667,0.486666667,3,6.333333333,0.42,0.42,3,9.333333333,0.38,0.365,4,7,0.365,0.365,2,5,29.5,13.75,17.5,25.75,19.5,24,15,22,15,16.25,3,7,4,8,2,6,4,4,8,3,0.47,0.31,0.49,0.39,0.25,78,54,61,29,31,3,3,4
6773f9ecbf8a434754bdbdab,12.76,21,0.525885714,0.558,9.446666667,26,0.5064,0.546,21.66666667,15,16.46666667,16.46666667,11,4,2.1,10,13.425,119.4,0.502,0.553333333,0.518,5,8.6,0.556666667,0.534,5,10.4,0.563333333,0.526,5,11,0.51,0.44,6,8.833333333,0.546666667,0.514,5,8.4,12.77777778,12.77777778,3,15.66666667,15.55555556,15.55555556,3,30.66666667,15.11111111,15.11111111,3,22,22,22,3,21.33333333,16.88888889,16.88888889,3,18.66666667,0.47,0.47,3,15,0.546666667,0.546666667,3,18,0.593333333,0.593333333,3,9,0.596666667,0.481428571,7,9,0.583333333,0.538,5,12.8,10,13.75,12.5,13.75,11.75,13.75,11.25,21.25,12.5,13.75,2,1,4,2,2,3,2,1,2,2,0.46,0.57,0.5,0.59,0.39,138,119,107,124,109,3,1,
676dcbd74fba5b642d1e2f01,10.88666667,17,0.621833333,0.644333333,2.321904762,28,0.512980952,0.550666667,9.45,16,19.77777778,20.63333333,12,,5.2,10,25.175,78.8,0.53,0.59,0.565,4,3,0.593333333,0.548,5,1.8,0.526666667,0.488571429,7,2.142857143,0.536666667,0.486666667,6,2.333333333,0.506666667,0.476666667,6,2.333333333,20.22222222,20.22222222,3,7.666666667,19.77777778,17.75,4,9.75,23.33333333,21.08333333,4,10,20.16666667,20.16666667,2,10.5,19.66666667,19.66666667,3,9.333333333,0.656666667,0.58,5,12.6,0.626666667,0.626666667,3,12,0.615,0.615,2,10.5,0.583333333,0.5475,4,9,0.74,0.74,3,10.33333333,25,32.25,10,27,34.5,21.25,18.25,38.25,28.25,17,1,9,1,6,6,6,5,7,7,4,0.52,0.53,0.55,0.53,0.52,81,61,77,87,88,,,
676b89007874c8eace113276,12.4,17,0.674166667,0.696,5.946666667,17,0.513333333,0.524,9.5,10,19.5,19.5,10,7,2.8,10,14.525,73,0.568,0.54,0.54,3,9.333333333,0.55,0.55,3,4,0.466666667,0.466666667,3,3,0.483333333,0.43,5,6.4,0.58,0.58,3,7,13.83333333,13.83333333,2,8.5,24.66666667,24.66666667,2,11.5,29.33333333,29.33333333,2,5,13.33333333,13.33333333,2,9.5,16.33333333,16.33333333,2,13,0.6,0.58,4,12.75,0.68,0.655,4,11.75,0.723333333,0.723333333,3,13,0.72,0.72,2,10,0.756666667,0.6925,4,14.5,13.75,12.5,13.75,13.75,18.75,13.75,12.5,15,19,12.5,4,3,2,3,3,2,3,5,1,2,0.65,0.55,0.58,0.52,0.54,72,63,96,63,71,,4,3
6767202a0793489cda4738d2,13.86666667,9,0.529333333,0.529333333,2.3,12,0.498,0.498,11.1,8,18.13333333,18.13333333,10,12,4.1,10,13.3,53.8,0.356,0.475,0.475,2,1.5,0.525,0.525,2,2,0.486666667,0.486666667,3,3,0.443333333,0.443333333,3,2,0.56,0.56,2,3,22.66666667,22.66666667,1,15,13.66666667,13.66666667,2,5,11.66666667,11.66666667,2,3,11.66666667,11.66666667,2,6.5,31,31,1,26,0.615,0.615,2,13,0.39,0.39,1,23,0.65,0.65,1,19,0.416666667,0.416666667,3,6.333333333,0.575,0.575,2,8,18.75,11.25,14.25,11.25,11.25,11.25,11.25,11.25,21.25,11.25,4,4,4,4,4,5,4,3,5,4,0.29,0.39,0.5,0.31,0.29,53,62,53,55,46,4,4,4
676556ccb7aac9ede13d73c9,13.75333333,22,0.470466667,0.512,4.813333333,27,0.5246,0.566666667,15.23333333,15,18.30555556,19.48888889,,10,5.7,10,14.575,45.8,0.37,0.576666667,0.52,6,4.333333333,0.633333333,0.575,6,5.333333333,0.53,0.502,5,5.6,0.513333333,0.482,5,4.4,0.58,0.544,5,4.4,20.66666667,18.58333333,4,11,18.83333333,18.83333333,2,32,18.44444444,18.44444444,3,9.666666667,27,23.16666667,4,8.5,12.5,12.5,2,15,0.47,0.47,2,29.5,0.456666667,0.456666667,3,11.66666667,0.556666667,0.5,6,9.666666667,0.56,0.494,5,9.6,0.516666667,0.431666667,6,8.333333333,23.75,11.25,12.5,16.25,15,11.25,11.25,22,11.25,11.25,8,4,4,6,13,4,5,5,4,4,0.29,0.45,0.57,0.28,0.26,33,64,51,36,45,3,4,3
67606c975d33dc79c280063e,8.69,30,0.527733333,0.601333333,4.486666667,33,0.511009524,0.568,6.674285714,31,23.14328042,26.08888889,10,10,8.3,10,28.125,41,0.338,0.586666667,0.555714286,7,5,0.613333333,0.558333333,6,4.833333333,0.516666667,0.482,5,3.6,0.56,0.441,10,3.6,0.563333333,0.518,5,5.4,23.77777778,22.26666667,5,6.8,29.88888889,23.48148148,9,6.666666667,28.22222222,23.23809524,7,5.714285714,25.44444444,25.44444444,3,7.333333333,23.11111111,21.28571429,7,6.857142857,0.463333333,0.463333333,3,9.666666667,0.603333333,0.522,5,9.2,0.656666667,0.583333333,6,7.833333333,0.65,0.51375,8,8.125,0.633333333,0.55625,8,8.625,35,18,33.75,27,33.25,23.75,32,27,28.25,23.25,12,10,10,10,10,6,5,7,6,7,0.44,0.25,0.35,0.37,0.28,73,33,35,30,34,5,4,1
67606663e5ad15d60ffeb222,6.771428571,31,0.575619048,0.644666667,3.848571429,49,0.517152381,0.596666667,4.373888889,38,14.68148148,17.75555556,11,10,1.9,10,19.825,39.6,0.424,0.626666667,0.541,10,3.5,0.61,0.504,10,3.8,0.55,0.525714286,7,4.571428571,0.623333333,0.509333333,15,3.8,0.573333333,0.505714286,7,3.571428571,11.66666667,11.66666667,5,3.8,18.11111111,14.83333333,8,4.875,25.33333333,19.08333333,8,5.625,17,14.08333333,8,3.125,16.66666667,13.74074074,9,4.444444444,0.616666667,0.535714286,7,9,0.523333333,0.46,7,5.428571429,0.663333333,0.635,4,6,0.686666667,0.625714286,7,6.428571429,0.733333333,0.621666667,6,7,11.25,19.5,12.5,27.5,12.5,23.75,19.25,18.75,33.25,20,2,1,1,1,2,1,2,2,5,2,0.25,0.41,0.6,0.44,0.42,33,37,51,33,44,3,3,4
676060d8382a3f0292c2c788,9.355,26,0.51195,0.57,3.914285714,25,0.520428571,0.552,5.603333333,18,15.11555556,15.71111111,10,3,2.4,10,15.9,55.2,0.474,0.556666667,0.516,5,3.4,0.646666667,0.6075,4,8.5,0.52,0.4975,4,2.5,0.51,0.477142857,7,2.571428571,0.526666667,0.504,5,2.6,11.66666667,11.66666667,3,2.666666667,17.22222222,17.22222222,3,10.66666667,15.55555556,15.55555556,3,8.333333333,19.22222222,17.33333333,4,3.75,14.88888889,13.8,5,2.6,0.59,0.56,4,10.25,0.41,0.3925,4,9.75,0.65,0.584,5,11.2,0.61,0.52125,8,7.375,0.59,0.502,5,8.2,15,11.25,13.75,10,20.75,22,23,10,20.75,12.5,1,3,2,1,2,4,4,1,4,2,0.46,0.49,0.67,0.48,0.27,59,68,71,59,19,1,1,1
676055469b245b53e81358d0,6.728571429,32,0.497880952,0.585333333,1.669047619,24,0.51297619,0.550666667,14.08333333,13,19.01111111,19.22222222,,3,1.1,10,11.75,40.4,0.318,0.5,0.5,3,1,0.576666667,0.535,4,1.5,0.573333333,0.511666667,6,1.666666667,0.503333333,0.465714286,7,1.428571429,0.6,0.5525,4,2.75,29.33333333,29.33333333,2,24,17.55555556,16.5,4,9.75,18.5,18.5,2,15,14.88888889,14.88888889,3,9.666666667,15.83333333,15.83333333,2,12,0.603333333,0.5675,4,12,0.543333333,0.466666667,6,5,0.68,0.558571429,7,7.142857143,0.516666667,0.446666667,6,4.833333333,0.583333333,0.45,9,4.666666667,11.25,15,10,11.25,13.75,11.25,11.25,11.25,11.25,11.25,1,2,1,1,1,1,1,1,1,1,0.22,0.24,0.47,0.32,0.34,40,40,47,38,37,,2,1
675b73a2f8ca714cdf307be7,24.16666667,13,0.748333333,0.748333333,18.73333333,15,0.635333333,0.639,19.66666667,12,31.91111111,31.91111111,13,,7,20,32.175,92.4,0.646,0.633333333,0.615,4,15.5,0.643333333,0.643333333,3,22,0.603333333,0.603333333,3,19,0.675,0.675,2,19.5,0.64,0.64,3,17.66666667,34.88888889,34.88888889,3,18.66666667,35.33333333,35.33333333,2,16.5,39.16666667,39.16666667,2,23.5,11.66666667,11.66666667,3,15.66666667,38.5,38.5,2,24,0.685,0.685,2,25,0.69,0.69,2,36.5,0.773333333,0.773333333,3,18.33333333,0.81,0.81,3,22,0.783333333,0.783333333,3,19,10,30,42,37.75,10,40,40.75,37,35.75,38,1,5,8,8,1,8,10,10,9,10,0.66,0.66,0.61,0.65,0.65,92,88,96,95,91,,,
674bea1eb044fbe75795fef1,7.154700855,50,0.515863248,0.618,1.830769231,72,0.52882735,0.596666667,5.23,20,13.41555556,14,12,11,1.6,10,13.075,43.6,0.414,0.603333333,0.532,15,2,0.65,0.564444444,18,2,0.53,0.478461538,13,1.923076923,0.603333333,0.528461538,13,1.538461538,0.596666667,0.540769231,13,1.692307692,12.77777778,12.33333333,5,1.6,16.33333333,14.8,5,5.8,16.44444444,15.5,4,7.75,11.66666667,11.66666667,3,3.666666667,12.77777778,12.77777778,3,7.333333333,0.663333333,0.582222222,9,9.111111111,0.59,0.494444444,9,7.888888889,0.59,0.491111111,9,5.888888889,0.576666667,0.46,10,6.5,0.67,0.551538462,13,6.384615385,10,12.5,10,13.75,15,11.25,20.75,13.75,12.5,11.25,1,2,1,1,2,1,3,1,2,2,0.36,0.59,0.35,0.44,0.33,61,70,40,38,9,5,3,3
673c8c2a86f12a6e2c1764a4,11.76666667,11,0.589333333,0.589333333,7.233333333,11,0.511,0.511,9.066666667,12,15.08888889,15.08888889,,8,1.1,10,11.625,58.8,0.312,0.56,0.56,1,10,0.456666667,0.456666667,3,7,0.493333333,0.493333333,3,2.666666667,0.535,0.535,2,10.5,0.51,0.51,2,6,11.66666667,11.66666667,3,9.333333333,13.5,13.5,2,8.5,16.44444444,16.44444444,3,12,18,18,2,5.5,15.83333333,15.83333333,2,10,0.61,0.61,1,23,0.52,0.52,2,7,0.65,0.65,2,11.5,0.603333333,0.603333333,3,6.666666667,0.563333333,0.563333333,3,10.66666667,11.25,13.75,12.5,11.25,11.25,11.25,11.25,11.25,11.25,11.25,1,2,1,1,1,1,1,1,1,1,0.25,0.26,0.4,0.38,0.27,60,74,53,60,47,3,1,4
67356f7cf6ff16fe3322a837,8.766666667,8,0.494666667,0.494666667,3.233333333,12,0.503,0.503,3.433333333,15,12.61111111,12.61111111,12,9,1.8,10,13.7,32.4,0.336,0.516666667,0.516666667,3,3,0.513333333,0.513333333,3,2.666666667,0.48,0.48,2,3,0.47,0.47,2,5,0.535,0.535,2,2.5,11.66666667,11.66666667,4,3,11.66666667,11.66666667,3,4.666666667,12.55555556,12.55555556,3,5,13.66666667,13.66666667,3,2,13.5,13.5,2,2.5,0.58,0.58,1,7,0.42,0.42,1,10,0.593333333,0.593333333,3,6.333333333,0.46,0.46,2,9.5,0.42,0.42,1,11,10,26.25,10,11.25,10,10,11.25,22,11.25,15,2,3,1,2,1,1,3,1,3,1,0.27,0.36,0.36,0.31,0.38,31,40,35,25,31,2,5,2
672451c5f4e558e08242d746,8.433333333,14,0.453,0.459666667,2.783333333,23,0.415366667,0.453333333,7.566666667,14,13.92222222,13.92222222,8,11,1,10,11.375,45.8,0.306,0.45,0.373333333,6,2.166666667,0.46,0.426,5,3,0.5,0.485,4,3.75,0.42,0.3775,4,2.5,0.436666667,0.415,4,2.5,12.55555556,12.55555556,3,6.666666667,14.88888889,14.88888889,3,8.333333333,13,13,3,5.333333333,12.5,12.5,2,9.5,16.66666667,16.66666667,3,8,0.4,0.4,3,9,0.405,0.405,2,13,0.523333333,0.49,4,7,0.46,0.46,2,6.5,0.51,0.51,3,6.666666667,11.25,11.25,11.25,11.25,11.25,11.25,12.5,11.25,11.25,11.25,1,1,1,1,1,1,1,1,1,1,0.26,0.26,0.29,0.43,0.29,47,52,46,44,40,5,4,2
671f93838d7481cd8a0d137d,23.53,18,0.639166667,0.678,13.01777778,41,0.536755556,0.620666667,18.62666667,23,23.82666667,26.97777778,12,10,12.1,10,21.625,107.6,0.5,0.656666667,0.53,8,11,0.613333333,0.55,6,15.5,0.613333333,0.54,8,12.5,0.6,0.496,10,12.2,0.62,0.567777778,9,13.88888889,24.22222222,22.5,4,21.25,29.88888889,27.16666667,4,21.25,22.33333333,17.66666667,6,10.33333333,29.88888889,26.46666667,5,16.8,28.55555556,25.33333333,4,23.5,0.69,0.69,2,34.5,0.63,0.565,4,25.75,0.643333333,0.643333333,3,24,0.7,0.58,5,13.4,0.726666667,0.7175,4,20,25.75,16.25,32,26.75,19.25,18.25,27.5,15,20.5,15,15,10,8,14,11,12,14,16,12,9,0.46,0.46,0.54,0.46,0.58,90,131,111,101,105,3,3,4
671d7a754bafa85dac6e0683,8.083333333,19,0.471305556,0.538888889,,,,,,,,,,,,,,,,,,,,,,,,,,,,,,,,,,,,,,,,,,,,,,,,,,,,,,,,,,,,,,,,0.56,0.526,5,10,0.566666667,0.44625,8,6.75,0.49,0.441666667,6,7.5,,,,,,,,,,,,,,,,,,,,,,,,,,,,,,,,,
671038fb26ff82aa6081d040,4.85,15,0.471166667,0.479333333,2.67,21,0.49,0.514,4.566666667,16,16.66111111,17.38888889,8,9,2.7,10,13.2,42,0.308,0.49,0.49,3,2,0.546666667,0.518,5,2,0.506666667,0.5,4,3.75,0.523333333,0.462,5,2.6,0.503333333,0.48,4,3,12.22222222,12.22222222,3,4.333333333,12.55555556,12.08333333,4,3.5,20.66666667,20.66666667,3,6,24.33333333,21.16666667,4,4,17.16666667,17.16666667,2,5,0.535,0.535,2,5,0.465,0.465,2,6.5,0.58,0.5475,4,5,0.393333333,0.385,4,4.75,0.423333333,0.423333333,3,3,13.75,20,12.5,10,12.5,11.25,14.5,12.5,11.25,13.75,3,1,3,4,3,3,1,2,3,4,0.22,0.22,0.37,0.34,0.39,31,42,47,41,49,3,3,3
670da3fd0b8a2f7a542a2b24,19.54,19,0.494942857,0.533666667,4.322857143,26,0.494738095,0.537333333,4.736190476,24,14.83857143,16.86666667,13,13,4.2,10,16,69.6,0.464,0.543333333,0.462857143,7,5.142857143,0.586666667,0.53,7,3.571428571,0.586666667,0.53,5,4.4,0.423333333,0.423333333,3,5,0.546666667,0.5275,4,3.5,14.55555556,13.2,5,8.8,11,10.91666667,4,2.5,14,14,3,3.666666667,26,20.6,5,3,18.77777778,15.47619048,7,5.714285714,0.67,0.67,1,55,0.465,0.465,2,24,0.526666667,0.484,5,6.2,0.593333333,0.475714286,7,6,0.413333333,0.38,4,6.5,20,15,13.75,22.5,10,16.25,12.5,23.75,11.25,15,4,6,5,5,2,4,6,4,3,3,0.44,0.49,0.53,0.43,0.43,58,89,66,62,73,5,2,6
66ff44c7da088df3cdf9cd0f,6.304761905,27,0.459033333,0.518,6.035555556,34,0.499057143,0.592,6.182380952,27,13.23761905,14.86666667,14,12,6.6,20,16.45,48.6,0.34,0.583333333,0.456,5,7.4,0.646666667,0.513333333,9,4.777777778,0.563333333,0.501666667,6,6,0.563333333,0.498571429,7,6,0.603333333,0.525714286,7,6,13.66666667,12.86666667,5,6.4,18.33333333,15,6,5.833333333,13.66666667,12.75,4,6.25,14.77777778,12.57142857,7,4.428571429,13.88888889,13,5,8,0.58,0.52,5,8.6,0.42,0.376,5,6.4,0.573333333,0.521666667,6,5.666666667,0.523333333,0.43,7,4.857142857,0.493333333,0.4475,4,6,15.75,20.75,11.25,12.5,24.5,10,11.25,28.25,12.5,17.5,4,6,4,8,7,5,6,7,12,7,0.27,0.37,0.42,0.34,0.3,57,48,46,45,47,5,3,4
66fd3f6c93c24ecc119be354,12.4,18,0.476166667,0.497666667,10.11666667,19,0.549833333,0.567333333,14.16666667,14,18.47222222,18.52222222,,11,5.4,10,16.95,62.8,0.432,0.603333333,0.5725,4,7,0.566666667,0.545,4,12.25,0.54,0.54,3,12.66666667,0.646666667,0.611666667,6,9.666666667,0.48,0.48,2,9,17.33333333,17.33333333,2,14,15.33333333,15.33333333,3,11,24.77777778,24.77777778,3,11.33333333,23.5,23.5,2,29.5,11.66666667,11.41666667,4,5,0.413333333,0.413333333,3,9.666666667,0.426666667,0.426666667,3,12.66666667,0.59,0.533333333,6,7.666666667,0.583333333,0.5325,4,7,0.475,0.475,2,25,17.5,13.75,11.25,22,20,22,11.25,18,17.5,16.25,6,5,1,8,10,5,2,6,7,4,0.26,0.5,0.67,0.37,0.36,57,62,95,28,72,4,3,4
66faa830ac165a79e559da2a,29.6,5,0.64,0.64,63.2,5,0.578,0.578,27.4,5,22.38666667,22.38666667,13,7,13.9,10,28.4,94.8,0.618,0.63,0.63,1,69,0.68,0.68,1,60,0.56,0.56,1,69,0.59,0.59,1,56,0.43,0.43,1,62,15.66666667,15.66666667,1,28,21.6,21.6,1,26,22.66666667,22.66666667,1,30,27.66666667,27.66666667,1,26,24.33333333,24.33333333,1,27,0.69,0.69,1,29,0.78,0.78,1,32,0.57,0.57,1,39,0.7,0.7,1,30,0.46,0.46,1,18,33.75,36,42.5,35.5,34.5,40.5,12.5,21.25,17.5,10,10,12,11,13,15,13,14,19,17,15,0.61,0.56,0.64,0.6,0.68,97,118,88,88,83,1,3,3
66ef212cf79668f34be612d8,11.09571429,38,0.510728571,0.602,2.075151515,50,0.49360303,0.570666667,9.316666667,23,17.59666667,19.68888889,9,13,3.4,10,12.925,85.2,0.522,0.6,0.524,10,2.3,0.636666667,0.5075,12,1.5,0.54,0.479090909,11,3.181818182,0.54,0.469090909,11,1.727272727,0.536666667,0.488333333,6,1.666666667,19.22222222,17.06666667,5,8,18.11111111,17.16666667,4,8.25,25.88888889,22.33333333,4,9.25,17.11111111,14.66666667,6,6.333333333,18.11111111,16.75,4,14.75,0.546666667,0.462,5,15.2,0.47,0.422,5,16.6,0.77,0.653333333,9,9,0.613333333,0.479166667,12,8.25,0.61,0.537142857,7,6.428571429,11.25,12.5,12.5,12.5,12.5,18,12.5,11.25,12.5,13.75,1,3,3,3,5,4,4,4,3,4,0.44,0.56,0.58,0.55,0.48,74,88,76,98,90,5,4,4
66eeda2bc7d6e9b92b4a81c0,6.5,8,0.536,0.536,1.96952381,23,0.502085714,0.524,4,14,24.33333333,24.33333333,8,7,3.9,10,22.23333333,37.4,0.348,0.516666667,0.5025,4,1.75,0.57,0.5625,4,2.25,0.52,0.52,3,2.333333333,0.506666667,0.464,5,1.8,0.506666667,0.461428571,7,1.714285714,22.66666667,22.66666667,2,2,24.33333333,24.33333333,3,6.666666667,28.55555556,28.55555556,3,3.333333333,22.11111111,22.11111111,3,3,24,24,3,5,0.45,0.45,1,7,0.395,0.395,2,7,0.655,0.655,2,6.5,0.58,0.58,1,6,0.6,0.6,2,6,10,10,32.5,31.25,26.25,30.75,23.75,29.5,10,18.33333333,1,1,6,5,4,6,6,4,1,5,0.37,0.41,0.47,0.26,0.23,49,32,50,30,26,2,2,3
66e7a809808daaac1a79dd40,9.666666667,14,0.482,0.49,2.790952381,24,0.449533333,0.494666667,4.783333333,14,11.98333333,12.03333333,13,10,3.3,10,11.375,39,0.322,0.47,0.372,5,2.4,0.6,0.564,5,2.4,0.416666667,0.416666667,3,3.333333333,0.513333333,0.44,7,2.571428571,0.473333333,0.455,4,3.25,11,11,3,4.666666667,11.66666667,11.41666667,4,1.75,11.66666667,11.66666667,1,5,14.16666667,14.16666667,2,8,11.66666667,11.66666667,4,4.5,0.62,0.62,2,16.5,0.39,0.39,2,8.5,0.48,0.48,3,8,0.5,0.46,4,7,0.46,0.46,3,8.333333333,13.75,12.5,11.25,11.25,12.5,10,10,10,11.25,11.25,4,3,4,3,4,3,3,3,3,3,0.29,0.33,0.26,0.27,0.46,49,50,36,16,44,3,4,3
66db9db4324609f1a7231f49,3.9,27,0.463666667,0.517333333,1.835714286,30,0.497071429,0.560666667,2.7,15,14.36666667,14.66666667,9,12,3.3,10,14.225,37.6,0.31,0.576666667,0.526666667,6,1.666666667,0.603333333,0.505714286,7,1.857142857,0.563333333,0.487142857,7,1.571428571,0.546666667,0.458333333,6,1.833333333,0.513333333,0.5075,4,2.25,13,13,3,4,16.66666667,15.16666667,4,3,13,13,2,1.5,15.33333333,15.33333333,3,1.666666667,15.33333333,15.33333333,3,3.333333333,0.533333333,0.49,4,4,0.59,0.48,6,2.833333333,0.576666667,0.495,8,4.5,0.403333333,0.37,6,4.166666667,0.483333333,0.483333333,3,4,15,12.5,15,12.5,19.25,13,12.5,11.25,18.75,12.5,5,3,4,2,3,4,2,2,4,4,0.25,0.38,0.27,0.33,0.32,27,43,39,51,28,5,3,4
66d88375799e00b593a8655f,7.921428571,25,0.496842857,0.556666667,1.784126984,37,0.494126984,0.545333333,4.158571429,24,13.0852381,13.84444444,,14,6.4,10,14.925,80.6,0.472,0.533333333,0.508571429,7,1.714285714,0.583333333,0.527777778,9,1.777777778,0.546666667,0.48,7,1.571428571,0.536666667,0.457142857,7,1.857142857,0.526666667,0.497142857,7,2,14.77777778,13.53333333,5,3.4,14.22222222,13.58333333,4,4.5,11.66666667,11.66666667,4,3.75,15.88888889,14.83333333,4,5,12.66666667,11.80952381,7,4.142857143,0.62,0.554,5,10.6,0.583333333,0.535,4,10.25,0.61,0.542,5,7.4,0.586666667,0.485714286,7,5.857142857,0.383333333,0.3675,4,5.5,12.5,13.75,10.5,21.25,14.25,11.25,18.25,17.5,17.5,12.5,6,5,6,9,6,5,8,6,8,5,0.3,0.48,0.59,0.51,0.48,76,88,79,84,76,4,6,4
66d4407f31981698998d25d8,8.693333333,16,0.478133333,0.49,6,5,0.48,0.48,22,5,25.93333333,25.93333333,13,6,6.1,10,17.725,61,0.392,0.6,0.6,1,4,0.5,0.5,1,7,0.49,0.49,1,9,0.35,0.35,1,6,0.46,0.46,1,4,22.33333333,22.33333333,1,31,26,26,1,25,26,26,1,18,22.66666667,22.66666667,1,7,32.66666667,32.66666667,1,29,0.503333333,0.503333333,3,8.666666667,0.37,0.37,2,12,0.573333333,0.573333333,3,9,0.5,0.5,3,8,0.503333333,0.444,5,5.8,20.5,21.25,22,20.75,22,15,12.5,11.25,11.25,20.75,6,7,6,6,7,7,5,6,5,6,0.42,0.34,0.44,0.41,0.35,49,66,70,53,67,3,3,
66ccbb7d4109382e498e3c82,11.44,21,0.4875,0.525333333,9.352857143,27,0.518304762,0.548,7.243333333,21,13.85511111,14.67555556,13,13,3.7,10,13.025,76.2,0.378,0.53,0.515,4,9.25,0.586666667,0.551666667,6,10,0.63,0.562857143,7,12.71428571,0.513333333,0.502,5,8.8,0.48,0.46,5,6,19.2,17.4,4,5.25,12.22222222,12.22222222,3,9.666666667,15.06666667,13.84,5,7.2,13,12.48,5,7.6,13.88888889,13.33333333,4,6.5,0.55,0.464,5,8.6,0.49,0.49,2,15,0.48,0.436,5,8.4,0.56,0.54,5,12.2,0.546666667,0.5075,4,13,14.5,11.25,11.25,11.25,13.25,15,11.25,11.25,15,16.25,4,4,3,3,4,4,4,3,4,4,0.28,0.38,0.35,0.4,0.48,69,87,74,73,78,4,5,4
66cb2e0bd2169db778550269,10.29333333,23,0.5358,0.572666667,3.87,28,0.529716667,0.562,29.95,11,21.73,22.00666667,8,9,5.8,10,19.175,69.4,0.454,0.566666667,0.543333333,6,4,0.6,0.53875,8,3.5,0.526666667,0.5025,4,4.25,0.533333333,0.506,5,3.6,0.583333333,0.558,5,4,24.6,24.6,1,56,21.2,21.2,2,24.5,15.53333333,14.15,4,15.25,22.6,22.6,2,21,26.1,26.1,2,33,0.64,0.64,3,14,0.593333333,0.593333333,3,13.66666667,0.54,0.494,5,7.8,0.613333333,0.508333333,6,7.166666667,0.476666667,0.443333333,6,8.833333333,13.75,27,13.75,23.25,22,24.5,23.25,16.25,11.25,16.75,5,5,6,8,5,3,6,7,4,9,0.28,0.55,0.49,0.5,0.45,49,68,80,76,74,3,3,3
66c6683f6336ebf638da4db4,7.266666667,21,0.4876,0.527333333,4.453333333,31,0.49185,0.542,7.023809524,17,15.07301587,15.84444444,14,11,7.4,10,12.725,85.2,0.418,0.496666667,0.44,8,2.875,0.533333333,0.46625,8,3.375,0.546666667,0.508,5,6.6,0.54,0.505,6,4.666666667,0.593333333,0.54,4,4.75,11.66666667,11.66666667,2,4,18.66666667,14.80952381,7,5.285714286,14.55555556,14.55555556,3,7.666666667,22.66666667,22.66666667,2,7.5,11.66666667,11.66666667,3,10.66666667,0.526666667,0.526666667,3,8.666666667,0.383333333,0.383333333,3,9.666666667,0.636666667,0.596,5,6,0.503333333,0.426,5,5.2,0.586666667,0.506,5,6.8,11.25,10,13.75,13.75,12.5,15.5,10.5,11.25,11.25,17.5,7,6,9,7,9,6,7,8,7,8,0.32,0.44,0.46,0.47,0.4,82,76,89,85,94,4,3,4
66c4a3da2faac6abe33860ec@auth.prolific.com,7.5,4,0.495,0.546666667,4.710952381,21,0.541119048,0.579666667,,,,,,,,,,,,0.625,0.625,2,4.5,0.586666667,0.52,5,5.4,0.59,0.501428571,7,4.571428571,0.55,0.5125,4,4.75,0.546666667,0.546666667,3,4.333333333,,,,,,,,,,,,,,,,,,,,,,,,,0.546666667,0.495,4,7.5,,,,,,,,,,,,,,,,,,,,,,,,,,,,,,,,,,,,,,,,,,,,,
66c0d9ef3c9b1d596446f813,5,50,0.493698413,0.624666667,3.047777778,35,0.47069899,0.504666667,4.208730159,37,12.16957672,13.2,6,9,5.6,10,15.025,49,0.364,0.51,0.476666667,6,2.833333333,0.573333333,0.517272727,11,2,0.49,0.455555556,9,3.555555556,0.5,0.464,5,2.6,0.45,0.44,4,4.25,13.11111111,12.14285714,7,3.857142857,14.77777778,12.71428571,7,4.714285714,12.22222222,11.85185185,9,4.555555556,12.77777778,12.05555556,6,3.666666667,13.11111111,12.08333333,8,4.25,0.61,0.515714286,7,7,0.573333333,0.483333333,6,4.333333333,0.72,0.513888889,18,4.5,0.57,0.44,10,4.5,0.65,0.515555556,9,4.666666667,20.75,16.25,12.5,16.25,12.5,13.75,11.25,15.75,16.25,15,4,7,4,6,7,4,6,7,6,5,0.26,0.39,0.32,0.58,0.27,49,46,46,56,48,,4,5
66b828d453598bcca42608c1,13.25333333,20,0.5125,0.557,8.683333333,21,0.521566667,0.556,17.55,17,15.15555556,15.37777778,,9,5.7,10,18.25,52.2,0.498,0.55,0.52,4,6.75,0.573333333,0.573333333,3,10.66666667,0.51,0.4825,4,8,0.56,0.518,5,9.4,0.586666667,0.514,5,8.6,13.88888889,13.33333333,4,11.75,15.55555556,15,4,16,16.44444444,16.44444444,3,16.33333333,17.66666667,17.66666667,3,22,13.33333333,13.33333333,3,21.66666667,0.53,0.53,3,21,0.465,0.465,2,16,0.616666667,0.56,5,10.6,0.586666667,0.485,6,9.166666667,0.586666667,0.5225,4,9.5,21.25,15,25.75,19.5,12.5,19.5,13.75,13.75,20.75,20.75,7,3,6,6,2,7,8,3,6,9,0.46,0.45,0.52,0.5,0.56,45,54,42,61,59,4,3,2
66b507cc1a7e164991afbe17,8.6,14,0.587,0.602666667,2.232323232,52,0.520936364,0.576,3.478095238,27,13.44,14.77777778,13,14,4.6,10,23.725,48.8,0.446,0.646666667,0.569,10,2.2,0.576666667,0.528181818,11,2.272727273,0.58,0.505833333,12,2.166666667,0.523333333,0.475,10,2.3,0.553333333,0.526666667,9,2.222222222,16.44444444,14.61111111,6,3.666666667,14,12.66666667,7,3.857142857,11.11111111,11.11111111,3,1.333333333,17,14.86666667,5,4.2,15.33333333,13.94444444,6,4.333333333,0.54,0.54,1,9,0.51,0.51,2,11,0.64,0.64,2,9.5,0.576666667,0.498333333,6,5.5,0.746666667,0.746666667,3,8,10,10,35.75,36.25,31.25,23.75,28.25,10,28.25,23.75,1,1,6,5,6,6,7,1,7,6,0.42,0.45,0.52,0.45,0.39,47,44,65,45,43,6,4,4
66b4c93eba2cec5de1780955,6.024065934,53,0.494718132,0.626,3.366666667,62,0.490769231,0.576666667,13.55666667,20,23.13555556,26.15555556,,,,,,,,0.616666667,0.509230769,13,3.384615385,0.6,0.534166667,12,3.333333333,0.633333333,0.504615385,13,3.615384615,0.556666667,0.465833333,12,3.916666667,0.476666667,0.44,12,2.583333333,25.11111111,21.33333333,4,10,21.22222222,17.73333333,5,8.2,33.77777778,28.66666667,4,13.5,24.22222222,21.5,4,13.75,26.44444444,26.44444444,3,22.33333333,0.636666667,0.55125,8,7.875,0.616666667,0.465,8,6.875,0.696666667,0.548,10,6.2,0.55,0.448571429,14,4.785714286,0.63,0.460769231,13,4.384615385,,,,,,,,,,,,,,,,,,,,,,,,,,,,,,,,,
66b4c93eba2cec5de17809,,,,,,,,,,,,,6,9,6.3,10,18.75,38.2,0.372,,,,,,,,,,,,,,,,,,,,,,,,,,,,,,,,,,,,,,,,,,,,,,,,,,,,,,,,,,,,,25.5,15,12.5,17.5,30.75,17.5,16.25,28.75,12.5,11.25,9,13,7,6,6,5,7,3,2,5,0.26,0.26,0.34,0.48,0.52,32,39,29,40,51,3,3,3
66afcaa60f7d8f58dc21db8e,6.66,12,0.3546,0.370333333,10.07,13,0.4643,0.479666667,18.4,9,15.93333333,15.93333333,6,11,1,10,13.8,74,0.354,0.52,0.52,1,18,0.513333333,0.5025,4,6.25,0.49,0.424,5,4.6,0.545,0.545,2,14.5,0.33,0.33,1,7,11.66666667,11.66666667,3,4,19.33333333,19.33333333,1,20,15.5,15.5,2,10,19.33333333,19.33333333,1,46,13.83333333,13.83333333,2,12,0.335,0.335,2,5,0.25,0.25,1,6,0.265,0.265,2,3.5,0.485,0.485,2,9,0.516666667,0.438,5,9.8,11.25,15,10,27.5,11.25,12.5,13.75,14.25,11.25,11.25,1,1,1,1,1,1,1,1,1,1,0.29,0.38,0.43,0.29,0.38,90,96,82,49,53,4,4,3
66abf0c472f051b5e40cfbfd,3.75,7,0.485833333,0.508333333,1.836666667,25,0.486166667,0.515,,,,,,,,,,,,0.576666667,0.5625,4,1.75,0.52,0.453333333,6,1.833333333,0.455,0.455,2,2.5,0.503333333,0.46,8,1.5,0.52,0.5,5,1.6,,,,,,,,,,,,,,,,,,,,,0.516666667,0.516666667,3,5,0.5,0.455,4,2.5,,,,,,,,,,,,,,,,,,,,,,,,,,,,,,,,,,,,,,,,,,,,,
66a7e128f37f34ca658be38b,9.366666667,14,0.481333333,0.481333333,,,,,,,,,,,,,,,,,,,,,,,,,,,,,,,,,,,,,,,,,,,,,,,,,,,,,,,,0.34,0.34,3,10,0.49,0.49,3,9.666666667,0.49,0.49,2,10.5,0.556666667,0.556666667,3,8.666666667,0.53,0.53,3,8,,,,,,,,,,,,,,,,,,,,,,,,,,,,,,,,,
66a02d45a7db35d93c9f6a81,7.646666667,31,0.485490476,0.568,1.423809524,27,0.483038095,0.522666667,3.36,23,13.76333333,14.44444444,8,12,2.7,10,13.375,78.6,0.488,0.58,0.528,5,1.6,0.54,0.51,4,1.5,0.5,0.458333333,6,1.333333333,0.5,0.442857143,7,1.285714286,0.493333333,0.476,5,1.4,12.77777778,12.33333333,5,3.4,13.88888889,12.77777778,6,2.333333333,11.66666667,11.41666667,4,4,15.66666667,14.06666667,5,1.4,18.22222222,18.22222222,3,5.666666667,0.47,0.402,5,9,0.646666667,0.572,5,8.4,0.64,0.564285714,7,7,0.57,0.4525,8,6.5,0.513333333,0.436666667,6,7.333333333,15,11.25,12.5,12.5,12.5,15,11.25,15,17.5,11.25,3,3,3,3,2,2,3,3,2,3,0.44,0.55,0.42,0.6,0.43,80,87,70,86,70,4,4,4
66971f1f9181bdc85972b84d,12.63666667,19,0.628366667,0.644666667,3.863333333,23,0.541314286,0.564666667,6.583333333,18,17.36111111,18.46666667,10,12,3.1,10,18.55,79.6,0.596,0.6,0.6,3,8.666666667,0.6,0.538571429,7,2,0.533333333,0.518,5,2.4,0.533333333,0.5025,4,3.75,0.556666667,0.5475,4,2.5,14.77777778,14.77777778,3,4.666666667,15.11111111,14,4,3.25,13.44444444,13,4,4.5,27.55555556,23.58333333,4,10.5,21.44444444,21.44444444,3,10,0.583333333,0.583333333,3,13,0.566666667,0.53,4,14.5,0.753333333,0.726,5,12.6,0.68,0.68,3,11.33333333,0.64,0.6225,4,11.75,10,13.75,13.75,19.5,15,36.25,22,22,23.25,10,1,3,2,5,1,6,5,3,4,1,0.61,0.61,0.64,0.53,0.59,56,96,107,68,71,4,4,4
669424e6b661e0a098ec66a4,9.2,9,0.5,0.5,1.396666667,22,0.495066667,0.523333333,11.16666667,9,19.24222222,19.24222222,9,13,5.2,10,15.075,47.6,0.342,0.576666667,0.51,6,1.333333333,0.56,0.532,5,1.4,0.466666667,0.4575,4,1.5,0.483333333,0.483333333,3,1,0.53,0.4925,4,1.75,17.1,17.1,2,5.5,22.66666667,22.66666667,2,11,14.33333333,14.33333333,1,10,17.77777778,17.77777778,3,2.333333333,24.33333333,24.33333333,1,27,0.57,0.57,1,18,0.575,0.575,2,3,0.485,0.485,2,13,0.525,0.525,2,7,0.345,0.345,2,5,10,22.5,11.25,10,13.75,10,23.25,15,21.25,13.75,3,6,4,4,6,4,9,8,4,4,0.34,0.38,0.26,0.46,0.27,62,42,43,70,21,5,4,4
6692b434261ded863ece5284,,,,,,,,,51,1,17.33333333,17.33333333,,,,,,,,,,,,,,,,,,,,,,,,,,,,,,,,,,,,,,,,,,,,17.33333333,17.33333333,1,51,,,,,,,,,,,,,,,,,,,,,,,,,,,,,,,,,,,,,,,,,,,,,,,,,,,,,
66928f171518765c5f8cea5b,10.53333333,15,0.501066667,0.508666667,2.013333333,26,0.53145,0.556,4.616666667,13,18.65,18.86666667,12,10,3.5,10,20.45,50.4,0.324,0.58,0.554,5,2.2,0.55,0.538,5,2.2,0.51,0.51,3,1.666666667,0.57,0.544,5,2,0.57,0.51125,8,2,12,12,3,2.333333333,16.33333333,16.33333333,2,5.5,23,23,2,4,24.33333333,24.33333333,2,7.5,18.66666667,17.58333333,4,3.75,0.49,0.49,3,10,0.37,0.37,1,13,0.66,0.66,3,11.33333333,0.44,0.402,5,6,0.583333333,0.583333333,3,12.33333333,20.75,17,36.25,28.75,10,22.5,15,10,27.5,16.75,3,2,4,5,1,6,2,1,6,5,0.26,0.26,0.33,0.32,0.45,38,57,54,44,59,3,5,2
668f0aa2dc96efe3c92449c9,10.03,20,0.4883,0.518666667,3.019047619,33,0.443809524,0.503333333,5.773333333,25,12.6,13.57777778,9,10,5.1,10,17.1,53.2,0.33,0.53,0.432857143,7,3.428571429,0.583333333,0.515,6,6.166666667,0.48,0.451428571,7,1.142857143,0.466666667,0.411428571,7,1.857142857,0.456666667,0.408333333,6,2.5,12.77777778,12.25,4,6.25,15.11111111,13.5,6,3.5,13.44444444,12.75,4,8.75,14,12.5,6,6.166666667,12.55555556,12,5,4.2,0.51,0.51,3,14.33333333,0.44,0.44,3,12.66666667,0.646666667,0.598,5,8.2,0.493333333,0.446,5,6.2,0.503333333,0.4475,4,8.75,13.75,20.75,12.5,11.25,13.75,12.5,12.5,28.25,29.5,16.25,6,7,3,4,5,4,7,4,5,6,0.24,0.39,0.34,0.27,0.41,44,60,57,38,67,4,3,3
668edb3b608a3d4537e2da08,15.5,8,0.636,0.636,8.2,9,0.539,0.539,9.8,10,18.76666667,18.76666667,13,7,4.9,10,19,42.2,0.384,0.565,0.565,2,9,0.555,0.555,2,9.5,0.51,0.51,1,7,0.585,0.585,2,9.5,0.48,0.48,2,6,29.5,29.5,2,9.5,16.33333333,16.33333333,2,6.5,15,15,2,9,17.16666667,17.16666667,2,11.5,15.83333333,15.83333333,2,12.5,0.73,0.73,1,17,0.605,0.605,2,12.5,0.74,0.74,1,20,0.615,0.615,2,13.5,0.49,0.49,2,14.5,17.5,28.5,15,31.25,18.75,10,12.5,19.5,22,15,7,6,4,5,4,1,7,5,5,5,0.33,0.49,0.38,0.45,0.27,44,47,39,42,39,2,3,2
668aa0851622bf0930ff12fc,6.812777778,29,0.508188889,0.56,1.818888889,45,0.499214286,0.556,7.486666667,26,13.39444444,14.71111111,7,8,3.8,10,15.275,60.4,0.48,0.55,0.497142857,7,1.285714286,0.61,0.54,9,1.777777778,0.51,0.47,10,1.4,0.566666667,0.4875,12,1.916666667,0.543333333,0.501428571,7,2.714285714,12.22222222,11.61111111,6,8.5,16.44444444,14.66666667,5,7.4,15.66666667,13.94444444,6,8.333333333,17,14.66666667,5,7.2,12.22222222,12.08333333,4,6,0.713333333,0.664,5,11.8,0.496666667,0.496666667,3,5.666666667,0.643333333,0.59,8,7.125,0.43,0.4025,4,5.25,0.516666667,0.387777778,9,4.222222222,20,20,13.75,10,20.75,20.75,11.25,11.25,13.75,11.25,4,5,2,3,3,5,4,4,4,4,0.47,0.55,0.47,0.41,0.5,76,65,40,50,71,4,2,2
6682fb350787f54e89d4001b,12.66666667,17,0.6304,0.648666667,3.983333333,31,0.517383333,0.558,12.26666667,16,20.49444444,20.64444444,9,13,5.9,10,30.475,72,0.482,0.586666667,0.565,6,2.833333333,0.56,0.51125,8,4.25,0.536666667,0.504,5,2,0.533333333,0.486666667,6,8.166666667,0.573333333,0.52,6,2.666666667,17.66666667,17.66666667,3,10,26,26,3,14,14.44444444,14.44444444,3,6,21.44444444,21.44444444,3,11.33333333,23.66666667,22.91666667,4,20,0.65,0.65,1,16,0.53,0.464,5,9,0.683333333,0.658,5,12,0.686666667,0.686666667,3,12.33333333,0.693333333,0.693333333,3,14,10,38.25,40.25,18.25,40.25,38.25,23.25,32.75,29.75,33.75,1,10,9,5,4,8,7,5,4,6,0.53,0.37,0.44,0.49,0.58,111,60,49,70,70,5,4,4
666aef80f189d775a0f2554e,5.113333333,15,0.519666667,0.526333333,2.113333333,23,0.525166667,0.562666667,3.6,17,12.21333333,12.40666667,,14,1.5,10,14.9,56.2,0.47,0.56,0.512,5,1.8,0.643333333,0.6075,4,1,0.536666667,0.536666667,3,2.666666667,0.543333333,0.491666667,6,2.5,0.53,0.478,5,2.6,12.16666667,12.16666667,2,3.5,11.66666667,11.41666667,4,3,11.66666667,11.66666667,4,3.25,11.66666667,11.66666667,3,4,14.86666667,14.15,4,4.25,0.393333333,0.36,5,2.4,0.355,0.355,2,4.5,0.636666667,0.636666667,3,6.666666667,0.646666667,0.646666667,3,7,0.6,0.6,2,5,16.25,11.25,10,17,19.5,12.5,17.5,21.25,10,13.75,1,1,1,1,1,3,2,2,2,1,0.41,0.5,0.59,0.54,0.31,42,43,82,85,29,4,6,4
6662f201ccf41c36e7408562,7.166666667,17,0.478666667,0.486333333,4.5,11,0.4725,0.474666667,10.91666667,10,13.46111111,13.55555556,,5,5,10,14.65,35.4,0.314,0.47,0.47,1,5,0.533333333,0.5225,4,4.5,0.44,0.44,1,4,0.44,0.44,3,4,0.49,0.49,2,5,12.66666667,12.66666667,1,14,14.33333333,14.33333333,1,13,12.66666667,12.66666667,1,5,14.55555556,14.08333333,4,12.25,13.55555556,13.55555556,3,10.33333333,0.666666667,0.628333333,6,11.16666667,0.493333333,0.493333333,3,7.666666667,0.523333333,0.523333333,3,9.333333333,0.433333333,0.433333333,3,3.666666667,0.315,0.315,2,4,12.5,15,14.5,16.25,20.75,13.75,12.5,12.5,16.25,12.5,6,4,4,6,5,4,4,5,7,5,0.35,0.33,0.26,0.36,0.27,40,34,34,34,35,1,3,1
6660ab8eeaa4f5e8a6a4d223,12.42,27,0.568133333,0.635333333,6.778571429,26,0.522080952,0.560666667,17.18666667,15,19.94333333,20.19777778,9,8,3.3,10,15.15,69.6,0.518,0.536666667,0.5225,4,8.75,0.62,0.55,7,4.428571429,0.513333333,0.513333333,3,10,0.566666667,0.498571429,7,6.714285714,0.566666667,0.526,5,4,22.6,22.6,3,16.33333333,18,17.08333333,4,9.5,12.55555556,12.2,5,12.6,25.66666667,25.66666667,1,27,22.16666667,22.16666667,2,20.5,0.626666667,0.558,5,7.6,0.57,0.502,5,15.2,0.726666667,0.651666667,6,11.16666667,0.596666667,0.564,5,15.8,0.656666667,0.565,6,12.33333333,12.5,12.5,20.75,13.75,12.5,13.75,12.5,20,18.25,15,5,3,3,1,4,5,3,2,4,3,0.48,0.49,0.58,0.57,0.47,73,48,66,94,67,2,3,3
665ee0800a4d97ea0026ff34,10.84285714,26,0.504761905,0.552666667,6.283333333,21,0.530533333,0.564,11.81666667,15,17.96666667,17.96666667,,7,1.7,10,13.15,72.8,0.44,0.606666667,0.556,5,3.8,0.636666667,0.58,5,6.2,0.653333333,0.6075,4,6,0.496666667,0.4825,4,8.75,0.426666667,0.426666667,3,6.666666667,22.77777778,22.77777778,3,8.666666667,16.33333333,16.33333333,3,12,21.88888889,21.88888889,3,11.66666667,17.16666667,17.16666667,2,15,11.66666667,11.66666667,4,11.75,0.536666667,0.536666667,3,16,0.473333333,0.473333333,3,15.33333333,0.623333333,0.554285714,7,8.142857143,0.566666667,0.472857143,7,5.571428571,0.563333333,0.486666667,6,9.166666667,11.25,17,11.25,10,15,18.25,11.25,10,17.5,10,2,2,1,1,2,1,2,1,3,2,0.29,0.43,0.54,0.46,0.48,67,84,87,62,64,2,3,2
665e680164927b18554b66ec,11.6502381,32,0.528719048,0.596,6.342857143,34,0.488571429,0.556,7.608571429,31,15.29809524,17.93333333,12,11,4.4,10,14.575,36.8,0.396,0.54,0.5175,4,8,0.563333333,0.454285714,7,6,0.58,0.5,8,7.625,0.576666667,0.4825,8,6.375,0.52,0.488571429,7,3.714285714,13.33333333,12.38095238,7,6.428571429,14.44444444,12.80952381,7,3.714285714,22.66666667,18.05555556,6,9.5,18.77777778,15.77777778,6,8,20.44444444,17.46666667,5,10.4,0.696666667,0.696666667,3,15.33333333,0.573333333,0.535,4,19.25,0.56,0.4825,8,8.125,0.58,0.478,10,7.4,0.57,0.451428571,7,8.142857143,11.25,21.25,11.25,23.75,11.25,11.25,11.25,15,11.25,18.25,4,7,4,6,3,4,4,5,3,4,0.28,0.42,0.5,0.44,0.34,43,32,44,30,35,5,4,2
665a16dd2db5a0dff976ea9b,8.883333333,19,0.490666667,0.512666667,4.079761905,48,0.479845238,0.563333333,8.1,20,11.71666667,11.8,9,13,3.9,10,12.75,79,0.378,0.606666667,0.48,16,3.25,0.6,0.517142857,7,5.857142857,0.553333333,0.485,8,2.875,0.54,0.463333333,9,5.666666667,0.516666667,0.45375,8,2.75,11.66666667,11.66666667,4,7,12,11.66666667,4,9.75,11.66666667,11.66666667,4,6,11.66666667,11.66666667,4,6.75,12,11.91666667,4,11,0.5,0.5,3,10.66666667,0.433333333,0.433333333,3,9.333333333,0.466666667,0.466666667,3,8.666666667,0.613333333,0.553333333,6,8,0.55,0.5,4,7.75,11.25,11.25,11.25,18.75,17.5,11.25,12.5,11.25,11.25,11.25,3,4,5,5,3,3,4,4,3,5,0.28,0.53,0.45,0.28,0.35,78,90,77,70,80,5,4,4
6658d02b830a00e979619fb8,8.4,12,0.487666667,0.487666667,8,5,0.592,0.592,5.9,8,18.03333333,18.03333333,11,11,1,10,13.25,40.8,0.3,0.59,0.59,1,9,0.6,0.6,1,7,0.55,0.55,1,5,0.51,0.51,1,12,0.71,0.71,1,7,16,16,2,7,15,15,2,4.5,24.33333333,24.33333333,1,5,15.5,15.5,2,4,19.33333333,19.33333333,1,9,0.61,0.61,1,6,0.413333333,0.413333333,3,7,0.465,0.465,2,12,0.396666667,0.396666667,3,7.666666667,0.553333333,0.553333333,3,9.333333333,12.5,10,11.25,20,15,15,11.25,11.25,11.25,15,1,1,1,1,1,1,1,1,1,1,0.25,0.31,0.35,0.36,0.23,42,51,55,44,12,4,3,4
6658ca2b92efe5c33798f1b4,5.607619048,31,0.463152381,0.543333333,1.798528139,47,0.50230101,0.574666667,10.85,14,22.46111111,22.73333333,10,8,4.2,10,14.575,69.2,0.436,0.556666667,0.51,7,1.571428571,0.633333333,0.557777778,9,1.666666667,0.51,0.453,10,2.2,0.613333333,0.502727273,11,1.454545455,0.56,0.488,10,2.1,16.77777778,16.77777778,3,8.666666667,25.44444444,25.44444444,3,13.33333333,18.77777778,17.41666667,4,7.75,27.66666667,27.66666667,2,7,25,25,2,17.5,0.536666667,0.493333333,6,7.5,0.483333333,0.426,5,4.8,0.606666667,0.485,6,5.166666667,0.49,0.428571429,7,4.857142857,0.6,0.482857143,7,5.714285714,12.5,13.75,11.25,13.75,24.5,17.5,12.5,11.25,13.75,15,4,4,4,3,6,4,4,4,4,5,0.32,0.34,0.56,0.44,0.52,74,59,77,74,62,3,2,3
6658bbefeacd7bcadeef885f,5.606666667,24,0.4842,0.512,5.280952381,27,0.540238095,0.592333333,5.4,15,16.73333333,17.41111111,10,11,7.2,10,15.25,60,0.462,0.633333333,0.565,6,4.666666667,0.55,0.501666667,6,3.833333333,0.596666667,0.526666667,6,6.333333333,0.576666667,0.502857143,7,6.571428571,0.605,0.605,2,5,15.83333333,15.83333333,2,6.5,24.33333333,24.33333333,1,3,15,15,3,7.333333333,18.77777778,15.38888889,6,4.5,13.11111111,13.11111111,3,5.666666667,0.573333333,0.573333333,3,8.333333333,0.47,0.425,4,3.5,0.563333333,0.536,5,5.2,0.4,0.371666667,6,4.5,0.553333333,0.515,6,6.5,16.25,15,15,21.25,13.75,17.5,10,16.25,13.75,13.75,7,9,6,9,7,6,7,7,7,7,0.26,0.57,0.49,0.55,0.44,45,70,73,65,47,4,3,4
6653e566a1dd567008582c28,4.42,18,0.5419,0.572666667,3.093333333,19,0.533333333,0.567,4.533333333,13,14.11111111,14.11111111,,9,4.1,10,17.35,34.4,0.338,0.605,0.605,2,4.5,0.526666667,0.476666667,6,1.666666667,0.536666667,0.515,4,4,0.536666667,0.44,5,1.8,0.63,0.63,2,3.5,13.33333333,13.33333333,3,4,17.33333333,17.33333333,3,2.666666667,11.66666667,11.66666667,1,7,12.22222222,12.22222222,3,5,16,16,3,4,0.606666667,0.57,4,6,0.56,0.53,4,3,0.67,0.67,1,4,0.396666667,0.372,5,3.6,0.63,0.5675,4,5.5,31.25,29.5,14.5,11.25,16.25,11.25,22,11.25,15,11.25,6,4,4,4,3,2,5,5,4,4,0.23,0.42,0.41,0.34,0.29,39,34,36,32,31,2,4,3
66439abe4359251777b0aebd,10.44285714,24,0.566690476,0.624,12.84,21,0.540266667,0.556666667,22.1,12,22.66666667,22.66666667,10,12,9.1,10,14.325,111.2,0.482,0.55,0.55,3,11,0.556666667,0.528,5,12.2,0.543333333,0.528,5,13.4,0.553333333,0.553333333,3,13,0.58,0.542,5,14.6,17.55555556,17.55555556,3,19.66666667,13.11111111,13.11111111,3,18.33333333,23.33333333,23.33333333,2,15.5,34.16666667,34.16666667,2,30,25.16666667,25.16666667,2,27,0.61,0.61,3,12.66666667,0.556666667,0.5175,4,8,0.703333333,0.656666667,6,9.333333333,0.663333333,0.484285714,7,8.714285714,0.586666667,0.565,4,13.5,15,13.75,13.75,10,21.25,18.25,10,13.75,13.75,13.75,10,7,8,6,13,9,9,10,10,9,0.35,0.52,0.59,0.48,0.47,99,118,110,115,114,4,2,6
663f7196a07afa04b277db38,9.45,25,0.537714286,0.589666667,7.406190476,29,0.531766667,0.565333333,9.236666667,17,13.84666667,14.14444444,8,11,3.5,10,15.7,71.8,0.412,0.57,0.5525,4,9.75,0.603333333,0.56,7,6.142857143,0.6,0.54,7,6.571428571,0.516666667,0.488,5,7.4,0.536666667,0.518333333,6,7.166666667,12.22222222,12.22222222,3,10,15.66666667,14.4,5,7.6,13.83333333,13.83333333,2,13,12.55555556,12.33333333,4,6.25,16.44444444,16.44444444,3,9.333333333,0.463333333,0.45,4,11.25,0.656666667,0.6,4,10.25,0.745,0.745,2,13,0.526666667,0.448571429,7,7,0.556666667,0.445,8,5.75,12.5,17.5,18.75,13.75,20.75,18.75,16.25,10,16.25,12.5,5,3,3,3,4,3,3,2,6,3,0.41,0.35,0.51,0.43,0.36,68,65,76,73,77,5,2,4
663dff19b292e4e2c5c11a1b,,,,,6.404761905,13,0.444642857,0.518333333,,,,,,,,,,,,,,,,0.506666667,0.434285714,7,6.142857143,,,,,0.53,0.455,6,6.666666667,,,,,,,,,,,,,,,,,,,,,,,,,,,,,,,,,,,,,,,,,,,,,,,,,,,,,,,,,,,,,,,,,,,,,,,,,,,,,
663cd0ab9a13d177b358f8f1,6.7,6,0.566,0.566,3.6,5,0.442,0.442,8,2,19.33333333,19.33333333,,,,,,,,0.28,0.28,1,4,0.51,0.51,1,2,0.47,0.47,1,3,0.41,0.41,1,4,0.54,0.54,1,5,19.33333333,19.33333333,1,9,,,,,19.33333333,19.33333333,1,7,,,,,,,,,0.36,0.36,1,2,0.49,0.49,1,8,0.5,0.5,2,6.5,0.68,0.68,1,8,0.8,0.8,1,9,,,,,,,,,,,,,,,,,,,,,,,,,,,,,,,,,
663b52235d299050aeb29aca,16.2,5,0.64,0.64,11.4,7,0.589,0.589,15.5,6,29.28666667,29.28666667,10,13,3.7,10,21.05,69.8,0.546,0.53,0.53,2,9.5,0.555,0.555,2,11.5,0.55,0.55,1,13,0.62,0.62,1,11,0.69,0.69,1,12,29.33333333,29.33333333,1,18,35.6,35.6,1,15,33.5,33.5,2,12.5,25.66666667,25.66666667,1,15,22.33333333,22.33333333,1,17,0.45,0.45,1,13,0.59,0.59,1,29,0.71,0.71,1,15,0.82,0.82,1,13,0.63,0.63,1,11,29.5,13,20.75,28.25,28.25,22.5,12.5,20.75,16.25,18.75,4,3,3,3,6,6,3,2,3,4,0.53,0.54,0.54,0.56,0.56,78,75,62,65,69,4,4,5
663aa6420a964c2a7740b9d7,10.66666667,19,0.654833333,0.680666667,5.063571429,41,0.549264286,0.619333333,8.933333333,19,28.01666667,29.82222222,14,11,6.1,10,23.65,74.2,0.464,0.583333333,0.52875,8,4.75,0.58,0.54125,8,5.375,0.62,0.564,10,5.3,0.7,0.57375,8,4.75,0.613333333,0.538571429,7,5.142857143,31.22222222,28.66666667,4,6.5,27.33333333,27.33333333,3,6.666666667,30.55555556,29,4,12.5,29.55555556,27,4,7.5,30.44444444,28.08333333,4,11.5,0.636666667,0.636666667,3,13.33333333,0.626666667,0.57,4,8.5,0.713333333,0.6925,4,9.75,0.716666667,0.7075,4,11.5,0.71,0.6675,4,10.25,12.5,31,37,16.25,23.75,24.5,26.25,20,25.75,19.5,3,7,7,5,6,7,6,4,7,9,0.51,0.4,0.44,0.6,0.37,85,77,59,80,70,3,4,4
663a422b52cb5c270f98f3ff,23.56666667,16,0.604666667,0.62,25.93333333,13,0.574,0.574,27.6,12,20.88888889,20.88888889,10,12,9.5,10,22.525,89.8,0.464,0.473333333,0.473333333,3,12.33333333,0.63,0.63,3,21.66666667,0.566666667,0.566666667,3,24.66666667,0.53,0.53,3,26,0.67,0.67,1,45,17.83333333,17.83333333,2,30.5,13.33333333,13.33333333,3,17,27.66666667,27.66666667,2,44.5,22.11111111,22.11111111,3,17,23.5,23.5,2,29,0.483333333,0.483333333,3,20,0.57,0.57,3,27.33333333,0.64,0.64,2,28.5,0.696666667,0.6575,4,26.5,0.71,0.6725,4,15.5,20,12.5,16.25,28.75,25,26.25,15,24.5,23.25,33.75,7,7,13,10,13,8,9,10,8,10,0.43,0.5,0.43,0.48,0.48,105,93,70,101,80,5,4,3
663a28078139647b4663d09f,12.09,20,0.647433333,0.672666667,5.871428571,31,0.530369048,0.578666667,13.13333333,27,18.17555556,22.2,8,12,6.2,10,21.05,98.4,0.568,0.59,0.52375,8,6,0.586666667,0.525714286,7,6.857142857,0.606666667,0.535714286,7,5,0.576666667,0.533333333,6,5.833333333,0.533333333,0.533333333,3,5.666666667,13.66666667,12.66666667,6,7.5,26.44444444,19.94444444,6,10.16666667,22.22222222,18.86666667,5,16.4,24.33333333,19.6,5,15.4,24.33333333,19.8,5,16.2,0.663333333,0.614,5,12.4,0.646666667,0.604,5,10.8,0.75,0.75,3,15.66666667,0.566666667,0.566666667,3,10.33333333,0.736666667,0.7025,4,11.25,17.5,28.25,12.5,32,17.5,20,13.75,19.5,27.5,22,6,7,8,5,3,7,6,8,6,6,0.58,0.59,0.51,0.61,0.55,97,108,104,80,103,4,5,3
6637b21240220c2517fffa1a,6.406031746,33,0.513206349,0.575333333,3.027894328,47,0.50461655,0.574666667,5.621666667,29,14.10944444,15.86666667,13,14,6.8,10,21.225,92.6,0.58,0.593333333,0.5175,8,2,0.63,0.535454545,11,4.545454545,0.53,0.485,6,2.833333333,0.543333333,0.498461538,13,3.538461538,0.576666667,0.486666667,9,2.222222222,13.11111111,12.20833333,8,5.625,20.33333333,16.72222222,6,5.5,13.11111111,12.75,4,5.75,13.66666667,12.86666667,5,4.4,19.11111111,16,6,6.833333333,0.58,0.497142857,7,5.285714286,0.583333333,0.51,5,7.8,0.67,0.631666667,6,6.833333333,0.533333333,0.462222222,9,4.777777778,0.51,0.465,6,7.333333333,20.75,26.25,19.25,17,12.5,38.75,27.5,18.25,20.75,11.25,6,10,8,8,5,6,6,6,8,5,0.61,0.57,0.61,0.55,0.56,131,70,107,77,78,5,4,5
663274d555447e8270dde7d0,5.94047619,36,0.474464286,0.544,5.935555556,38,0.496644444,0.535333333,4.62,27,12.365,13.11111111,,6,4.9,10,15.975,81.6,0.562,0.573333333,0.527777778,9,5.111111111,0.546666667,0.516,5,8.4,0.506666667,0.478333333,6,6.833333333,0.55,0.497777778,9,5,0.5,0.463333333,9,4.333333333,12.55555556,12.33333333,4,3.75,13.66666667,12.86666667,5,6.2,12.55555556,12.2,5,4.2,11.66666667,11.46666667,5,4.2,15.11111111,12.95833333,8,4.75,0.5,0.443333333,6,6.5,0.503333333,0.418571429,7,4.285714286,0.613333333,0.56,9,7,0.59,0.51375,8,5.25,0.513333333,0.436666667,6,6.666666667,14.25,13.75,16.25,11.25,13.75,14.25,13.75,13.75,33.75,15,4,4,4,4,6,5,7,5,5,5,0.41,0.64,0.69,0.55,0.52,73,84,92,83,76,3,1,2
662e66138060bf4a9db8c159,15.60857143,17,0.624657143,0.649,5.15,16,0.525,0.537,9.264285714,19,14.36349206,15.27777778,10,2,5,10,17.525,52.4,0.34,0.523333333,0.523333333,3,7,0.52,0.51,4,1.5,0.525,0.525,2,8,0.59,0.54,4,6.25,0.526666667,0.526666667,3,3,18.77777778,17,4,10.75,15.55555556,15.55555556,3,9,16.55555556,13.76190476,7,5.571428571,13.83333333,13.83333333,2,10,11.66666667,11.66666667,3,11,0.68,0.68,1,32,0.57,0.57,2,14.5,0.74,0.704,5,9.4,0.59,0.504285714,7,6.142857143,0.665,0.665,2,16,10,12.5,12.5,11.25,22,27.5,14.5,17.5,25,22.5,1,3,4,5,4,6,5,8,8,6,0.42,0.26,0.27,0.47,0.28,67,53,46,43,53,,,2
662973533159df515afdd606,2.525,33,0.473564286,0.566666667,2.221587302,35,0.534044444,0.588,2.713333333,21,16.87111111,18.45555556,5,13,6.3,10,22.4,82.8,0.574,0.586666667,0.542222222,9,2.222222222,0.563333333,0.542857143,7,2,0.566666667,0.518,5,2.6,0.61,0.534285714,7,2.285714286,0.613333333,0.532857143,7,2,16.22222222,14.4,5,2.8,25.55555556,20.16666667,6,1.666666667,18.5,18.5,2,3.5,17.22222222,17.22222222,3,2,14.77777778,14.06666667,5,3.6,0.613333333,0.527142857,7,4,0.67,0.52125,8,2.625,0.463333333,0.398,5,2,0.563333333,0.501428571,7,2,0.523333333,0.42,6,2,41.25,23.25,11.25,12.5,15,32.5,37,16.25,18.75,16.25,9,8,3,6,7,5,8,7,5,5,0.63,0.57,0.56,0.47,0.64,90,78,68,84,94,4,4,5
6613fbd97d84091e654e5ca6,5.931349206,36,0.477480159,0.559333333,1.541666667,23,0.518916667,0.547,1.984047619,39,13.40698413,16.75555556,9,10,3.6,10,14.25,54.4,0.32,0.596666667,0.596666667,3,2,0.55,0.511666667,6,1.333333333,0.45,0.4375,4,1.75,0.525,0.525,2,1,0.613333333,0.52375,8,1.625,16.22222222,13.04166667,8,1.75,15.11111111,12.95833333,8,1.875,15.88888889,13.61111111,6,2.166666667,22.88888889,14.9,10,1.7,13.66666667,12.52380952,7,2.428571429,0.48,0.48,3,8,0.533333333,0.441428571,7,6.142857143,0.616666667,0.52375,8,5.625,0.58,0.477777778,9,5.333333333,0.586666667,0.464444444,9,4.555555556,12.5,15,13.75,15,16.25,11.25,13.75,18.75,12.5,13.75,3,4,4,4,2,3,4,5,2,5,0.24,0.38,0.33,0.29,0.36,57,51,41,60,63,4,3,3
660d6a1f4a7f1337de235daa,13,3,0.5775,0.5775,,,,,,,,,,,,,,,,,,,,,,,,,,,,,,,,,,,,,,,,,,,,,,,,,,,,,,,,0.44,0.44,1,16,,,,,0.715,0.715,2,10,,,,,,,,,,,,,,,,,,,,,,,,,,,,,,,,,,,,,,,,,
6604cab7499d144f955a7c9d,13.13166667,25,0.497716667,0.540666667,7.745714286,34,0.534557143,0.598666667,13.88333333,17,14.80333333,15.13111111,10,9,2.3,10,19.475,61.6,0.422,0.603333333,0.576,5,9.8,0.703333333,0.6025,8,8.5,0.516666667,0.474285714,7,5.428571429,0.583333333,0.475,8,5.5,0.586666667,0.545,6,9.5,21.26666667,21.26666667,3,12.66666667,15.66666667,14.66666667,4,22.25,12.5,12.5,2,6,14,13.5,4,10,12.22222222,12.08333333,4,18.5,0.576666667,0.576666667,3,17,0.48,0.48,3,23.33333333,0.56,0.504,5,9.2,0.503333333,0.42125,8,6.125,0.583333333,0.506666667,6,10,16.25,17.5,30,16.25,18.25,13.75,28.25,13.75,12.5,28.25,3,2,2,3,2,2,2,2,2,3,0.28,0.34,0.57,0.42,0.5,49,60,74,67,58,4,3,2
66019f5e10adbe524f2a844a,11.8,16,0.4625,0.483,7.066666667,18,0.503833333,0.527666667,15,14,14.29444444,14.41111111,,8,5.5,10,15.375,108.2,0.488,0.516666667,0.485,4,5.5,0.566666667,0.496666667,6,6.833333333,0.465,0.465,2,6.5,0.55,0.5325,4,9.5,0.54,0.54,2,7,16,16,2,16,15,15,3,16,13.55555556,13.55555556,3,15,14.5,14.5,2,16.5,13,12.41666667,4,11.5,0.535,0.535,2,32.5,0.446666667,0.425,4,7.75,0.42,0.42,2,5,0.573333333,0.525,4,6.5,0.44,0.4075,4,7.25,26.25,12.5,12.5,27,12.5,13.75,11.25,11.25,13,13.75,10,6,3,6,4,7,6,4,4,5,0.36,0.49,0.45,0.51,0.63,99,129,98,90,125,3,3,2
65f650bc80653ddbcb45e6a5,7.842857143,28,0.480261905,0.544666667,5.586666667,27,0.5418,0.584666667,13.14,24,15.32,16.88888889,9,11,4.1,10,17.6,68.8,0.458,0.62,0.585,6,4,0.63,0.554,5,7.2,0.523333333,0.496,5,6,0.556666667,0.524,5,5.4,0.593333333,0.55,6,5.333333333,11.66666667,11.66666667,6,6.5,16.11111111,14.13333333,5,9.8,19.77777778,17.26666667,5,12.8,19.55555556,16.2,5,10.6,17.33333333,17.33333333,3,26,0.513333333,0.513333333,3,9.333333333,0.483333333,0.413333333,6,8.166666667,0.573333333,0.5425,4,7.5,0.536666667,0.457142857,7,6.714285714,0.616666667,0.475,8,7.5,25.75,25.75,15,12.5,20.75,15,11.25,11.25,23.75,15,8,3,3,3,5,7,3,3,3,3,0.41,0.47,0.45,0.51,0.45,66,76,67,67,68,3,4,4
65e64c08cd1bf3d6ab957af7,9.816666667,17,0.534666667,0.568,17.7,9,0.629,0.629,9.7,13,14.74444444,14.91111111,12,8,4.9,10,23.175,41.6,0.276,0.73,0.73,2,18,0.675,0.675,2,18,0.5,0.5,2,4.5,0.68,0.68,1,37,0.56,0.56,2,11,12.55555556,12.55555556,3,7,17,16.33333333,4,8.75,13.33333333,13.16666667,4,7.75,15.66666667,15.66666667,1,11,16,16,1,14,0.6,0.6,2,13,0.53,0.53,2,12.5,0.573333333,0.573333333,3,10.33333333,0.596666667,0.485,6,4.5,0.54,0.485,4,8.75,13.75,28.25,18.75,26,29.5,15,19.5,27.75,23.25,30,4,5,6,5,7,7,3,4,4,4,0.26,0.26,0.28,0.34,0.24,48,41,51,34,34,3,2,3
65e537f5dbc347495ce3c059,,,,,2,1,0.67,0.67,,,,,,,,,,,,,,,,0.67,0.67,1,2,,,,,,,,,,,,,,,,,,,,,,,,,,,,,,,,,,,,,,,,,,,,,,,,,,,,,,,,,,,,,,,,,,,,,,,,,,,,,,,,,,,,,
65e4a6bdde84e615dcac2651,8.879090909,28,0.478548485,0.538666667,2.546428571,30,0.516595238,0.561333333,7.47,19,15.41,16.22222222,14,8,6.4,10,19.125,65.8,0.506,0.596666667,0.563333333,6,2,0.6,0.497142857,7,2.857142857,0.556666667,0.506666667,6,3.166666667,0.52,0.4825,8,2.375,0.533333333,0.533333333,3,2.333333333,13.55555556,12.8,5,4.6,17.11111111,15.75,4,8.5,19.33333333,19.33333333,2,8,16.77777778,15.5,4,7.25,14.33333333,13.66666667,4,9,0.486666667,0.4525,4,13.25,0.646666667,0.523333333,6,9.5,0.45,0.45,2,5.5,0.566666667,0.460909091,11,6.545454545,0.543333333,0.506,5,9.6,30.75,16.25,20,11.25,12.5,13.75,15,18,30,23.75,8,6,8,4,5,5,7,8,6,7,0.53,0.38,0.65,0.47,0.5,67,67,58,61,76,3,3,2
65de3af8fcbc6ef9331bd863,6.902857143,25,0.516971429,0.564,1.386695527,46,0.470516595,0.539333333,4.88,19,18.2,19.24444444,12,6,4,10,15.475,45.4,0.354,0.566666667,0.47,9,1.333333333,0.596666667,0.499090909,11,1.363636364,0.503333333,0.44,10,1.3,0.526666667,0.467777778,9,1.222222222,0.503333333,0.475714286,7,1.714285714,21.55555556,20.5,4,6.25,18,17.5,4,4.25,22.66666667,20.33333333,4,3,15,13.66666667,5,3.4,19,19,2,7.5,0.666666667,0.592,5,7.8,0.59,0.498571429,7,6.714285714,0.51,0.51,3,4.666666667,0.583333333,0.514285714,7,7,0.47,0.47,3,8.333333333,27,11.25,12.5,19.5,17,11.25,11.25,19.5,13,12.5,5,4,8,6,4,2,3,2,3,3,0.28,0.45,0.37,0.36,0.31,48,45,50,36,48,3,2,1
65ca9c729a13f898ae374552,,,,,1.3,13,0.486,0.493,,,,,,,,,,,,0.585,0.585,2,1,0.45,0.45,1,2,0.486666667,0.4625,4,1.5,0.45,0.45,2,1,0.493333333,0.4825,4,1,,,,,,,,,,,,,,,,,,,,,,,,,,,,,,,,,,,,,,,,,,,,,,,,,,,,,,,,,,,,,,,,,,,,,,,,,
65c243c37e0d77ca70ee030e,22.86,16,0.528333333,0.559,23.5,9,0.614,0.614,25.36666667,11,22.05555556,22.05555556,12,10,3.3,10,18.675,97,0.538,0.66,0.66,2,38.5,0.595,0.595,2,7.5,0.6,0.6,1,23,0.635,0.635,2,36.5,0.58,0.58,2,12,17.16666667,17.16666667,2,22.5,22.44444444,22.44444444,3,25.33333333,22.66666667,22.66666667,2,27,25.16666667,25.16666667,2,25,22.83333333,22.83333333,2,27,0.585,0.585,2,30,0.51,0.51,2,33.5,0.663333333,0.57,4,19,0.6,0.54,5,14.8,0.436666667,0.436666667,3,17,18.25,13.75,15,14.5,17.5,24.5,23.25,20,23.75,16.25,1,2,1,3,3,6,6,4,2,5,0.45,0.61,0.58,0.5,0.55,88,124,90,72,111,3,4,3
65c242831388550b0a42bd25,5.955714286,35,0.503285714,0.594666667,1.973706294,55,0.515620979,0.596666667,4.651666667,27,19.39666667,22.28888889,,11,3.6,10,15.275,38.6,0.428,0.626666667,0.554545455,11,1.727272727,0.616666667,0.533636364,11,1.818181818,0.563333333,0.499,10,2.4,0.586666667,0.486923077,13,1.923076923,0.59,0.504,10,2,19.33333333,15.16666667,8,2.125,22.66666667,18.66666667,6,4.333333333,26.44444444,24.66666667,4,5.75,25.44444444,23.08333333,4,7.25,17.55555556,15.4,5,3.8,0.553333333,0.468333333,6,7,0.563333333,0.491428571,7,3.428571429,0.616666667,0.554,5,8,0.62,0.466666667,12,5.75,0.62,0.536,5,5.6,20.75,13,11.25,16.25,23.25,19.5,11.25,11.25,15,11.25,3,4,3,3,4,4,4,3,4,4,0.28,0.46,0.5,0.59,0.31,42,37,40,40,34,4,4,3
65c10d8000af1af81e3f42ec,4.394444444,23,0.482277778,0.525333333,2.410714286,30,0.490619048,0.537333333,2.223333333,23,12.67666667,13.33333333,12,9,4,10,13.125,56.8,0.29,0.54,0.54,3,1.666666667,0.55,0.493333333,6,2,0.583333333,0.503333333,6,3.833333333,0.5,0.425,8,2.125,0.513333333,0.491428571,7,2.428571429,13.11111111,12.75,4,1.5,13.11111111,12.75,4,3.25,12.22222222,12.08333333,4,2,14.22222222,12.8,5,2.2,14,13,6,2.166666667,0.38,0.38,1,2,0.636666667,0.5875,4,4.75,0.633333333,0.538888889,9,4.888888889,0.45,0.45,3,6.333333333,0.526666667,0.455,6,4,15,12.5,11.25,15,11.25,12.5,11.25,13.75,15,13.75,5,3,4,3,4,2,4,3,6,6,0.25,0.34,0.26,0.26,0.34,63,74,43,53,51,2,5,2
65a3eae145bd7a121b03e953,9.627979798,51,0.508820202,0.604666667,7.257142857,28,0.492452381,0.536666667,9.68,19,18.41,19.43555556,8,9,3.7,10,14.4,62.4,0.446,0.526666667,0.4975,4,7,0.593333333,0.523333333,6,8.5,0.546666667,0.481428571,7,8.142857143,0.523333333,0.5,4,7.5,0.493333333,0.46,7,5.142857143,20.11111111,20.11111111,3,11,15.44444444,13.73333333,5,7.4,17.66666667,15.75,4,8,24.62222222,24.62222222,3,9,19.33333333,17.83333333,4,13,0.65,0.65,3,17.33333333,0.576666667,0.524,5,11.4,0.656666667,0.501666667,12,4.75,0.666666667,0.469545455,22,7.545454545,0.473333333,0.398888889,9,7.111111111,13.75,13.75,12.5,11.25,19.5,12.5,15.75,16.25,13.75,15,1,3,4,4,4,4,4,5,4,4,0.26,0.5,0.44,0.55,0.48,48,65,61,82,56,2,3,4
659c0682d109f8537a89fdd3,14.23333333,14,0.555666667,0.564333333,3.5,46,0.497564286,0.557333333,19.93333333,13,12.66666667,12.77777778,,8,2.3,10,14.025,68.6,0.558,0.606666667,0.56625,8,4.5,0.593333333,0.564285714,7,6.142857143,0.55,0.475714286,7,2.714285714,0.563333333,0.463,10,2.5,0.473333333,0.418571429,14,1.642857143,15,15,1,34,11.66666667,11.66666667,1,42,12.88888889,12.58333333,4,8.5,11.66666667,11.41666667,4,6.5,12.66666667,12.66666667,3,8.666666667,0.553333333,0.553333333,3,14.66666667,0.635,0.635,2,20,0.5,0.5,3,8,0.503333333,0.46,4,12,0.63,0.63,2,16.5,16.25,12.5,23.25,10,18.25,10,11.25,10,16.25,12.5,4,2,4,1,2,1,2,1,4,2,0.6,0.58,0.52,0.55,0.54,54,85,76,67,61,2,3,3
659583e0d5fab84895bfac7c,48.8,5,0.662,0.662,39.33333333,7,0.672,0.672,42.9,6,18.46666667,18.46666667,8,14,6.2,10,18.55,70,0.548,0.58,0.58,3,19.66666667,0.73,0.73,1,55,0.78,0.78,1,42,0.71,0.71,1,55,0.56,0.56,1,25,14.66666667,14.66666667,2,27.5,16.66666667,16.66666667,1,41,22.66666667,22.66666667,1,46,19.33333333,19.33333333,1,46,19,19,1,54,0.64,0.64,1,51,0.62,0.62,1,47,0.71,0.71,1,59,0.65,0.65,1,51,0.69,0.69,1,36,15,21.25,15,22,11.25,33.5,16.75,19.5,15,16.25,7,6,6,6,7,9,5,7,4,5,0.64,0.57,0.57,0.61,0.35,64,84,96,91,15,5,5,4
6584589847e4652b2516d4b3,6.51,21,0.4971,0.539,3.26,21,0.503533333,0.517333333,3.419047619,27,12.65031746,13.48888889,9,11,3.8,10,19.175,48.6,0.318,0.536666667,0.536666667,3,5,0.536666667,0.525,4,3.5,0.493333333,0.46,6,1.666666667,0.5,0.476,5,1.8,0.52,0.52,3,4.333333333,13.11111111,12.33333333,5,2.8,15.33333333,13.86666667,5,4.2,13.11111111,12.75,4,4.5,12.22222222,11.77777778,6,2.166666667,13.66666667,12.52380952,7,3.428571429,0.605,0.605,2,8.5,0.47,0.47,2,5.5,0.623333333,0.52,8,5.75,0.45,0.388,5,5.8,0.546666667,0.5025,4,7,19.5,11.25,18.75,12.5,19.5,35.25,11.25,16.25,33.75,13.75,4,4,4,4,3,3,4,2,7,3,0.39,0.3,0.34,0.27,0.29,47,55,46,48,47,3,4,4
656535cfb6e6bea3d8637deb,4.376060606,41,0.507154545,0.628,1.644848485,59,0.520928139,0.614,4.141666667,32,18.14769841,23.44,10,10,5.3,10,26.6,80.4,0.584,0.61,0.5375,12,1.5,0.626666667,0.544545455,11,2.090909091,0.57,0.484166667,12,1.833333333,0.583333333,0.517,10,1.3,0.68,0.521428571,14,1.5,26,19.27777778,6,2.833333333,17.53333333,14.56190476,7,2.142857143,29.88888889,20.85714286,7,2.857142857,20.33333333,15.125,8,3.375,23.44444444,20.91666667,4,9.5,0.55,0.455,6,1.833333333,0.613333333,0.535,6,5.833333333,0.686666667,0.5675,8,4.25,0.66,0.497272727,11,5.363636364,0.63,0.481,10,4.6,35.75,34.25,38.75,18.25,23.75,19.5,37.25,18.25,18.25,22,7,3,6,5,8,4,6,4,5,5,0.57,0.65,0.59,0.59,0.52,84,79,87,81,71,2,5,3
6551469abe377d3646c6cd6e,13.3,11,0.561666667,0.561666667,3.4,8,0.476,0.476,11.6,9,13.78888889,13.78888889,,9,4.9,10,15.95,38.6,0.244,0.48,0.48,1,4,0.495,0.495,2,2,0.485,0.485,2,4,0.46,0.46,2,5,0.46,0.46,1,2,13,13,2,8,13.44444444,13.44444444,3,6,15.66666667,15.66666667,1,19,14.33333333,14.33333333,1,13,12.5,12.5,2,12,0.52,0.52,2,16.5,0.57,0.57,1,14,0.475,0.475,2,10,0.593333333,0.593333333,3,12.33333333,0.65,0.65,3,13.66666667,13.75,20.75,11.25,30,11.25,11.25,11.25,12.5,26.25,11.25,5,4,5,6,5,4,5,6,4,5,0.24,0.25,0.29,0.21,0.23,47,47,33,29,37,5,2,2
654e38a9bd1961e9942af916,10.24047619,24,0.520542857,0.58,3.578333333,40,0.495666667,0.544,12.63333333,16,16.63333333,17,11,9,3.4,20,16.35,55.2,0.4,0.57,0.515,10,3.1,0.566666667,0.51,8,3.75,0.58,0.53125,8,3,0.49,0.443333333,6,5.166666667,0.513333333,0.47875,8,2.875,21.77777778,21.77777778,3,13.66666667,14.22222222,13.58333333,4,11,14.66666667,14.66666667,2,10.5,16.44444444,15.25,4,11,17.88888889,17.88888889,3,17,0.56,0.56,3,13.66666667,0.613333333,0.575,4,9.25,0.58,0.498,5,8.4,0.643333333,0.535714286,7,8.285714286,0.503333333,0.434,5,11.6,18.75,17,11.25,20.75,24.5,12.5,12.5,17.5,16.25,12.5,1,2,2,5,7,2,3,6,3,3,0.28,0.39,0.4,0.48,0.45,51,50,62,56,57,4,3,2
654a44f0addb5f41f1705b75,24.4,5,0.65,0.65,13.8,5,0.604,0.604,24.4,5,21.66666667,21.66666667,13,13,1.5,10,13.625,63.6,0.358,0.63,0.63,1,17,0.62,0.62,1,12,0.49,0.49,1,7,0.59,0.59,1,18,0.69,0.69,1,15,26,26,1,20,16,16,1,30,14.33333333,14.33333333,1,20,27.66666667,27.66666667,1,18,24.33333333,24.33333333,1,34,0.7,0.7,1,18,0.65,0.65,1,13,0.65,0.65,1,24,0.59,0.59,1,34,0.66,0.66,1,33,13.75,11.25,13.75,26.25,13.75,11.25,11.25,11.25,12.5,11.25,1,1,3,1,1,1,2,1,2,2,0.39,0.31,0.35,0.39,0.35,81,69,59,53,56,4,4,5
654676d73282e9e8d26d129f,2,1,0.46,0.46,,,,,,,,,,,,,,,,,,,,,,,,,,,,,,,,,,,,,,,,,,,,,,,,,,,,,,,,,,,,0.46,0.46,1,2,,,,,,,,,,,,,,,,,,,,,,,,,,,,,,,,,,,,,,,,,,,,,
6544ff9e0fb2eaaf83e2de5c,11,19,0.4923,0.536,8.6,15,0.509333333,0.509333333,6.966666667,12,13.99333333,13.99333333,,13,6.6,10,17.55,71,0.342,0.596666667,0.596666667,3,11,0.536666667,0.536666667,3,11.33333333,0.44,0.44,3,8,0.463333333,0.463333333,3,8,0.51,0.51,3,4.666666667,12.77777778,12.77777778,3,5,15.55555556,15.55555556,3,7.333333333,12.66666667,12.66666667,1,7,15.5,15.5,2,9.5,13.46666667,13.46666667,3,6,0.56,0.56,1,27,0.473333333,0.43,4,7.25,0.533333333,0.494,5,7.4,0.593333333,0.51,5,6.6,0.52,0.4675,4,6.75,18.25,15,18.25,13.75,24.5,28.25,22.5,11.25,11.25,12.5,7,7,5,6,8,9,9,4,5,6,0.27,0.28,0.43,0.45,0.28,70,60,71,84,70,4,5,4
6544fd514964fea23051c3b7,15.6,5,0.654,0.654,8.2,14,0.52,0.52,9.033333333,11,14.26666667,14.26666667,12,10,1,10,14.2,56.4,0.46,0.513333333,0.513333333,3,11,0.576666667,0.576666667,3,6.333333333,0.51,0.51,3,7.666666667,0.5,0.5,3,9,0.5,0.5,2,7,11.66666667,11.66666667,2,11.5,16.11111111,16.11111111,3,7.333333333,14.22222222,14.22222222,3,9.333333333,17.66666667,17.66666667,2,14,11.66666667,11.66666667,1,3,0.58,0.58,1,22,0.76,0.76,1,21,0.62,0.62,1,9,0.63,0.63,1,9,0.68,0.68,1,17,15,13.75,11.25,17,12.5,10,11.25,13.75,20,17.5,1,1,1,1,1,1,1,1,1,1,0.37,0.56,0.52,0.37,0.48,60,72,57,45,48,5,5,
653ed34dfa601f3952c72ed4,13.37333333,28,0.616066667,0.676,2.8,38,0.519952381,0.578,8.433333333,23,15.96063492,17.31111111,11,12,5.2,10,16.15,71.8,0.488,0.62,0.541666667,6,2.333333333,0.626666667,0.575555556,9,3.888888889,0.52,0.472857143,7,2.142857143,0.59,0.521111111,9,2.777777778,0.533333333,0.488571429,7,2.857142857,19.77777778,17.75,4,11.25,17.11111111,14.38095238,7,5,14.77777778,13.86666667,5,11,16.22222222,16.22222222,3,4.666666667,18.66666667,17.58333333,4,10.25,0.65,0.65,3,20,0.626666667,0.555,4,17,0.68,0.643333333,6,10.66666667,0.63,0.544,10,7.4,0.793333333,0.688,5,11.8,13.75,17,15,20.75,15.5,19.5,18.75,13.75,13.75,13.75,7,6,4,5,4,4,8,4,6,4,0.4,0.52,0.57,0.47,0.48,54,87,82,63,73,5,4,3
65313bdcb9fd825a8c1d4981,5.11047619,28,0.434761905,0.51,4.591428571,28,0.5149,0.558666667,4.653333333,19,12.49666667,12.72888889,9,,2.9,10,13.275,4.4,0.204,0.52,0.4925,4,5.5,0.606666667,0.531428571,7,5.428571429,0.523333333,0.492,5,3,0.596666667,0.538571429,7,4.428571429,0.546666667,0.52,5,4.6,13.2,13.2,3,6.666666667,13.11111111,12.53333333,5,3.6,11.66666667,11.66666667,3,6,13.66666667,13.16666667,4,3.5,12,11.91666667,4,3.5,0.586666667,0.55,5,8,0.493333333,0.444,5,4.4,0.6,0.447142857,7,4.285714286,0.48,0.406666667,6,4.666666667,0.39,0.326,5,4.2,13.75,12.5,12.5,12.5,22,11.25,15.75,11.25,10,11.25,3,3,4,3,4,5,1,3,1,2,0.19,0.2,0.21,0.21,0.21,5,5,4,4,4,,,
652ae54b698bbd5c18c0c90e,9.685714286,27,0.452061905,0.506666667,2.405952381,36,0.512035714,0.57,11.13333333,18,15.53,16.04444444,7,14,4.1,10,15.05,88.8,0.416,0.6,0.52,8,1.625,0.553333333,0.49375,8,1.5,0.573333333,0.525,6,2.333333333,0.553333333,0.5,7,4.285714286,0.57,0.521428571,7,2.285714286,14.22222222,13.58333333,4,5,15.66666667,13.73333333,5,4,16.66666667,16.66666667,3,14,16.11111111,16.11111111,3,15,17.55555556,17.55555556,3,17.66666667,0.516666667,0.4725,4,18.5,0.46,0.402,5,6.4,0.58,0.507142857,7,7.428571429,0.466666667,0.422,5,5.6,0.51,0.456666667,6,10.5,17.5,12.5,13.75,11.25,19.25,16.25,11.25,11.25,26.25,11.25,4,5,6,5,4,1,5,1,5,5,0.34,0.43,0.45,0.4,0.46,114,84,89,70,87,6,4,4
652359572fd30ff57dfea7fb,13.76666667,17,0.532833333,0.545333333,11.83333333,16,0.544666667,0.555333333,17,11,17.93333333,17.93333333,9,9,3.2,10,14.825,64,0.456,0.473333333,0.473333333,3,7.333333333,0.573333333,0.573333333,3,12.66666667,0.533333333,0.48,4,8.5,0.606666667,0.606666667,3,19.33333333,0.59,0.59,3,11.33333333,13.83333333,13.83333333,2,19,23.83333333,23.83333333,2,18.5,19.66666667,19.66666667,2,20,18,18,2,16.5,14.33333333,14.33333333,3,11,0.54,0.54,3,19.33333333,0.583333333,0.583333333,3,13.66666667,0.633333333,0.633333333,3,16.33333333,0.513333333,0.485,4,10.75,0.456666667,0.4225,4,8.75,21.25,17,13.75,11.25,17.5,17.5,12.5,13.75,10,13.75,3,3,4,1,4,4,4,6,1,2,0.39,0.46,0.5,0.45,0.48,58,80,69,54,59,3,3,3
651d9ea96f3253abbfd8d38b,8.74,22,0.518733333,0.560666667,10.5,19,0.574333333,0.59,18.76666667,14,27.43888889,27.75555556,11,15,4.7,10,19.875,54,0.518,0.596666667,0.596666667,3,12.66666667,0.586666667,0.538333333,6,6.5,0.626666667,0.626666667,3,14.66666667,0.56,0.53,4,8,0.58,0.58,3,10.66666667,27.33333333,27.33333333,3,18.33333333,23.22222222,23.22222222,3,17.66666667,31,31,1,32,24.88888889,24.88888889,3,15.33333333,32.33333333,30.75,4,10.5,0.586666667,0.586666667,3,9,0.543333333,0.5075,4,8,0.58,0.5575,4,8,0.516666667,0.45,6,9.5,0.576666667,0.492,5,9.2,16.25,22,25,12.5,33.25,15,23.25,20.75,18.25,12.5,4,6,4,3,5,7,7,5,3,3,0.46,0.46,0.52,0.52,0.63,30,52,85,44,59,4,5,6
65076318d067065e1257a025,7.216666667,13,0.5385,0.551,1.158571429,30,0.445546032,0.498,2.833333333,14,12.87444444,12.90222222,9,7,4.6,10,13.6,42.6,0.402,0.513333333,0.495,4,1.25,0.47,0.422,5,1.2,0.483333333,0.454285714,7,1.142857143,0.553333333,0.424444444,9,1,0.47,0.432,5,1.2,12.22222222,12.22222222,3,2,12.22222222,12.08333333,4,3.5,11.66666667,11.66666667,2,3.5,13.33333333,13.33333333,2,1.5,15.06666667,15.06666667,3,3.666666667,0.635,0.635,2,8,0.39,0.39,2,6,0.57,0.57,2,7.5,0.6,0.5375,4,8.25,0.56,0.56,3,6.333333333,19.5,12.5,12,13.75,13.75,19.5,11.25,11.25,11.25,11.25,7,7,4,4,3,5,5,3,5,3,0.37,0.32,0.34,0.56,0.42,33,40,42,54,44,,2,5
64df6c0375d740bb235620f5,8.08,26,0.46385,0.503333333,4.84,23,0.4891,0.51,10.20333333,19,16.11444444,17.65555556,6,9,3,20,15.8875,74.6,0.482,0.536666667,0.502,5,4.6,0.53,0.5175,4,7.75,0.54,0.514,5,4.2,0.486666667,0.47,4,5.25,0.456666667,0.442,5,2.4,17.22222222,14.66666667,5,6.4,21,17.26666667,5,7.2,15.83333333,15.83333333,2,19.5,16.33333333,14.91666667,4,6.25,17.88888889,17.88888889,3,11.66666667,0.483333333,0.4725,4,10.75,0.373333333,0.346,5,6,0.646666667,0.6275,4,9.75,0.463333333,0.39125,8,6.5,0.55,0.482,5,7.4,13.75,18.75,10,11.25,13.75,15,13.75,26.25,12.5,23.25,3,6,1,1,3,2,3,3,4,4,0.38,0.38,0.53,0.54,0.58,58,69,71,83,92,4,4,1
64c9892e8e7e06812b775c0c,8.866666667,24,0.4844,0.536666667,5.373333333,23,0.510866667,0.552666667,12.95,16,15.98333333,16.68888889,8,11,4.9,10,14.625,77.6,0.434,0.613333333,0.57,5,8.8,0.5,0.5,1,3,0.54,0.503333333,6,6.333333333,0.583333333,0.505,6,5.333333333,0.526666667,0.476,5,3.4,18.11111111,16.75,4,11.5,15.66666667,14.41666667,4,9.75,14.33333333,14.33333333,2,17,17,16.08333333,4,7,18.33333333,18.33333333,2,19.5,0.543333333,0.543333333,3,10,0.453333333,0.435,4,10.5,0.536666667,0.452,5,9,0.583333333,0.515,6,7.833333333,0.566666667,0.476666667,6,7,23.25,11.25,11.75,11.25,12.5,20.75,17.5,11.25,11.25,15.5,3,4,5,6,4,7,6,3,6,5,0.43,0.37,0.44,0.49,0.44,61,75,88,80,84,3,4,4
6466685f630eb8c3f8856e5e,63.4,5,0.698,0.698,24.2,5,0.594,0.594,22.25,4,13,13,10,10,3.5,10,13.75,65.8,0.414,0.47,0.47,1,11,0.7,0.7,1,37,0.72,0.72,1,32,0.56,0.56,1,32,0.52,0.52,1,9,14.33333333,14.33333333,1,16,11.66666667,11.66666667,1,12,13.33333333,13.33333333,1,17,12.66666667,12.66666667,1,44,,,,,0.66,0.66,1,48,0.67,0.67,1,48,0.78,0.78,1,69,0.67,0.67,1,69,0.71,0.71,1,83,19.25,11.25,12.5,11.25,12.5,11.25,11.25,23.25,12.5,12.5,4,4,2,3,5,4,4,3,3,3,0.38,0.37,0.39,0.49,0.44,96,61,60,48,64,3,4,3
642ead184d7533ccfd57d888,8.342857143,30,0.549,0.616,6.28452381,32,0.503607143,0.565333333,8.203333333,26,16.46555556,18.77777778,9,3,9.1,10,20.725,56,0.428,0.563333333,0.484285714,7,7.285714286,0.576666667,0.515,6,6.833333333,0.546666667,0.53,4,7,0.576666667,0.49,7,3.428571429,0.563333333,0.49875,8,6.875,25.88888889,21,5,8.6,16.88888889,14.88888889,6,7,16.22222222,14.55555556,6,7.666666667,16,14.8,5,8,18.88888889,17.08333333,4,9.75,0.506666667,0.506666667,3,8,0.516666667,0.468333333,6,10,0.666666667,0.595714286,7,7.285714286,0.703333333,0.591428571,7,8.428571429,0.686666667,0.582857143,7,8,32.75,21.75,25.75,12.5,20.5,23.25,17.5,17.5,12.5,23.25,7,8,10,10,11,10,10,9,7,9,0.39,0.43,0.47,0.44,0.41,58,47,57,58,60,,3,
64136e2bd31ba4a3a7c16ddc,6.116666667,21,0.4855,0.517333333,2.116666667,20,0.4799,0.497333333,6.513333333,18,13.90888889,14.24222222,9,15,4.7,10,13.825,48.2,0.412,0.46,0.46,1,2,0.5,0.4925,4,2.75,0.503333333,0.472,5,1,0.516666667,0.485,6,2.333333333,0.506666667,0.49,4,2.5,12.88888889,12.58333333,4,3.5,13.66666667,12.66666667,5,3.4,13.44444444,13.44444444,3,7.666666667,18.1,18.1,2,11,13.11111111,12.75,4,7,0.47,0.47,2,8.5,0.526666667,0.526666667,3,5,0.65,0.605,6,6.333333333,0.52,0.438333333,6,5,0.42,0.3875,4,5.75,11.25,18.25,11.25,12.5,13.75,11.25,20,15,11.25,13.75,4,8,4,4,4,4,4,5,5,5,0.31,0.31,0.42,0.57,0.45,53,43,39,52,54,5,4,6
63fa78f21e485a372c6528fa,7.261666667,25,0.530883333,0.589,1.416666667,25,0.5034,0.538,8.066666667,14,20.01666667,20.26666667,13,12,4.7,10,17.55,57.6,0.458,0.55,0.512,5,1.2,0.576666667,0.524,5,1,0.496666667,0.476,5,1.8,0.563333333,0.52,6,1.333333333,0.503333333,0.485,4,1.75,21.77777778,21.77777778,3,5.333333333,15.55555556,15.55555556,3,5,16.66666667,15.41666667,4,6.5,26.83333333,26.83333333,2,12.5,20.5,20.5,2,11,0.546666667,0.49,4,7.25,0.555,0.555,2,9,0.69,0.631666667,6,6.833333333,0.586666667,0.46375,8,5.625,0.566666667,0.514,5,7.6,13.75,22,18,15,18.25,11.25,11.25,15,32.75,18.25,4,7,4,3,6,3,4,5,7,4,0.28,0.52,0.51,0.52,0.46,58,50,61,54,65,4,5,3
63f782f160eb53150d24c549,4.08,19,0.483566667,0.512666667,1.796031746,32,0.493150794,0.549333333,2.639848485,35,12.38141414,13.15555556,13,8,3.9,10,13.825,65.8,0.51,0.553333333,0.5175,4,2.75,0.59,0.538333333,6,1.833333333,0.56,0.474444444,9,1.444444444,0.516666667,0.458333333,6,1.666666667,0.526666667,0.477142857,7,1.285714286,12.22222222,12,5,3.6,13.11111111,12.22222222,6,4.333333333,11.66666667,11.66666667,8,1.375,15.33333333,13.86666667,5,1.8,13.44444444,12.15151515,11,2.090909091,0.476666667,0.476666667,3,3,0.5,0.4275,4,2.75,0.556666667,0.556666667,3,7,0.586666667,0.555,4,3.25,0.443333333,0.402,5,4.4,13.75,12.5,11.25,11.25,28.75,13.75,14.5,10,11.25,11.25,3,4,4,2,8,5,1,4,4,4,0.5,0.51,0.54,0.53,0.47,91,74,57,57,50,2,2,4
63f6921f294f32b36bb1179e,9.394285714,28,0.564571429,0.652666667,5.886904762,36,0.519011905,0.587333333,8.156666667,23,13.18777778,14.13333333,15,12,4.4,10,14.275,109,0.526,0.58,0.5325,8,4.875,0.633333333,0.54875,8,4.25,0.573333333,0.507142857,7,6.285714286,0.563333333,0.496666667,6,8.166666667,0.586666667,0.51,7,5.857142857,11.66666667,11.46666667,5,8.2,18.55555556,15.38888889,6,8.333333333,15.66666667,14.66666667,4,5.25,12.22222222,12.08333333,4,7.75,12.55555556,12.33333333,4,11.25,0.626666667,0.59,4,10,0.573333333,0.492,5,8,0.78,0.678,5,12.4,0.613333333,0.492857143,7,8,0.67,0.57,7,8.571428571,20.75,15,13.75,12.5,12.5,12.5,12.5,17,12.5,13.75,4,3,4,5,5,5,5,6,3,4,0.5,0.46,0.55,0.54,0.58,114,93,115,113,110,4,3,5
63d7abeeb49ad49fa7545e44,4.5,19,0.504166667,0.534333333,6.886666667,18,0.515866667,0.527333333,5.67,16,12.8,12.84444444,12,11,3.1,10,15.275,55,0.478,0.53,0.53,3,7,0.523333333,0.476,5,6.6,0.47,0.46,4,5.5,0.586666667,0.586666667,3,10.33333333,0.526666667,0.526666667,3,5,12.66666667,12.66666667,1,7,14.22222222,14.22222222,3,7,11.66666667,11.66666667,5,2.6,13.11111111,13.11111111,3,2,12.55555556,12.33333333,4,9.75,0.49,0.49,3,5.333333333,0.476666667,0.4225,4,4.25,0.615,0.615,2,4,0.51,0.453333333,6,4.666666667,0.58,0.54,4,4.25,11.25,25.75,11.25,18.25,16.25,10,15,15,15,15,6,6,2,3,2,1,3,2,3,3,0.31,0.53,0.58,0.62,0.35,56,52,53,61,53,5,5,1
63d79fcd741f9cfb2f87152f,20,5,0.5125,0.535,,,,,,,,,,,,,,,,,,,,,,,,,,,,,,,,,,,,,,,,,,,,,,,,,,,,,,,,,,,,,,,,0.55,0.505,4,9,0.52,0.52,1,31,,,,,,,,,,,,,,,,,,,,,,,,,,,,,,,,,,,,,
63d50bed33ba8cb1b9794938,5.584761905,31,0.485161905,0.564,1.234920635,37,0.514301587,0.586666667,8.1,8,15.36666667,15.36666667,3,4,3.7,10,17.175,63.6,0.518,0.563333333,0.494285714,7,1.285714286,0.64,0.557777778,9,1,0.563333333,0.506666667,6,1.333333333,0.616666667,0.501111111,9,1.222222222,0.55,0.511666667,6,1.333333333,14.5,14.5,2,6,11.66666667,11.66666667,1,3,17.33333333,17.33333333,1,13,15.33333333,15.33333333,2,5,18,18,2,13.5,0.59,0.552,5,7.4,0.49,0.41,6,3.166666667,0.596666667,0.48,7,4.857142857,0.573333333,0.496666667,6,6.5,0.57,0.487142857,7,6,20.75,20.75,13.75,20,13.75,11.25,11.25,22,12.5,25.75,7,4,4,5,2,2,4,5,2,2,0.46,0.62,0.54,0.56,0.41,66,74,52,75,51,,2,2
63d432e27555fb4b5785cfcd,7.167142857,30,0.512514286,0.588666667,1.84,25,0.5132,0.548,3.119047619,30,13.17698413,14.13333333,10,7,1.1,20,17.075,51,0.458,0.58,0.558,5,2.6,0.566666667,0.518,5,1.8,0.55,0.504,5,1.4,0.53,0.492,5,1.2,0.513333333,0.494,5,2.2,12.22222222,11.94444444,6,3.333333333,13,12.23809524,7,2.142857143,13.33333333,12.5,6,4.333333333,18.22222222,16.58333333,4,3.5,13.88888889,12.61904762,7,2.285714286,0.516666667,0.474,5,8.8,0.536666667,0.5125,4,8.5,0.706666667,0.578571429,7,6.285714286,0.576666667,0.4875,8,7.25,0.606666667,0.51,6,5,18.75,16.25,28.75,13.75,21.25,19.5,13.75,12.5,13.75,16.25,1,1,1,1,1,1,1,1,1,2,0.45,0.45,0.47,0.44,0.48,58,47,53,46,51,1,4,2
63d42c21dc6f4d60e34cc337,7.093333333,27,0.493657143,0.554666667,4.288095238,37,0.495210317,0.534666667,14.81666667,18,16.87222222,17.71111111,,9,6.4,10,18.075,58.6,0.454,0.586666667,0.555,6,6.666666667,0.556666667,0.514444444,9,3.666666667,0.526666667,0.488571429,7,3.142857143,0.486666667,0.434285714,7,5.714285714,0.516666667,0.48375,8,2.25,13.44444444,13.44444444,3,13.66666667,12.66666667,12.66666667,3,16.66666667,17.55555556,16.08333333,4,12.25,16.66666667,15.83333333,4,19.25,28.22222222,26.33333333,4,12.25,0.493333333,0.463333333,6,8.166666667,0.636666667,0.554,5,8.8,0.45,0.45,3,6.666666667,0.593333333,0.516666667,6,5.833333333,0.6,0.484285714,7,6,11.25,12.5,21.25,13.75,16.25,18.75,16.25,21.25,27.5,22,6,4,5,6,9,7,9,6,7,5,0.46,0.38,0.5,0.43,0.5,49,43,72,65,64,2,5,2
63cc90d2bed7edb18c3fd155,7.48,26,0.56435,0.638,37.4,5,0.682,0.682,3.353333333,25,13.38222222,14.88888889,10,14,2.9,10,17.425,87.8,0.532,0.71,0.71,1,33,0.72,0.72,1,38,0.69,0.69,1,28,0.61,0.61,1,48,0.68,0.68,1,40,14.77777778,13.22222222,6,3.666666667,18.22222222,14.77777778,6,2.833333333,12.77777778,12.77777778,3,3.666666667,16.11111111,14.13333333,5,3.4,12.55555556,12,5,3.2,0.626666667,0.572,5,7.6,0.54,0.54,3,7,0.703333333,0.596,5,9,0.643333333,0.50375,8,7,0.676666667,0.61,5,6.8,20.75,20.75,14.5,23.75,15,20,13.75,10,20.75,15,3,3,3,4,3,3,3,1,3,3,0.43,0.61,0.53,0.53,0.56,75,94,79,95,96,3,6,5
63ae31ff5c725a41082afc56,17.6,5,0.66,0.66,7.6,8,0.458,0.458,19.2,5,15.4,15.4,13,13,3.6,10,12.825,40.2,0.28,0.35,0.35,2,5,0.5,0.5,1,9,0.545,0.545,2,9,0.435,0.435,2,7,0.46,0.46,1,8,13.33333333,13.33333333,1,11,16,16,1,17,11.66666667,11.66666667,1,12,13.33333333,13.33333333,1,29,22.66666667,22.66666667,1,27,0.66,0.66,1,17,0.73,0.73,1,16,0.74,0.74,1,23,0.45,0.45,1,16,0.72,0.72,1,16,11.25,15,18.25,10,11.25,16.25,12.5,11.25,11.25,11.25,3,5,5,3,2,4,5,3,1,5,0.23,0.27,0.37,0.26,0.27,41,51,39,30,40,4,5,4
636d39168fe0bc0570ee8da0,12.81666667,17,0.573,0.596,7.616666667,21,0.5705,0.594666667,9.833333333,15,18.53555556,18.81111111,11,13,5.4,10,22.925,59.2,0.49,0.506666667,0.4975,4,4.75,0.603333333,0.56,6,6.833333333,0.7,0.7,3,13,0.59,0.55,4,7.5,0.573333333,0.545,4,6,17,17,3,7.666666667,15.11111111,13.73333333,5,4,20.83333333,20.83333333,2,14.5,23.44444444,23.44444444,3,5,17.66666667,17.66666667,2,18,0.57,0.57,3,8.333333333,0.75,0.75,1,30,0.483333333,0.43,4,6.75,0.54,0.478333333,6,7.666666667,0.636666667,0.636666667,3,11.33333333,27.5,20.75,10,17.5,35.75,20.75,25,13.75,32.5,25.75,7,5,4,5,6,4,6,6,6,5,0.44,0.46,0.53,0.45,0.57,65,47,57,51,76,5,4,4
63474e67a5fd298c6103c409,10.14333333,23,0.581383333,0.608666667,6.913333333,29,0.5334,0.584,8.946666667,22,31.11555556,33.73333333,7,10,7.4,10,32.35,65,0.444,0.613333333,0.562,5,7.4,0.533333333,0.505,6,6.833333333,0.556666667,0.513333333,6,6.333333333,0.653333333,0.563333333,6,7.833333333,0.563333333,0.523333333,6,6.166666667,35,33.58333333,4,9.75,32.77777778,32.77777778,3,10.66666667,36.22222222,33,6,7.166666667,31.44444444,28.41666667,4,8.75,33.22222222,27.8,5,8.4,0.563333333,0.563333333,3,14.33333333,0.393333333,0.393333333,3,7.333333333,0.753333333,0.69125,8,8.25,0.653333333,0.594,5,10.8,0.68,0.665,4,10,39.5,25.75,35.75,27,30,21.25,41.5,37,28.25,37.5,8,11,6,7,9,6,6,8,7,6,0.5,0.5,0.4,0.49,0.33,81,68,60,67,49,3,3,4
6344b4073207c88c1cf5b49f,7.036666667,23,0.505566667,0.558,3.006666667,23,0.4915,0.525333333,5.566666667,19,13.01111111,13.55555556,6,9,1.4,10,15.025,43.2,0.408,0.553333333,0.49,5,2.2,0.57,0.56,4,3.75,0.546666667,0.515,6,3.333333333,0.48,0.4325,4,4.25,0.476666667,0.46,4,1.5,12.22222222,12.22222222,3,7,15.33333333,13.33333333,6,3.666666667,14.55555556,13.83333333,4,6.5,12.77777778,12.77777778,3,4.666666667,12.88888889,12.88888889,3,6,0.54,0.51,5,8.8,0.413333333,0.413333333,3,5.333333333,0.626666667,0.56,6,4,0.606666667,0.5325,4,9.25,0.603333333,0.512,5,7.8,11.25,17,12.5,18.25,15,18.75,12.5,15,12.5,17.5,2,2,2,2,1,1,1,1,1,1,0.27,0.5,0.38,0.39,0.5,50,36,38,32,60,3,1,5
6332274d72eff2df47171a78,9.55,24,0.551416667,0.606,2.852380952,39,0.524242063,0.588,3.514285714,32,11.9952381,12.75555556,14,13,6.3,10,14.4,73.6,0.356,0.626666667,0.565714286,7,3.714285714,0.626666667,0.53625,8,2.25,0.6,0.5375,8,4.25,0.556666667,0.488888889,9,2.333333333,0.53,0.492857143,7,1.714285714,11.66666667,11.5,6,3.333333333,12.77777778,12.14285714,7,2.857142857,12.77777778,12.05555556,6,3.833333333,12.22222222,11.61111111,6,3.833333333,14.33333333,12.66666667,7,3.714285714,0.533333333,0.505,4,11.75,0.503333333,0.4725,4,10.5,0.69,0.62,5,7,0.64,0.49625,8,5.5,0.663333333,0.663333333,3,13,10,12.5,13,15,19.5,13.75,13.75,11.25,25.25,10,4,6,7,5,8,4,9,4,6,10,0.27,0.45,0.4,0.37,0.29,62,82,80,68,76,6,4,3
631745a70c7c585248df1a5d,4.88,31,0.4914,0.568666667,1.155555556,35,0.445959524,0.511333333,4.53,27,12.65722222,13.68888889,9,9,4.6,10,15.675,41.6,0.31,0.593333333,0.463333333,9,1.111111111,0.47,0.435714286,7,1,0.503333333,0.46,6,1.666666667,0.51,0.41875,8,1,0.48,0.452,5,1,11.66666667,11.41666667,4,5,16.44444444,13.875,8,3,16.66666667,14.61111111,6,5,11.66666667,11.46666667,5,3.4,12,11.91666667,4,6.25,0.56,0.524,5,5.4,0.576666667,0.516,5,4.4,0.72,0.66,5,4.8,0.53,0.387,10,3.8,0.456666667,0.37,6,6,21.75,16.25,13.75,22.5,12.5,13.75,12.5,12.5,17.5,13.75,7,5,5,4,4,4,4,6,3,4,0.53,0.26,0.26,0.25,0.25,51,37,50,36,34,3,3,3
631610af8e747093cd90e00d,8.366666667,14,0.657333333,0.657333333,2.948809524,27,0.577619048,0.615666667,4.06,17,19.22888889,19.72222222,9,11,4.5,10,15.825,44.4,0.454,0.545,0.545,2,2.5,0.65,0.5975,8,2.125,0.576666667,0.521428571,7,2.285714286,0.643333333,0.6325,4,4.5,0.663333333,0.591666667,6,3.333333333,19.22222222,18.33333333,4,3,16.11111111,14.53333333,5,3.8,25.33333333,25.33333333,3,6,16.11111111,16.11111111,3,3,21.83333333,21.83333333,2,4.5,0.563333333,0.563333333,3,8.666666667,0.63,0.63,3,7,0.723333333,0.723333333,3,8.666666667,0.69,0.69,3,8,0.68,0.68,2,9.5,11.25,15,12.5,13.75,28.25,11.25,28.75,10,10,17.5,2,3,7,6,5,7,8,1,1,5,0.32,0.47,0.53,0.42,0.53,55,45,45,33,44,4,5,2
62e02b26e879244a99e852fa,14.86666667,13,0.5136,0.524666667,5.333333333,17,0.5343,0.551,8.1,10,16.26666667,16.26666667,,8,5.6,10,18.925,78,0.45,0.573333333,0.524,5,3,0.523333333,0.523333333,3,5.333333333,0.525,0.525,2,8.5,0.566666667,0.5325,4,5.5,0.566666667,0.566666667,3,4.333333333,12.83333333,12.83333333,2,4,23.5,23.5,2,7,20,20,2,12.5,13.33333333,13.33333333,2,8,11.66666667,11.66666667,2,9,0.605,0.605,2,20.5,0.36,0.36,1,21,0.55,0.55,3,8.333333333,0.513333333,0.458,5,7,0.595,0.595,2,17.5,25.75,20,13.75,21.25,23.25,19.5,18,17,11.25,19.5,5,5,7,6,6,5,6,5,5,6,0.44,0.42,0.5,0.43,0.46,68,90,76,81,75,3,2,3
62d6d77df59450e545fb22f6,35.8,5,0.604,0.604,14.8,5,0.6,0.6,19.2,5,19.33333333,19.33333333,,6,3.7,10,12.75,66.6,0.352,0.62,0.62,1,12,0.66,0.66,1,12,0.52,0.52,1,18,0.64,0.64,1,17,0.56,0.56,1,15,12.66666667,12.66666667,1,10,22.66666667,22.66666667,1,22,14.33333333,14.33333333,1,14,24.33333333,24.33333333,1,24,22.66666667,22.66666667,1,26,0.67,0.67,1,30,0.5,0.5,1,33,0.64,0.64,1,44,0.58,0.58,1,38,0.63,0.63,1,34,15,11.25,11.25,15,15,10,13.75,12.5,11.25,12.5,3,5,4,4,4,1,4,4,4,4,0.25,0.49,0.38,0.38,0.26,74,66,66,73,54,,3,3
62cbf51439a76e8fccd8a495,10.86666667,12,0.530666667,0.581111111,,,,,17.73333333,11,18.07777778,18.07777778,,,,,,,,,,,,,,,,,,,,,,,,,,,,12.55555556,12.55555556,3,9.666666667,17.83333333,17.83333333,2,20.5,19.83333333,19.83333333,2,22,23,23,2,19,17.16666667,17.16666667,2,17.5,,,,,,,,,0.67,0.606,5,8.4,0.573333333,0.486,5,6.2,0.5,0.5,2,18,,,,,,,,,,,,,,,,,,,,,,,,,,,,,,,,,
62bb42e2f21cfdb280cc975f,7.033333333,19,0.427533333,0.458333333,2.333333333,13,0.493,0.498333333,6.5,14,12.94444444,12.94444444,12,,1.1,10,14.15,58.2,0.388,0.5,0.5,2,1.5,0.56,0.56,2,4,0.455,0.455,2,2,0.526666667,0.5,4,2.5,0.45,0.45,3,1.666666667,11.66666667,11.66666667,3,6.333333333,13.55555556,13.55555556,3,4.333333333,13.11111111,13.11111111,3,7.333333333,13.83333333,13.83333333,2,10.5,12.55555556,12.55555556,3,4,0.445,0.445,2,10,0.446666667,0.396,5,6,0.513333333,0.513333333,3,7.666666667,0.516666667,0.413333333,6,6.5,0.37,0.37,3,5,11.25,10,12.5,12.5,20,18.75,14.5,11.25,19.5,11.25,1,1,1,2,1,1,1,1,1,1,0.36,0.45,0.45,0.43,0.25,67,69,49,53,53,,,
62b44f66a16d45783569fad6,7.77,22,0.5175,0.575333333,1.696666667,26,0.4986,0.538,6.316666667,16,13.66111111,13.8,11,3,4.2,10,17.7,56.6,0.516,0.556666667,0.534,5,1.6,0.56,0.535,4,1.75,0.556666667,0.498333333,6,2,0.52,0.451666667,6,1.333333333,0.496666667,0.474,5,1.8,12.88888889,12.88888889,3,5.333333333,14.44444444,13.75,4,6.25,17.22222222,17.22222222,3,9.333333333,12.77777778,12.77777778,3,4.666666667,11.66666667,11.66666667,3,6,0.526666667,0.485,4,8.75,0.536666667,0.51,4,9.5,0.623333333,0.5925,4,8,0.606666667,0.526,5,6,0.583333333,0.474,5,6.6,19.25,19.5,13.75,20.75,26.25,24.25,11.25,10,19.5,12.5,6,5,2,5,6,4,5,4,3,2,0.47,0.47,0.66,0.52,0.46,63,68,60,41,51,,2,1
62911ef14fd68295d60ba83b,10.73333333,11,0.554666667,0.554666667,6.833333333,12,0.554,0.560666667,3.826666667,20,16.99555556,18.06666667,10,9,3.8,10,14.9,52.6,0.45,0.61,0.61,3,7.666666667,0.583333333,0.55,4,4,0.48,0.48,1,6,0.545,0.545,2,6.5,0.585,0.585,2,10,16,14.46666667,5,2.8,15.66666667,14.66666667,4,3,22,22,3,8,19.55555556,16.73333333,5,2,17.11111111,17.11111111,3,3.333333333,0.59,0.59,2,14.5,0.465,0.465,2,9,0.573333333,0.573333333,3,7.666666667,0.615,0.615,2,9.5,0.53,0.53,2,13,10,10,10,20.75,19.5,12.5,16.75,22,10,17.5,1,1,1,8,5,4,5,4,1,8,0.26,0.4,0.47,0.68,0.44,43,55,51,53,61,3,3,3
628f572a2d1304a34b9e1a37,17.4,7,0.54,0.54,17.2,5,0.588,0.588,13.2,5,16.93333333,16.93333333,13,9,4,10,13.95,34.4,0.266,0.62,0.62,1,14,0.68,0.68,1,21,0.54,0.54,1,19,0.57,0.57,1,20,0.53,0.53,1,12,13.33333333,13.33333333,1,13,14.33333333,14.33333333,1,13,13.33333333,13.33333333,1,12,26,26,1,19,17.66666667,17.66666667,1,9,0.57,0.57,1,22,0.53,0.53,1,21,0.69,0.69,1,14,0.56,0.56,1,23,0.35,0.35,3,7,10,16.25,12.5,17.5,12.5,24.5,11.25,11.25,12.5,11.25,5,7,4,4,3,5,3,3,3,3,0.24,0.24,0.25,0.25,0.35,38,39,29,24,42,3,3,3
6266a4e5846e1e41812a0432,5.665555556,29,0.481855556,0.555333333,4.915555556,36,0.516266667,0.574,5.033333333,34,13.66388889,15.61777778,11,12,6.8,10,14.2,81,0.314,0.61,0.511,10,3.8,0.65,0.592,5,7,0.526666667,0.473333333,9,4.777777778,0.553333333,0.498333333,6,4.5,0.53,0.506666667,6,4.5,12.22222222,11.94444444,6,5.5,16.57777778,14.25833333,8,5.75,11.66666667,11.66666667,6,4.833333333,17.73333333,15.2,6,5.833333333,19.88888889,15.25,8,3.25,0.6,0.54,5,7.2,0.56,0.491666667,6,6.833333333,0.583333333,0.504,5,4.6,0.643333333,0.501111111,9,5.444444444,0.39,0.3725,4,4.25,10,13.75,16.25,11.25,22,14.5,16.75,12.5,13.75,11.25,13,7,9,4,9,5,5,7,6,3,0.27,0.34,0.37,0.3,0.29,71,98,95,74,67,5,5,2
615eda024a5f84f408625b4f,11.51190476,26,0.569547619,0.628,7.037857143,32,0.530747619,0.592,14.9,13,24.5,24.63333333,8,10,6.3,10,20.9,76,0.516,0.593333333,0.535,6,10,0.64,0.558571429,7,2.714285714,0.54,0.481666667,6,7.5,0.576666667,0.5125,8,5.375,0.61,0.566,5,9.6,20.83333333,20.83333333,2,17,26,25.33333333,4,7.5,28.5,28.5,2,13,20.5,20.5,2,18,27.33333333,27.33333333,3,19,0.57,0.468571429,7,10.14285714,0.66,0.6475,4,17.25,0.666666667,0.666666667,3,16.66666667,0.623333333,0.5075,8,6.5,0.62,0.5575,4,7,23.75,15,11.25,18.75,22.5,16.25,12.5,33.75,38.25,17,6,6,4,7,6,7,4,9,7,7,0.29,0.53,0.62,0.61,0.53,66,78,80,87,69,4,3,3
6156fef09d1ab07148870099,,,,,,,,,9.166666667,10,13.86111111,15.5,,,,,,,,,,,,,,,,,,,,,,,,,,,,,,,,18.22222222,15.22222222,6,7.833333333,12.77777778,12.5,4,10.5,,,,,,,,,,,,,,,,,,,,,,,,,,,,,,,,,,,,,,,,,,,,,,,,,,,,,,,,,,,,,
612adba08b8235b31539c704,7.378571429,26,0.502547619,0.553333333,3.876666667,19,0.491433333,0.515333333,16.7,9,19,19,13,12,4.4,10,15.6,85.4,0.422,0.54,0.54,2,4.5,0.63,0.6,5,5,0.423333333,0.378,5,3.8,0.476666667,0.4325,4,1.75,0.506666667,0.506666667,3,4.333333333,16,16,2,11,14.66666667,14.66666667,2,9.5,21.66666667,21.66666667,2,19,19.33333333,19.33333333,1,26,23.33333333,23.33333333,2,18,0.59,0.59,2,12,0.446666667,0.446666667,3,4.666666667,0.686666667,0.598571429,7,8.142857143,0.533333333,0.4575,8,5.75,0.51,0.42,6,6.333333333,10,12.5,11.25,22,27,17.5,12.5,20.75,10,12.5,3,3,5,6,6,6,5,3,1,6,0.31,0.42,0.41,0.47,0.5,71,77,86,104,89,5,3,4
6101f4093ed452ae3b6d5ab9,9.408571429,37,0.549571429,0.651333333,2.539935065,46,0.474342713,0.546666667,5.281666667,38,14.26777778,17.55555556,11,9,1.7,10,13.7,64,0.568,0.583333333,0.478181818,11,2.181818182,0.64,0.54,11,2,0.523333333,0.4675,8,3.375,0.533333333,0.448888889,9,3,0.453333333,0.437142857,7,2.142857143,13.66666667,12.625,8,5,22.11111111,15.86666667,10,3.7,16.22222222,13.94444444,6,6,19.55555556,14.625,8,4.375,16.22222222,14.27777778,6,7.333333333,0.66,0.615,6,12.5,0.656666667,0.547142857,7,8.428571429,0.616666667,0.548571429,7,12.42857143,0.67,0.547142857,7,7.285714286,0.653333333,0.49,10,6.4,15,13.75,13.75,11.25,12.5,11.25,14.5,22.5,11.25,11.25,2,2,2,1,1,1,1,4,2,1,0.62,0.51,0.54,0.57,0.6,67,70,57,63,63,2,3,4
6100372e3a116cb5cb36ebea,9.4,7,0.45,0.45,1.933333333,11,0.499666667,0.499666667,5,8,15.36666667,15.36666667,6,10,3.4,10,25.925,41.4,0.306,0.55,0.55,2,1,0.563333333,0.563333333,3,1.666666667,0.405,0.405,2,1.5,0.535,0.535,2,2.5,0.445,0.445,2,3,19.66666667,19.66666667,2,5,12,12,2,2.5,12.5,12.5,2,6.5,11.66666667,11.66666667,1,2,21,21,1,9,0.49,0.49,1,13,0.5,0.5,1,14,0.495,0.495,2,8,0.465,0.465,2,6,0.3,0.3,1,6,10,37,27,22.5,35,23.25,22.75,35.25,24.5,22,1,6,3,3,4,3,3,5,3,3,0.33,0.25,0.33,0.37,0.25,38,36,35,53,45,3,4,3
60fda8f418c64ff072d22378,,,,,1.446666667,22,0.5238,0.553,12,2,13.83333333,13.83333333,,,,,,,,0.636666667,0.6,6,1.666666667,0.583333333,0.544,5,1.4,0.445,0.445,2,1.5,0.566666667,0.496666667,6,1.333333333,0.533333333,0.533333333,3,1.333333333,,,,,,,,,,,,,,,,,13.83333333,13.83333333,2,12,,,,,,,,,,,,,,,,,,,,,,,,,,,,,,,,,,,,,,,,,,,,,,,,,,,,,
60dc4e2299f89a7ca94b2c91,13.2,5,0.642,0.642,9.7,8,0.488,0.488,13.2,5,28.93333333,28.93333333,12,5,5.3,10,25.075,73,0.548,0.51,0.51,1,11,0.375,0.375,2,5,0.445,0.445,2,9.5,0.46,0.46,2,11,0.65,0.65,1,12,22.66666667,22.66666667,1,10,29,29,1,14,31,31,1,14,36,36,1,14,26,26,1,14,0.59,0.59,1,14,0.59,0.59,1,13,0.64,0.64,1,14,0.73,0.73,1,13,0.66,0.66,1,12,29.25,11.25,37,15,28.25,20,32.25,29.5,26.25,22,4,2,6,5,5,6,5,7,6,7,0.54,0.58,0.54,0.5,0.58,76,66,75,57,91,5,,
60d4edd50a63d7874c704979,9.933333333,12,0.507333333,0.507333333,1.27,23,0.5074,0.544666667,22.46666667,10,24.03333333,24.03333333,10,10,4.9,10,13.85,56,0.372,0.52,0.5025,4,1,0.603333333,0.548,5,1.4,0.513333333,0.4925,4,1.75,0.536666667,0.472,5,1.2,0.55,0.522,5,1,21.77777778,21.77777778,3,9.333333333,26,26,1,33,18.5,18.5,2,14,26.22222222,26.22222222,3,12,27.66666667,27.66666667,1,44,0.59,0.59,2,12,0.435,0.435,2,14,0.48,0.48,3,10.33333333,0.496666667,0.496666667,3,8.333333333,0.535,0.535,2,5,13.75,10,10.5,15,12.5,18,16.25,16.25,12.5,13.75,4,3,6,7,6,3,7,5,3,5,0.58,0.3,0.36,0.32,0.3,69,55,50,56,50,3,4,3
60cf0d251a90eb823bc9b740,7.083333333,38,0.473555556,0.550666667,1.311111111,43,0.503055556,0.574666667,4.280952381,37,12.91917989,14.73333333,12,3,1.8,10,16.65,74.8,0.436,0.543333333,0.5025,8,1.375,0.653333333,0.541111111,9,1.555555556,0.533333333,0.468333333,6,1,0.55,0.485,8,1.125,0.593333333,0.518333333,12,1.5,13.66666667,12.76190476,7,4.285714286,14.44444444,13.05555556,6,4.5,14,12.52380952,7,4.285714286,12.55555556,11.96296296,9,4.333333333,19,14.29166667,8,4,0.456666667,0.4375,4,8,0.493333333,0.47,4,7.75,0.673333333,0.598888889,9,7.777777778,0.556666667,0.432222222,9,6.555555556,0.573333333,0.429166667,12,5.333333333,19.5,15,20,12.5,16.25,18.25,15.75,15,21.75,12.5,1,2,1,4,2,1,1,1,3,2,0.38,0.49,0.52,0.41,0.38,65,95,87,72,55,3,,
60b542b8fbb1a6a2678f5054,7.6,17,0.5085,0.534666667,5.586666667,22,0.538666667,0.56,8,19,14.3,15.08888889,11,12,5.3,10,14.35,76.8,0.424,0.583333333,0.57,4,5,0.55,0.53,5,6.2,0.576666667,0.548,5,5.6,0.513333333,0.513333333,3,4.333333333,0.576666667,0.532,5,6.8,12,11.91666667,4,8,18.44444444,16.75,4,7.75,13,13,2,8,20.33333333,18.16666667,4,5.25,11.66666667,11.66666667,5,11,0.596666667,0.575,4,12,0.566666667,0.515,4,7.25,0.626666667,0.5925,4,7.75,0.473333333,0.45,4,7,0.41,0.41,1,4,11.25,19.25,10.5,17.5,16.25,15,11.25,13.75,11.25,17.5,4,4,5,6,9,5,5,4,4,7,0.38,0.47,0.39,0.36,0.52,68,90,73,70,83,4,4,4
60ac66a8e1bf5a1c51fa864c,7.633333333,11,0.517666667,0.517666667,2.45,20,0.576266667,0.589333333,3.733333333,14,31.78888889,31.78888889,4,10,3.6,10,26.1,45.8,0.324,0.58,0.58,3,2.333333333,0.593333333,0.562,5,2.6,0.59,0.58,4,2.25,0.603333333,0.603333333,3,2.666666667,0.58,0.556,5,2.4,34.66666667,34.66666667,3,2.666666667,30.22222222,30.22222222,3,4.333333333,37.33333333,37.33333333,3,4.666666667,24.88888889,24.88888889,3,3,31.83333333,31.83333333,2,4,0.72,0.72,2,17.5,0.425,0.425,2,3,0.563333333,0.563333333,3,6.666666667,0.465,0.465,2,6,0.415,0.415,2,5,17.5,30.75,23.25,20.75,24.5,32,22.5,29.5,24.5,35.75,3,3,5,3,3,5,3,3,3,5,0.32,0.5,0.31,0.24,0.25,45,54,43,41,46,2,2,6
609a3eb31cacec1cad4b9448,4.605,28,0.550783333,0.596666667,4.059401709,43,0.544773116,0.592666667,3.790238095,32,18.51968254,22,14,3,2.9,10,15.775,73.4,0.416,0.556666667,0.525,8,2.25,0.64,0.64,2,12.5,0.553333333,0.498181818,11,2,0.62,0.518461538,13,1.769230769,0.593333333,0.542222222,9,1.777777778,25.22222222,18,8,2.875,15,13.47619048,7,3.142857143,25.11111111,20.4,5,4.6,18.66666667,17.27777778,6,3.166666667,26,23.44444444,6,5.166666667,0.47,0.4375,4,2.75,0.61,0.561666667,6,2.5,0.646666667,0.608,5,7,0.633333333,0.57875,8,5.375,0.623333333,0.568,5,5.4,11.25,11.75,13.75,18.75,15,26.5,11.25,13.75,13.75,22,4,3,2,3,3,2,4,4,2,2,0.35,0.47,0.42,0.46,0.38,101,78,72,58,58,3,,
609911e00dd4843e39cb88ac,10.55,12,0.6075,0.610666667,2.479047619,24,0.509847619,0.54,9.9,9,22.75555556,22.75555556,9,8,3.8,10,15.15,44.4,0.342,0.54,0.54,3,1.333333333,0.576666667,0.534,5,3.8,0.483333333,0.483333333,3,3.666666667,0.526666667,0.458571429,7,1.428571429,0.573333333,0.533333333,6,2.166666667,26,26,1,12,23.5,23.5,2,12,23.11111111,23.11111111,3,7,25.66666667,25.66666667,1,10,15.5,15.5,2,8.5,0.475,0.475,2,9.5,0.63,0.63,2,12.5,0.623333333,0.6075,4,7.75,0.625,0.625,2,10,0.7,0.7,2,13,22,16.25,18.75,12.5,15,11.25,18.25,10,15,12.5,4,3,6,4,4,3,5,1,5,3,0.26,0.26,0.25,0.54,0.4,55,39,34,36,58,3,2,3
607a7b7d300ce256f51706bd,9.716666667,18,0.570166667,0.598333333,7.8,21,0.553666667,0.570666667,9.366666667,16,20.09111111,20.14666667,11,10,10.5,10,19.175,62.8,0.396,0.6,0.563333333,6,6,0.613333333,0.6,4,9,0.536666667,0.501666667,6,7.833333333,0.533333333,0.533333333,3,10.66666667,0.57,0.57,2,5.5,11.11111111,10.83333333,4,8.5,25.33333333,25.33333333,3,11,21.02222222,21.02222222,3,9.666666667,24.26666667,24.26666667,3,10,19,19,3,7.666666667,0.523333333,0.523333333,3,9.333333333,0.615,0.615,2,14.5,0.71,0.628333333,6,7.666666667,0.536666667,0.536666667,3,7.333333333,0.606666667,0.5475,4,9.75,18.75,15,20.75,16.25,22.5,29.5,16.25,11.25,22,19.5,10,13,8,9,9,12,9,11,14,10,0.27,0.35,0.47,0.48,0.41,47,57,75,72,63,5,5,
6079ff1600ff2b7455e1c3e0,9.033333333,18,0.609333333,0.626666667,6.166666667,23,0.547133333,0.571333333,8.633333333,12,17.01111111,17.01111111,8,9,3.9,10,21,66.4,0.546,0.523333333,0.498333333,6,1.833333333,0.583333333,0.544,5,7,0.6,0.543333333,6,4.666666667,0.59,0.59,3,10.33333333,0.56,0.56,3,7,14.5,14.5,2,5,15.11111111,15.11111111,3,10.66666667,15.11111111,15.11111111,3,4,23.5,23.5,2,13,16.83333333,16.83333333,2,10.5,0.616666667,0.616666667,3,12.33333333,0.566666667,0.53,4,9.5,0.716666667,0.6925,4,8.5,0.48,0.48,3,7.333333333,0.753333333,0.7275,4,7.5,18.25,32,24.5,20.75,28.75,27,15,19.5,11.75,12.5,6,5,4,4,4,4,3,2,3,4,0.5,0.5,0.65,0.56,0.52,76,56,54,65,81,3,4,2
603ea566289f8b0f4f035358,10.67333333,28,0.503422222,0.582666667,3.926190476,35,0.540436508,0.592666667,9.5,23,18.56666667,20.57777778,12,9,4.5,10,24.925,57.2,0.442,0.603333333,0.5725,4,6.25,0.633333333,0.568888889,9,3.777777778,0.623333333,0.576666667,6,5.333333333,0.55,0.485555556,9,1.555555556,0.553333333,0.498571429,7,2.714285714,18.44444444,16.75,4,6.25,20.33333333,14.91666667,8,4.75,19.33333333,17.41666667,4,10.75,29,29,3,15,15.77777778,14.75,4,10.75,0.56,0.51,5,11.4,0.5,0.5,3,12.33333333,0.6,0.546,5,11.8,0.713333333,0.546666667,6,11.16666667,0.54,0.414444444,9,6.666666667,35.75,27.5,37.5,19.5,11.25,28.25,35,22,16.25,16.25,5,6,4,8,2,6,4,4,3,3,0.28,0.49,0.64,0.32,0.48,46,76,66,38,60,3,3,3
603710141b1ed2313448234a,8.536825397,32,0.528530952,0.605333333,5.639285714,34,0.51775,0.59,2.878636364,40,12.70646465,14.73333333,12,10,3.1,10,14.45,56.6,0.428,0.596666667,0.515,6,6.666666667,0.6,0.55,6,5.333333333,0.58,0.51,7,4.714285714,0.553333333,0.49,7,6.857142857,0.62,0.52375,8,4.625,13,12.46666667,5,2.6,16.33333333,13.5,8,3.875,13.66666667,12.12121212,11,2.818181818,14.22222222,12.44444444,6,2.5,16.44444444,13,10,2.6,0.626666667,0.626666667,3,14.33333333,0.606666667,0.552,5,8.2,0.613333333,0.558571429,7,7.428571429,0.56,0.44875,8,6.5,0.62,0.456666667,9,6.222222222,12.5,11.25,11.25,13.75,12.5,19.5,13.75,16.25,13.75,20,3,2,4,3,2,4,3,5,2,3,0.39,0.41,0.51,0.53,0.3,65,53,61,63,41,4,3,3
6020b4d4010b8e6e89d1a6a0,18.23333333,13,0.62,0.62,10,9,0.6185,0.621666667,18.6,12,22.95,23.42222222,10,13,2.9,10,17.4,63.6,0.44,0.64,0.64,1,13,0.73,0.73,1,8,0.62,0.62,1,15,0.635,0.635,2,12,0.483333333,0.4675,4,2,26.77777778,24.41666667,4,15.5,23.33333333,23.33333333,2,20,26.83333333,26.83333333,2,20,16.16666667,16.16666667,2,17.5,24,24,2,20,0.515,0.515,2,18,0.593333333,0.593333333,3,18.33333333,0.686666667,0.686666667,3,14.33333333,0.61,0.61,3,19,0.695,0.695,2,21.5,10,23.75,10,16.25,29.5,23.75,12.5,18.25,16.25,13.75,1,4,1,3,2,6,2,4,3,3,0.58,0.45,0.47,0.43,0.27,95,66,53,58,46,6,2,5
60154af277ec314fd8fe1449,7.319444444,35,0.528027778,0.61,4.558333333,32,0.510516667,0.560666667,8.616666667,18,18.79444444,20.13333333,13,11,5.6,10,15.6,73.6,0.424,0.566666667,0.535,8,4.5,0.57,0.516,5,4.2,0.58,0.52125,8,4.625,0.506666667,0.448333333,6,4.666666667,0.58,0.532,5,4.8,19.22222222,19.22222222,3,10.33333333,11.66666667,11.66666667,2,2.5,28.11111111,25.08333333,4,14.25,16.22222222,16.22222222,3,8.333333333,25.44444444,21.77777778,6,7.666666667,0.506666667,0.431666667,6,7.5,0.66,0.625,6,9.333333333,0.673333333,0.56625,8,7.375,0.593333333,0.488888889,9,4.555555556,0.616666667,0.528333333,6,7.833333333,17.5,11.25,11.25,22,12.5,15,13.75,15,25.25,12.5,4,5,5,8,5,5,5,6,8,5,0.33,0.38,0.51,0.5,0.4,77,63,76,71,81,5,3,3
6012ed349807110d8eb941a6,13.46666667,12,0.545666667,0.545666667,2.147705628,39,0.511080519,0.561333333,45.8,10,34.51666667,34.73333333,9,12,3.8,10,18.575,81.2,0.54,0.563333333,0.49,7,2.285714286,0.606666667,0.54,9,2.333333333,0.556666667,0.512857143,7,1.428571429,0.54,0.508,5,1.6,0.54,0.504545455,11,3.090909091,26,26,1,46,34.16666667,34.16666667,2,55,34.33333333,34.33333333,1,35,38.66666667,37.58333333,4,46,40.5,40.5,2,47,0.62,0.62,1,25,0.446666667,0.446666667,3,20.33333333,0.61,0.61,3,5.333333333,0.445,0.445,2,6,0.606666667,0.606666667,3,10.66666667,23.25,15,20.75,18.75,23.25,23.25,19.5,10,15,17,3,3,7,5,4,3,4,3,4,2,0.37,0.63,0.47,0.55,0.68,35,87,84,76,124,2,6,4
5ff07b5ee7a1d23e719e421e,20.3347619,20,0.536009524,0.588,3.858412698,46,0.487043651,0.546,12.8,18,17.05555556,18.35555556,8,7,2.8,10,13.125,107.2,0.454,0.566666667,0.511111111,9,4.444444444,0.516666667,0.482857143,7,5.714285714,0.573333333,0.50375,8,3.75,0.56,0.4675,12,2.583333333,0.513333333,0.47,10,2.8,16.66666667,16.66666667,3,18,21.44444444,19.25,4,7.75,13.11111111,13.11111111,3,11,20.11111111,18,4,11.25,20.44444444,18.25,4,16,0.66,0.66,1,57,0.423333333,0.423333333,3,16.66666667,0.706666667,0.586,5,6.4,0.63,0.505714286,7,8.857142857,0.52,0.505,4,12.75,11.25,11.25,17.5,13.75,12.5,11.25,15,12.5,13.75,12.5,2,3,3,4,2,3,3,3,3,2,0.3,0.54,0.47,0.52,0.44,85,102,116,121,112,3,2,2
5fd66ce8aec66457ff73d743,7.183333333,18,0.400166667,0.421,6.873333333,23,0.501433333,0.530666667,7.47,16,13.24444444,13.97777778,12,4,2.7,10,13.5,32.6,0.222,0.54,0.502,5,9.2,0.613333333,0.566666667,6,8.333333333,0.51,0.4825,4,4.5,0.48,0.446,5,5,0.51,0.51,3,7.333333333,11.66666667,11.66666667,2,6.5,11.88888889,11.88888889,3,4,13,13,2,14,15.55555556,14.33333333,4,7.25,17.77777778,15.33333333,5,5.6,0.456666667,0.456666667,3,8.333333333,0.406666667,0.406666667,3,8.333333333,0.45,0.45,2,9,0.516666667,0.4125,8,5.25,0.275,0.275,2,5,12.5,12.5,12.5,11.25,16.75,12.5,14.5,11.25,12.5,18.75,1,2,3,2,4,2,1,3,5,4,0.19,0.21,0.23,0.25,0.23,36,29,30,37,31,2,2,
5fd63cb585f88c4eb1933661,6.65,22,0.449833333,0.498,4.326666667,20,0.4623,0.492666667,4.42,15,12.29777778,12.42222222,,4,8.1,10,12.225,57,0.274,0.49,0.49,3,3,0.51,0.452,5,4.8,0.503333333,0.4575,4,3.5,0.46,0.412,5,6,0.5,0.5,3,4.333333333,11.11111111,11.11111111,3,3.333333333,12.83333333,12.83333333,2,5.5,12.16666667,12.16666667,2,6,12.77777778,12.77777778,3,3.666666667,13.22222222,12.6,5,3.6,0.436666667,0.436666667,3,7.666666667,0.363333333,0.363333333,3,7.333333333,0.573333333,0.491666667,6,5,0.48,0.4325,4,6.25,0.636666667,0.525,6,7,14.25,10,13.75,10.5,13.75,11.25,11.25,11.25,10,16.25,8,6,7,10,4,6,11,9,11,9,0.24,0.28,0.35,0.25,0.25,70,48,58,54,55,1,,3
5fc2c0cfdb80f9025c6b4810,7.155555556,11,0.492,0.511111111,,,,,,,,,,,,,,,,,,,,,,,,,,,,,,,,,,,,,,,,,,,,,,,,,,,,,,,,0.516666667,0.516666667,3,11.66666667,,,,,0.473333333,0.473333333,3,5,,,,,0.543333333,0.486,5,4.8,,,,,,,,,,,,,,,,,,,,,,,,,,,,,,,,,
5fb551ccab996500099ab1aa,5.791666667,9,0.5075,0.5075,1.5,7,0.538333333,0.538333333,12.56666667,9,16.94444444,16.94444444,,,,,,43.25,0.385,0.52,0.52,2,1,0.7,0.7,1,1,0.463333333,0.463333333,3,2,,,,,0.47,0.47,1,2,12.66666667,12.66666667,1,9,14.33333333,14.33333333,2,7,24.16666667,24.16666667,2,12.5,16.22222222,16.22222222,3,7.333333333,17.33333333,17.33333333,1,27,,,,,0.56,0.56,3,4.666666667,0.525,0.525,2,4,0.545,0.545,2,9.5,0.4,0.4,2,5,,,,,,,,,,,,,,,,,,,,,0.31,0.28,0.47,,0.48,35,44,68,,26,,,
5f84e472052cf81ae5752252,4.885464535,49,0.498577423,0.606,1.198809524,40,0.516845238,0.562,3.451428571,34,13.39714286,15.77777778,13,12,1.6,10,16.325,42.4,0.37,0.596666667,0.547142857,7,1.142857143,0.553333333,0.51,12,1.166666667,0.54,0.49,7,1.142857143,0.54,0.48875,8,1.375,0.58,0.548333333,6,1.166666667,16.77777778,13.85714286,7,3.285714286,12.22222222,11.76190476,7,2.571428571,16.11111111,14.33333333,5,7.4,14.22222222,13,5,1.2,19.55555556,14.03333333,10,2.8,0.563333333,0.480909091,11,3.545454545,0.603333333,0.57,4,5.75,0.676666667,0.52,14,4.428571429,0.656666667,0.477692308,13,5.846153846,0.53,0.444285714,7,4.857142857,25,12.5,15,13.75,15,18.25,12.5,23.75,11.25,16.25,2,2,2,2,1,1,2,1,1,2,0.36,0.29,0.51,0.41,0.28,37,42,47,42,44,4,3,5
5f3ae136d5f38f7a5f3f6295,12.75333333,31,0.573833333,0.648666667,11.9,17,0.5792,0.599,18.96666667,16,22.53638889,23.08,8,17,6,10,20.85,67.2,0.56,0.593333333,0.593333333,3,16.66666667,0.56,0.521666667,6,8.333333333,0.64,0.64,1,19,0.556666667,0.496,5,5,0.645,0.645,2,10.5,16.77777778,16.77777778,3,14,16.11111111,14.75,4,11,30.33333333,30.33333333,3,22.33333333,26.17777778,24.82083333,4,16.5,26,26,2,31,0.553333333,0.5175,4,16,0.626666667,0.531666667,6,11.5,0.666666667,0.626,5,13.8,0.646666667,0.539,10,9.8,0.75,0.655,6,12.66666667,13.75,32.5,13.75,36.25,22,12.5,19.5,23.25,17.5,17.5,3,8,3,15,7,2,9,5,3,5,0.65,0.55,0.64,0.5,0.46,64,66,98,52,56,6,6,5
5f39a2fd2d394917284dd66f,6.164285714,27,0.484138095,0.554,8.016666667,18,0.516333333,0.535333333,5.65,12,15.15,15.22222222,11,4,3.7,10,15.45,73.4,0.47,0.536666667,0.536666667,3,10.66666667,0.566666667,0.53,4,6,0.536666667,0.5075,4,7.25,0.556666667,0.5275,4,8.5,0.48,0.48,3,7.666666667,11.66666667,11.66666667,2,7.5,13.11111111,12.75,4,4.25,24.66666667,24.66666667,2,4,11.16666667,11.16666667,2,3,15.5,15.5,2,9.5,0.553333333,0.5125,4,7.75,0.62,0.472857143,7,4.571428571,0.6,0.523333333,6,4.5,0.506666667,0.452,5,6.6,0.49,0.46,5,7.4,16.25,11.25,17.5,12.5,22,11.25,11.25,13.75,16.25,22.5,2,3,3,1,4,5,5,4,5,5,0.46,0.43,0.39,0.56,0.51,77,67,56,75,92,,3,1
5efa33c4e9f4160ffd817db9,7.64,21,0.544333333,0.579,4.416666667,25,0.483,0.516666667,7.916666667,22,20.56925926,21.88888889,7,10,4.8,10,15.375,52,0.396,0.476666667,0.476666667,3,5.333333333,0.523333333,0.47,4,3.25,0.536666667,0.498333333,6,4.666666667,0.5,0.456666667,6,4,0.546666667,0.513333333,6,4.833333333,12.88888889,12.88888889,3,9.666666667,19,14.51851852,9,3.666666667,28.71111111,28.71111111,3,8.333333333,18.77777778,18.77777778,3,8.666666667,30.06666667,27.95,4,9.25,0.51,0.51,1,10,0.536666667,0.536666667,3,9,0.545,0.545,2,7,0.69,0.594,10,5.4,0.613333333,0.536,5,6.8,27,18,11.25,12.5,15.75,20,15.5,10,11.25,12.5,6,5,5,4,4,5,9,1,4,5,0.29,0.41,0.43,0.42,0.43,55,53,54,46,52,2,3,5
5ef3bdbee9ae7a16241451c1,8.65,13,0.5735,0.585333333,3.010952381,27,0.495952381,0.534666667,5.7,10,16.93333333,17.24444444,,10,3.6,10,11.75,49.2,0.438,0.56,0.471428571,7,2.571428571,0.573333333,0.55,5,3.2,0.473333333,0.47,5,2.2,0.546666667,0.525,4,4.25,0.52,0.463333333,6,2.833333333,11.66666667,11.66666667,1,1,13.83333333,13.83333333,2,2.5,23.5,23.5,2,13.5,17.88888889,16.33333333,4,3.5,19.33333333,19.33333333,1,8,0.49,0.49,2,13,0.65,0.65,2,10.5,0.58,0.58,1,7,0.61,0.5825,4,5.75,0.596666667,0.565,4,7,10,15,12.5,13.75,10,12.5,11.25,10,11.25,11.25,4,6,5,5,3,2,3,1,5,2,0.39,0.42,0.46,0.44,0.48,42,42,47,54,61,4,4,2
5ef08aa7177a735c78ffbf40,9.933333333,16,0.5465,0.557666667,4.706666667,17,0.548933333,0.557333333,7.45,15,15.12777778,15.21111111,6,12,3.7,10,18.225,60.8,0.512,0.503333333,0.503333333,3,5,0.57,0.57,3,5.666666667,0.563333333,0.563333333,3,3,0.6,0.558,5,5.2,0.55,0.55,3,4.666666667,13.33333333,13.33333333,3,6,19,19,3,10.33333333,17.88888889,17.88888889,3,5.666666667,12.5,12.5,2,7.5,13.33333333,12.91666667,4,7.75,0.613333333,0.613333333,3,13.33333333,0.515,0.515,2,8.5,0.61,0.585,4,9.25,0.446666667,0.446666667,3,10.33333333,0.603333333,0.5725,4,8.25,20.75,15,12.5,15,27.75,16.25,23.75,13.75,20,17.5,3,2,5,3,3,3,5,3,4,6,0.57,0.37,0.62,0.5,0.5,68,60,56,53,67,4,3,5
5edeea354d54cb1a825aa8f9,8.55,17,0.570666667,0.598,4.376190476,29,0.567238095,0.596,5.466666667,19,23.18111111,24.8,12,14,2,10,14.075,51,0.57,0.613333333,0.582857143,7,4.285714286,0.613333333,0.578333333,6,4.166666667,0.53,0.53,3,4.333333333,0.606666667,0.565,6,4.666666667,0.616666667,0.58,7,4.428571429,25.44444444,22.41666667,4,5,17.77777778,17.77777778,3,7.666666667,27.11111111,27.11111111,3,5.666666667,29.33333333,25.93333333,5,4,24.33333333,22.66666667,4,5,0.566666667,0.566666667,3,11,0.56,0.56,3,9.666666667,0.646666667,0.57,4,7,0.59,0.53,4,6.75,0.626666667,0.626666667,3,8.333333333,17.5,12.5,11.25,12.5,11.25,13.75,12.5,10,20,19.5,1,3,3,3,1,3,2,1,1,2,0.55,0.57,0.57,0.57,0.59,54,56,48,45,52,3,6,5
5ed94af267e7bf10f180c5b0,9.3,13,0.621,0.621,3.814285714,21,0.522714286,0.541333333,7.826666667,16,16.09555556,16.72222222,10,15,4.6,10,14.25,71.8,0.438,0.533333333,0.51,4,3,0.55,0.54,4,4,0.556666667,0.535,4,3.5,0.536666667,0.498571429,7,3.571428571,0.53,0.53,2,5,13.83333333,13.83333333,2,12,18.22222222,16.26666667,5,5.2,15.44444444,14.26666667,5,4.6,19.33333333,19.33333333,1,10,16.77777778,16.77777778,3,7.333333333,0.653333333,0.653333333,3,8.333333333,0.54,0.54,2,7.5,0.725,0.725,2,14,0.58,0.58,3,6.333333333,0.606666667,0.606666667,3,10.33333333,12.5,13.75,11.25,17.5,11.25,16.25,11.25,18.75,18.75,11.25,6,5,4,6,4,5,4,3,5,4,0.29,0.45,0.47,0.56,0.42,67,71,87,68,66,5,4,6
5ed543442db0060a955d12e1,,,,,4.2,5,0.518,0.553333333,,,,,,,,,,,,0.553333333,0.518,5,4.2,,,,,,,,,,,,,,,,,,,,,,,,,,,,,,,,,,,,,,,,,,,,,,,,,,,,,,,,,,,,,,,,,,,,,,,,,,,,,,,,,,,,,,,,,
5eca536f9aa4f658d641a7d9,9.218333333,30,0.525366667,0.618666667,10.79333333,19,0.5566,0.581333333,8.6,12,13.8,13.8,,9,1,10,11.625,82.2,0.508,0.485,0.485,2,13.5,0.606666667,0.57,4,10,0.563333333,0.518,5,8.8,0.636666667,0.595,6,11.16666667,0.615,0.615,2,10.5,12,12,3,12,16.66666667,16.66666667,2,12,16.44444444,16.44444444,3,9,10,10,1,2,13.88888889,13.88888889,3,8,0.63,0.524,5,14.2,0.64,0.592,5,10.6,0.576666667,0.55,6,7.833333333,0.606666667,0.488333333,6,7.333333333,0.64,0.4725,8,6.125,11.25,13.75,12.5,10,11.25,11.25,12.5,11.25,11.25,11.25,1,1,1,1,1,1,1,1,1,1,0.5,0.43,0.5,0.52,0.59,80,68,89,92,82,3,3,3
5ec28db2622c500632dc95bc,9.043333333,21,0.4993,0.542666667,2.206031746,52,0.504330159,0.572666667,4.916666667,37,14.46707071,16.35555556,15,12,5,10,12.875,65,0.452,0.583333333,0.506666667,9,1.777777778,0.613333333,0.521428571,14,1.785714286,0.543333333,0.485555556,9,3.666666667,0.556666667,0.498,10,2,0.566666667,0.51,10,1.8,15.66666667,14.38888889,6,4.666666667,15.33333333,13.09090909,11,3,20.55555556,18.33333333,4,7.25,16.77777778,14.22222222,6,5.666666667,13.44444444,12.3,10,4,0.49,0.49,3,7,0.473333333,0.473333333,3,12,0.56,0.514,5,8.8,0.603333333,0.5325,4,9.25,0.586666667,0.486666667,6,8.166666667,11.25,11.25,10.5,13.75,12.5,13.75,11.25,11.25,20.75,12.5,5,5,5,9,5,4,4,2,5,6,0.3,0.52,0.51,0.53,0.4,84,71,60,38,72,3,5,4
5e729511e05cd902cc7699a4,11.94666667,16,0.5512,0.56,6.738095238,26,0.487,0.534,9.94,17,14.71111111,15.05555556,11,11,1.3,10,13.2,94.2,0.424,0.563333333,0.488333333,6,7.5,0.546666667,0.52,4,10.5,0.503333333,0.463333333,6,6.833333333,0.563333333,0.47,7,3.857142857,0.493333333,0.493333333,3,5,14.44444444,14.44444444,3,9.666666667,13.66666667,12.66666667,5,11.2,12.5,12.5,2,12.5,20.11111111,20.11111111,3,7.333333333,14.55555556,13.83333333,4,9,0.57,0.57,2,14,0.446666667,0.446666667,3,10,0.66,0.616,5,9.4,0.526666667,0.526666667,3,12.66666667,0.596666667,0.596666667,3,13.66666667,12.5,11.25,12.5,13.75,20,11.25,15.75,11.25,12.5,11.25,1,1,1,1,1,2,1,3,1,1,0.3,0.42,0.51,0.53,0.36,89,99,104,93,86,5,3,3
5e5a96f5a2f2c528edf70f6e,7.859047619,51,0.513510317,0.636,9.262085137,41,0.518044372,0.603333333,3.926111111,37,13.91166667,17.31111111,,15,2.9,10,13.9,77.6,0.494,0.58,0.489090909,11,7.272727273,0.623333333,0.56375,8,10.125,0.616666667,0.521666667,6,11.16666667,0.606666667,0.5,9,8.888888889,0.59,0.515714286,7,8.857142857,12.77777778,12.13333333,5,5,16.44444444,13.45833333,8,2.375,18.77777778,15.93333333,5,4.4,20.88888889,14.66666667,9,3.555555556,17.66666667,13.36666667,10,4.3,0.593333333,0.514,5,9.2,0.676666667,0.54,6,10,0.64,0.504444444,18,5.666666667,0.583333333,0.457857143,14,6.428571429,0.686666667,0.55125,8,8,27,11.25,11.25,11.25,11.25,13.75,15.75,15,11.25,11.25,4,4,4,2,2,6,1,1,1,4,0.27,0.52,0.52,0.64,0.52,53,75,89,94,77,5,6,4
5e52a7cc53ecf12b883e1e1f,10.97142857,16,0.593380952,0.609666667,8,15,0.558833333,0.565,7.766666667,14,23.08333333,23.48888889,10,13,6.2,10,23.15,56.6,0.428,0.556666667,0.556666667,3,6,0.59,0.59,3,13.33333333,0.603333333,0.5725,4,7.5,0.535,0.535,2,6.5,0.54,0.54,3,6.666666667,31.83333333,31.83333333,2,7.5,17.5,17.5,2,8,26.55555556,26.55555556,3,8.666666667,20.11111111,20.11111111,3,8.666666667,21.44444444,19.41666667,4,6,0.61,0.61,2,15,0.533333333,0.533333333,3,11,0.635,0.635,2,12,0.51,0.428571429,7,5.857142857,0.76,0.76,2,11,29.5,13.75,26.25,10,28.75,17.5,17.5,29.5,31.75,27,9,7,6,1,8,6,8,6,7,4,0.52,0.36,0.39,0.31,0.56,46,69,36,53,79,5,4,4
5e38397719e44f0244389781,6.295,28,0.498633333,0.557333333,1.61,20,0.5017,0.531,8.75,18,19.76222222,20.79111111,10,10,4.1,10,17.275,62.8,0.366,0.526666667,0.5075,4,1.25,0.556666667,0.53,4,2,0.536666667,0.488,5,2,0.54,0.488,5,1.8,0.495,0.495,2,1,17.73333333,16.95,4,5.75,12.77777778,12.77777778,3,6,16.77777778,15.5,4,8,32.93333333,29.85,4,10,23.73333333,23.73333333,3,14,0.473333333,0.473333333,3,10,0.653333333,0.584,5,3.6,0.533333333,0.488333333,6,6.833333333,0.533333333,0.4325,8,5.375,0.593333333,0.515,6,5.666666667,20,11.25,17.5,13.75,23.75,20.75,19.5,13.75,16.25,16.25,3,6,3,5,3,5,5,5,3,3,0.34,0.31,0.47,0.38,0.33,60,66,68,62,58,3,3,4
5e32c95c87b8ef28e5aff6ea,7.229273504,46,0.488465812,0.580666667,1.816666667,32,0.485416667,0.534666667,10.25714286,29,13.48857143,14.57777778,14,11,5.4,10,16.425,48.2,0.466,0.566666667,0.53,6,1.666666667,0.516666667,0.4975,4,1.75,0.523333333,0.468333333,6,1.666666667,0.49,0.3875,8,1.875,0.576666667,0.54375,8,2.125,15.11111111,13.14285714,7,9.285714286,17.11111111,14.83333333,6,8.166666667,13.11111111,12.53333333,5,11.2,11.66666667,11.66666667,6,9.833333333,15.88888889,15.26666667,5,12.8,0.606666667,0.5275,8,8.625,0.546666667,0.493333333,6,9.166666667,0.616666667,0.541111111,9,7.777777778,0.556666667,0.435,10,5.5,0.576666667,0.445384615,13,5.076923077,17.5,13.75,13.25,19.5,20.75,12.5,11.25,17.5,12.5,25.75,8,8,4,5,3,4,4,4,6,8,0.43,0.54,0.52,0.59,0.25,52,46,48,56,39,3,5,3
5dd86f98e9a0ba81a7f5e099,8.70952381,31,0.517047619,0.579333333,1.526190476,24,0.505428571,0.53,5.633333333,13,12.51111111,12.95555556,6,7,1.2,10,13.45,54,0.47,0.52,0.5025,4,1.5,0.563333333,0.527142857,7,1.714285714,0.543333333,0.5275,4,1.75,0.53,0.476666667,6,1.333333333,0.493333333,0.493333333,3,1.333333333,13.11111111,13.11111111,3,3.666666667,15,12.77777778,6,2,13.33333333,13.33333333,1,12,11.66666667,11.66666667,2,5.5,11.66666667,11.66666667,1,5,0.633333333,0.548571429,7,5.714285714,0.56,0.56,2,23,0.543333333,0.501666667,6,5.666666667,0.596666667,0.485,10,4.5,0.563333333,0.49,6,4.666666667,11.25,12.5,11.25,13.75,18.75,12.5,15.75,11.25,11.25,16.25,1,1,1,1,1,1,1,1,1,3,0.65,0.38,0.65,0.41,0.26,78,53,57,43,39,1,3,3
5dd7f591ad0a617838322129,8.713076923,35,0.550391026,0.626,3.698333333,43,0.545122222,0.634,6.992380952,29,14.59333333,16.26666667,10,7,5.2,10,20.75,72.2,0.52,0.62,0.541111111,9,2.666666667,0.656666667,0.577,10,4.2,0.646666667,0.57,8,4.125,0.67,0.5375,8,3,0.576666667,0.5,8,4.5,14.88888889,13.55555556,6,5.166666667,18.55555556,16.66666667,5,8.8,19.22222222,16.61111111,6,7.166666667,14,12.66666667,7,6.428571429,14.66666667,13.46666667,5,7.4,0.613333333,0.54,5,12.2,0.56,0.56,3,7.333333333,0.716666667,0.60375,8,8.25,0.686666667,0.561538462,13,6.615384615,0.553333333,0.486666667,6,9.166666667,26.25,10,16.75,10,38.75,27.5,23.75,18.75,11.25,24.5,4,1,9,1,7,8,7,6,2,7,0.44,0.53,0.52,0.54,0.57,57,87,60,80,77,4,3,
5d89106d1719af0001ee23e5,10.14,21,0.508066667,0.556666667,4.556111111,34,0.501066667,0.567333333,7.904761905,21,13.37539683,13.62222222,8,9,5.1,10,16.425,98.4,0.496,0.523333333,0.486666667,6,4.5,0.633333333,0.51,8,5.625,0.566666667,0.512,5,5.6,0.6,0.523333333,9,5.222222222,0.513333333,0.473333333,6,1.833333333,12.88888889,12.88888889,3,5.666666667,17.66666667,17.66666667,3,15,11.66666667,11.66666667,4,10,13.11111111,12.75,4,6,12.77777778,11.9047619,7,2.857142857,0.49,0.49,2,12,0.496666667,0.496666667,3,16,0.61,0.582,5,8.4,0.6,0.471666667,6,7.5,0.586666667,0.5,5,6.8,16.25,12.5,10.5,23.75,29.5,11.25,19.25,16.25,13.75,11.25,8,4,5,7,5,4,5,4,4,5,0.46,0.54,0.49,0.51,0.48,98,117,100,92,85,4,3,2
5d66f49c531d6e0001e99e8a,11.06388889,33,0.494666667,0.574,7.00041958,53,0.505248019,0.567333333,9.732142857,41,13.74285714,17.33333333,11,7,5,10,18.3,60.8,0.346,0.57,0.516666667,9,8,0.6,0.551,10,9.3,0.58,0.492,10,5.8,0.563333333,0.493846154,13,6.538461538,0.523333333,0.472727273,11,5.363636364,12.55555556,12.04761905,7,9.285714286,19.11111111,14.79166667,8,9.375,17.11111111,13.58333333,8,9.25,17,13.16666667,10,8,20.88888889,15.125,8,12.75,0.553333333,0.54,4,14.75,0.466666667,0.466666667,3,16,0.65,0.536666667,9,7.222222222,0.583333333,0.46,9,8.222222222,0.616666667,0.47,8,9.125,13.75,13.75,12.5,22,29.5,29.5,15.75,13.75,18.75,13.75,4,5,5,6,5,5,5,5,6,4,0.25,0.44,0.36,0.3,0.38,60,59,63,57,65,2,2,3
5d558ebe886e3f0020e90fce,10,16,0.480357143,0.506,3.98,14,0.4672,0.475333333,11.3,9,14.36666667,14.36666667,9,8,4.2,10,13.875,56,0.432,0.415,0.415,2,4,0.45,0.45,2,5.5,0.47,0.47,3,1,0.556666667,0.516,5,5.4,0.485,0.485,2,4,15.83333333,15.83333333,2,7,13.66666667,13.66666667,3,11,11.66666667,11.66666667,2,6.5,13.33333333,13.33333333,1,18,17.33333333,17.33333333,1,14,0.64,0.64,1,20,0.475,0.475,2,11.5,0.515,0.515,2,7,0.556666667,0.444285714,7,6,0.343333333,0.3275,4,5.5,13.75,11.25,12.5,12.5,19.5,12.5,12.5,19.25,13.75,11.25,3,4,3,5,4,3,4,8,3,5,0.37,0.41,0.61,0.47,0.3,62,67,43,46,62,2,3,3
5d45521afdaaad00010ec185,15,8,0.509,0.509,7.333333333,14,0.563333333,0.563333333,25.4,5,20.6,20.6,10,10,4.4,10,16.975,34,0.308,0.64,0.64,2,7,0.503333333,0.503333333,3,9,0.563333333,0.563333333,3,7.333333333,0.576666667,0.576666667,3,10.33333333,0.533333333,0.533333333,3,3,26,26,1,23,24.33333333,24.33333333,1,27,14.33333333,14.33333333,1,17,19.33333333,19.33333333,1,28,19,19,1,32,0.53,0.53,2,12,0.33,0.33,1,14,0.625,0.625,2,11.5,0.48,0.48,1,26,0.58,0.58,2,11.5,10,10,11.25,17,23.25,30,24.5,11.25,18.75,13.75,1,2,3,6,6,5,6,4,7,4,0.39,0.38,0.26,0.22,0.29,54,38,19,24,35,3,4,3
5cab22cd68194f001511b2d6,7.283333333,20,0.457,0.473333333,1.976190476,27,0.4785,0.540666667,3.643333333,23,13.58111111,14.97777778,15,11,1.3,10,15.575,97,0.564,0.583333333,0.495,4,1.25,0.613333333,0.52,7,2.714285714,0.5,0.463333333,6,2.5,0.53,0.451666667,6,1.666666667,0.476666667,0.4625,4,1.75,14.55555556,13.4,5,3.2,16.44444444,14.86666667,5,5.6,11.66666667,11.66666667,3,2.333333333,18.77777778,15.22222222,6,2.333333333,13.44444444,12.75,4,4.75,0.556666667,0.556666667,3,8.666666667,0.546666667,0.546666667,3,10.33333333,0.483333333,0.445,4,7,0.423333333,0.391666667,6,6.166666667,0.356666667,0.345,4,4.25,20,28.25,11.25,16.25,17,16.75,11.25,12.5,11.25,11.25,2,1,1,1,2,1,2,1,1,1,0.5,0.56,0.56,0.64,0.56,94,101,71,124,95,6,5,
5ca9d0224f3e9d00164426f3,7.215,38,0.508790476,0.615333333,2.058888889,48,0.519038889,0.576,8.9625,22,19.61805556,23.52777778,11,10,3.5,10,14.825,87.8,0.528,0.586666667,0.535555556,9,3.111111111,0.64,0.57125,8,1.25,0.52,0.467,10,1.6,0.536666667,0.499166667,12,2.333333333,0.596666667,0.522222222,9,2,22,22,3,13,,,,,25.77777778,21,5,8.6,20.66666667,16.08333333,8,3.25,25.66666667,19.38888889,6,11,0.623333333,0.524285714,7,8.142857143,0.656666667,0.526666667,6,10,0.62,0.56,7,7.857142857,0.53,0.433,10,3.7,0.646666667,0.5,8,6.375,13.75,13.75,12.5,15,12.5,11.25,15.75,23.75,16.25,13.75,4,2,3,4,2,4,3,6,2,5,0.59,0.51,0.47,0.56,0.51,97,82,72,97,91,3,2,5
5ca5189dce3f920016239854,8.195555556,40,0.456733333,0.527333333,2.769047619,56,0.515009524,0.588,4.588333333,26,12.95111111,13.68888889,11,11,5.8,10,23.75,49.8,0.37,0.593333333,0.551,10,2.2,0.673333333,0.540714286,14,3.928571429,0.523333333,0.49,10,2,0.576666667,0.473333333,12,3.416666667,0.573333333,0.52,10,2.3,11.66666667,11.66666667,4,3,15.33333333,13,8,2.875,12.22222222,11.77777778,6,3.333333333,14.77777778,14.77777778,3,9.333333333,14.44444444,13.53333333,5,4.4,0.536666667,0.536666667,3,16,0.58,0.471666667,6,7.833333333,0.543333333,0.44,9,5.444444444,0.45,0.383333333,12,5,0.526666667,0.452,10,6.7,25,15,11.25,35.25,34.5,28.75,23.75,17.5,34,12.5,9,3,4,5,3,12,5,6,7,4,0.27,0.39,0.41,0.53,0.25,48,61,41,56,43,2,4,5
5c91658e319e1200014f6f9b,3.560634921,41,0.454136508,0.556666667,1.153214286,65,0.490782143,0.59,5.363333333,21,18.40666667,20.28888889,11,11,5.7,10,19.7,52.6,0.254,0.626666667,0.490833333,12,1.083333333,0.626666667,0.499375,16,1.0625,0.593333333,0.490666667,15,1.066666667,0.54,0.449285714,14,1.428571429,0.563333333,0.52375,8,1.125,19.33333333,16.66666667,6,3.166666667,20.88888889,17.73333333,5,4,20.66666667,20.66666667,1,14,20.11111111,18.83333333,4,2.25,20.44444444,18.13333333,5,3.4,0.576666667,0.441111111,9,1.888888889,0.633333333,0.508571429,7,3.714285714,0.58,0.474,10,5.6,0.543333333,0.467,10,3.8,0.45,0.38,5,2.8,22,20,12.5,28.75,11.25,32,20,19.25,18.75,12.5,8,5,5,4,4,6,5,8,6,6,0.24,0.23,0.27,0.29,0.24,51,43,57,61,51,4,4,3
5c7ea15cb215c6000122b48d,10.68,20,0.5194,0.561666667,6.03,20,0.505666667,0.537333333,9.68,19,14.70222222,15.2,,14,2.9,10,15.85,79.2,0.498,0.486666667,0.43,5,5.4,0.573333333,0.573333333,3,6,0.593333333,0.5575,4,7.25,0.496666667,0.4575,4,6.5,0.536666667,0.51,4,5,13.33333333,12.66666667,5,7,18.88888889,17.06666667,5,8.4,13.11111111,13.11111111,3,7.333333333,18.11111111,18.11111111,3,15.33333333,12.55555556,12.55555556,3,10.33333333,0.53,0.53,3,11,0.485,0.485,2,15,0.58,0.514,5,9.8,0.563333333,0.51,5,8,0.65,0.558,5,9.6,10,16.25,18.25,10,30.75,23.25,11.25,10,13.75,15,1,5,5,1,4,3,4,1,4,1,0.46,0.57,0.44,0.53,0.49,84,85,80,72,75,6,5,3
5c7ceda01d2afc0001f4ad1d,8.313333333,23,0.451133333,0.509333333,1.349285714,45,0.512909524,0.577333333,3.04,27,14.79833333,16.2,,3,3,10,20.9,58.4,0.51,0.593333333,0.55875,8,1.375,0.63,0.518333333,12,1.25,0.526666667,0.47375,8,1.25,0.6,0.518,10,1.3,0.536666667,0.495714286,7,1.571428571,16.11111111,14.53333333,5,3.6,15.22222222,14,5,3.6,12.22222222,12.08333333,4,3.75,22.66666667,20.66666667,5,2,14.77777778,12.70833333,8,2.25,0.496666667,0.4675,4,10,0.486666667,0.4375,4,7.5,0.523333333,0.434,5,7.4,0.576666667,0.476666667,6,6.166666667,0.463333333,0.44,4,10.5,13.75,15.75,30,12.5,13.75,21.25,37.5,20.75,23.75,20,4,1,2,3,3,4,3,2,4,4,0.49,0.54,0.49,0.54,0.49,54,65,60,52,61,,,3
5c3a4e759e794d000129a225,,,,,13.87878788,23,0.594377104,0.633333333,,,,,,,,,,,,0.623333333,0.572222222,9,9,0.636666667,0.570909091,11,7.636363636,,,,,,,,,0.64,0.64,3,25,,,,,,,,,,,,,,,,,,,,,,,,,,,,,,,,,,,,,,,,,,,,,,,,,,,,,,,,,,,,,,,,,,,,,,,,,
5c36e40e299f82000103ce0a,7.646666667,19,0.536533333,0.561,2.482857143,26,0.520809524,0.56,4.38,13,16.50666667,17,9,6,2.7,10,14.325,87.8,0.544,0.59,0.56,6,1.333333333,0.583333333,0.528333333,6,1.666666667,0.52,0.52,2,6.5,0.563333333,0.51,5,1.2,0.543333333,0.485714286,7,1.714285714,20,20,2,5.5,11.66666667,11.66666667,2,2,21.33333333,21.33333333,2,6,20.33333333,17.86666667,5,6.4,11.66666667,11.66666667,2,2,0.616666667,0.616666667,3,9,0.563333333,0.505,6,4.333333333,0.485,0.485,2,7.5,0.52,0.456,5,7.4,0.62,0.62,3,10,13.75,12.5,13.75,23.75,10,15,15.75,11.25,15,12.5,3,3,2,4,5,1,1,3,4,1,0.48,0.55,0.57,0.59,0.53,79,104,85,94,77,3,3,
5c309bb410677f0001dda0ed,10.75,27,0.56765,0.631333333,13.5,21,0.576285714,0.601333333,11.88,21,20.11666667,22.48888889,14,4,4.4,10,19.875,99,0.55,0.563333333,0.535,4,13.5,0.623333333,0.61,4,14,0.596666667,0.565,4,17.5,0.543333333,0.491428571,7,10,0.68,0.68,2,12.5,14.22222222,14,4,12.5,28.88888889,25.25,4,13,24.33333333,21.58333333,4,12.5,22.33333333,20.08333333,4,10,22.66666667,19.66666667,5,11.4,0.596666667,0.555,4,10.5,0.53,0.5125,4,15,0.653333333,0.56875,8,7.75,0.683333333,0.6,6,10.5,0.693333333,0.602,5,10,13.75,14.25,11.25,37.5,25,18.75,15,28.25,23.75,11.25,4,3,4,6,4,4,5,6,4,4,0.5,0.5,0.6,0.61,0.54,102,113,97,96,87,4,,
5c2c62542c45d400014a32e6,6.166666667,14,0.510666667,0.516333333,2.166666667,14,0.509,0.509,7.233333333,12,15.13333333,15.13333333,11,11,3.2,10,17.725,47.4,0.462,0.495,0.495,2,2.5,0.533333333,0.533333333,3,2,0.52,0.52,3,2,0.52,0.52,3,2.333333333,0.476666667,0.476666667,3,2,12.5,12.5,2,5.5,11.66666667,11.66666667,2,9,13.66666667,13.66666667,3,7.333333333,20.33333333,20.33333333,3,6.333333333,17.5,17.5,2,8,0.53,0.53,2,7,0.41,0.41,3,5.333333333,0.613333333,0.613333333,3,8,0.463333333,0.435,4,4,0.565,0.565,2,6.5,16.25,19.5,20,15,20.75,17.5,13.75,28.25,13.75,12.5,1,3,3,5,2,2,5,5,3,3,0.58,0.33,0.54,0.4,0.46,43,44,59,47,44,4,3,4
5c0bac19796adb00017dffcf,10.57333333,22,0.578366667,0.639333333,7.64,26,0.533733333,0.564,10.2,15,21.81333333,21.81333333,6,5,5.2,10,23.775,68,0.502,0.583333333,0.566,5,8.2,0.613333333,0.592,5,8,0.523333333,0.498,5,6.8,0.553333333,0.486,5,8.2,0.546666667,0.526666667,6,7,17.66666667,17.66666667,3,7.333333333,21.73333333,21.73333333,3,10.66666667,19.93333333,19.93333333,3,8.333333333,25.86666667,25.86666667,3,10.66666667,23.86666667,23.86666667,3,14,0.643333333,0.643333333,3,10.66666667,0.603333333,0.542,5,10.6,0.676666667,0.584,5,9.8,0.673333333,0.59,5,11.8,0.6,0.5325,4,10,23.25,32.5,23.25,26.25,28.25,22.5,19.5,19.5,22,20.75,7,5,2,5,6,6,6,3,6,6,0.47,0.56,0.51,0.52,0.45,72,75,66,66,61,3,1,1
5c01bf7d4c14cf00019ce2a4,17.53333333,14,0.583,0.592333333,8.85,15,0.579666667,0.588,15.23333333,13,17.91111111,17.91111111,12,16,3.4,10,13.125,103,0.496,0.52,0.52,2,11,0.583333333,0.5625,4,4.5,0.593333333,0.593333333,3,12,0.553333333,0.5325,4,5.75,0.69,0.69,2,11,12,12,3,11,21.44444444,21.44444444,3,18,23,23,2,17,20.11111111,20.11111111,3,17.66666667,13,13,2,12.5,0.59,0.59,2,25,0.565,0.565,2,22,0.676666667,0.676666667,3,14.66666667,0.533333333,0.533333333,3,17,0.596666667,0.55,4,9,13.75,11.25,11.25,11.25,16.25,11.25,11.75,11.25,22,11.25,4,3,4,4,3,3,4,1,4,4,0.47,0.51,0.54,0.53,0.43,117,103,115,98,82,7,6,3
5bca67940f10750001d75f9f,,,,,8.69,18,0.5611,0.580666667,14.86666667,11,14.93333333,14.93333333,,9,4,10,12.625,82.6,0.568,0.646666667,0.635,4,11.75,0.613333333,0.568,5,8.2,0.556666667,0.5325,4,6.5,0.536666667,0.52,4,7,0.55,0.55,1,10,16.33333333,16.33333333,2,16.5,14.66666667,14.66666667,2,11.5,14.22222222,14.22222222,3,14,16,16,1,18,13.44444444,13.44444444,3,14.33333333,,,,,,,,,,,,,,,,,,,,,12.5,13.75,10,13.75,15,11.25,10,15,12.5,12.5,5,7,1,7,4,2,3,4,3,4,0.52,0.64,0.57,0.57,0.54,84,107,78,88,56,3,3,3
5b98940f754b700001f0f15c,10.67333333,18,0.4677,0.491666667,2.041428571,32,0.493266667,0.549333333,7.966666667,16,14.16666667,14.2,11,11,2.6,10,15.15,57.2,0.366,0.543333333,0.465,4,2.75,0.57,0.53,5,2,0.543333333,0.473,10,1.6,0.496666667,0.468333333,6,2,0.593333333,0.53,7,1.857142857,12.33333333,12.16666667,4,11.5,14.44444444,14.44444444,3,5.333333333,11.66666667,11.66666667,4,2,17,17,2,11,15.55555556,15.55555556,3,10,0.525,0.525,2,11,0.51,0.51,3,11.66666667,0.536666667,0.495,4,12.25,0.44,0.396,5,7.2,0.446666667,0.4125,4,11.25,12.5,13.75,16.25,18.75,19.5,19.5,12.5,11.25,16.25,11.25,1,3,5,5,4,2,3,1,1,1,0.25,0.3,0.4,0.47,0.41,61,59,50,59,57,5,3,3
5b985404a15058000124e508,,,,,2.36,18,0.494,0.517333333,7,2,20.5,20.5,7,9,3.7,10,17.65,90.4,0.494,0.556666667,0.556666667,3,2.333333333,0.523333333,0.523333333,3,2.666666667,0.516666667,0.48,5,2.2,0.48,0.4,5,2.6,0.51,0.51,2,2,,,,,,,,,,,,,20.5,20.5,2,7,,,,,,,,,,,,,,,,,,,,,,,,,13.75,14.25,13.75,17,22,27.5,15,20.75,21.25,11.25,3,4,4,5,4,4,2,4,4,3,0.43,0.5,0.51,0.52,0.51,85,89,98,95,85,4,2,3
5b735a4c3503c60001a891b7,6.357857143,34,0.477496825,0.571333333,4.153571429,35,0.523459524,0.587333333,4.342857143,33,12.23312169,12.97777778,11,6,2,10,16.6,40,0.394,0.63,0.55,9,3.333333333,0.623333333,0.54625,8,6.625,0.526666667,0.485714286,7,2.142857143,0.57,0.502,5,3,0.586666667,0.533333333,6,5.666666667,12.55555556,12.2,5,4,12.22222222,11.76190476,7,3.714285714,14.22222222,12.94444444,6,4.833333333,13.11111111,12.22222222,6,5.833333333,12.77777778,12.03703704,9,3.333333333,0.596666667,0.53,5,7,0.573333333,0.445555556,9,3,0.55,0.4625,8,5.875,0.573333333,0.451428571,7,6.714285714,0.563333333,0.498,5,9.2,16.25,15,28.25,11.25,18.25,17.5,12.5,20.75,11.25,15,1,2,3,5,2,1,2,1,2,1,0.43,0.35,0.45,0.44,0.3,47,49,30,33,41,3,3,
5b5e0e86902ad10001cfcc59,11.73333333,10,0.445333333,0.445333333,2.666666667,16,0.516666667,0.536666667,6.433333333,12,11.95555556,11.95555556,10,11,1.6,10,13.4,98.4,0.574,0.56,0.56,2,1.5,0.546666667,0.525,4,5.5,0.51,0.51,3,1.333333333,0.556666667,0.478333333,6,2,0.51,0.51,1,3,11.66666667,11.66666667,3,6,11.66666667,11.66666667,2,7.5,12.22222222,12.22222222,3,3.666666667,11.66666667,11.66666667,1,3,12.55555556,12.55555556,3,12,0.48,0.48,2,16,0.28,0.28,1,15,0.49,0.49,3,7.666666667,0.506666667,0.506666667,3,14,0.47,0.47,1,6,11.25,13.75,11.25,17,15,15,14.5,11.25,11.25,13.75,2,4,1,1,2,1,1,1,2,1,0.55,0.6,0.58,0.58,0.56,83,107,80,109,113,4,3,4
5b421b9ac2e3810001763252,14.31666667,15,0.547333333,0.555333333,9.64,23,0.5307,0.566,14.5,12,13.98888889,13.98888889,11,12,4.2,10,18.85,51,0.332,0.543333333,0.5275,4,8.5,0.553333333,0.524,5,8.2,0.573333333,0.522,5,8.2,0.61,0.56,5,10.8,0.55,0.52,4,12.5,13.11111111,13.11111111,3,15.66666667,11.66666667,11.66666667,2,17,12.83333333,12.83333333,2,13.5,16.66666667,16.66666667,2,12,15.66666667,15.66666667,3,14.33333333,0.66,0.66,2,15.5,0.476666667,0.476666667,3,14.33333333,0.61,0.61,3,18.66666667,0.56,0.52,4,11.75,0.47,0.47,3,11.33333333,16.25,11.25,17.5,30.75,28.25,15,13.75,15,25.75,15,5,5,4,5,3,5,4,4,4,3,0.3,0.37,0.44,0.29,0.26,57,55,48,49,46,5,4,3
5a8b1ee2000dab00018cc7cd,7.291666667,25,0.500666667,0.55,4.39047619,26,0.50227619,0.526666667,11.8,12,20.85555556,20.85555556,9,11,4.2,10,15.325,54.2,0.4,0.503333333,0.4925,4,5,0.546666667,0.521666667,6,4.166666667,0.506666667,0.475714286,7,3.285714286,0.53,0.494,5,5,0.546666667,0.5275,4,4.5,19.33333333,19.33333333,2,15,17.77777778,17.77777778,3,10,24.33333333,24.33333333,2,6,21.83333333,21.83333333,2,16,21,21,3,12,0.596666667,0.565,4,8,0.513333333,0.513333333,3,10.66666667,0.586666667,0.49,6,6.166666667,0.516666667,0.435,8,4.625,0.536666667,0.5,4,7,12.5,12.5,23.75,12.5,11.25,13.75,11.25,28.25,13.75,13.75,4,5,4,3,3,4,5,5,4,5,0.27,0.31,0.54,0.45,0.43,63,52,46,51,59,4,3,4
5a44d679f7b7bc00014e020e,5,2,0.295,0.295,6.09047619,31,0.511321429,0.561333333,,,,,,,,,,,,0.616666667,0.552857143,7,4.428571429,0.57,0.49375,8,6,0.53,0.49,7,6.857142857,0.59,0.52,6,5.166666667,0.5,0.5,3,8,,,,,,,,,,,,,,,,,,,,,,,,,,,,,0.295,0.295,2,5,,,,,,,,,,,,,,,,,,,,,,,,,,,,,,,,,,,,,,,,,
5a381de00006450001bf2691,7.366666667,12,0.582666667,0.582666667,1.780952381,21,0.529095238,0.548,5.777777778,9,19.0462963,20.25925926,,,,,,,,0.56,0.545,4,2.25,0.54,0.54,3,1.666666667,0.536666667,0.487142857,7,1.571428571,0.513333333,0.513333333,3,1.666666667,0.59,0.56,4,1.75,18.33333333,18.33333333,2,6,17.88888889,17.88888889,3,4.333333333,,,,,,,,,24.55555556,20.91666667,4,7,0.535,0.535,2,8.5,0.653333333,0.653333333,3,9,0.515,0.515,2,4.5,0.7,0.7,2,9.5,0.51,0.51,3,5.333333333,,,,,,,,,,,,,,,,,,,,,,,,,,,,,,,,,
598c4b28cceb0f0001b39675,10.875,5,0.5575,0.578333333,,,,,,,,,,,,,,,,,,,,,,,,,,,,,,,,,,,,,,,,,,,,,,,,,,,,,,,,,,,,0.43,0.43,1,13,0.726666667,0.685,4,8.75,,,,,,,,,,,,,,,,,,,,,,,,,,,,,,,,,,,,,,,,,
5929c96027ea400001301061,6.833333333,19,0.578,0.612,3.778571429,32,0.529202381,0.575333333,6.233333333,18,19.81111111,21.02222222,10,9,3.4,10,15.05,42.8,0.35,0.593333333,0.542857143,7,2.571428571,0.61,0.558333333,6,3.5,0.566666667,0.508571429,7,3.571428571,0.583333333,0.52375,8,4.25,0.523333333,0.5125,4,5,13.11111111,13.11111111,3,3,22.55555556,21.25,4,9.25,33.11111111,30.41666667,4,9.5,14.77777778,14.77777778,3,1.666666667,21.55555556,19.5,4,7.75,0.516666667,0.516666667,3,7.666666667,0.56,0.48,5,5,0.546666667,0.5,4,3.5,0.663333333,0.663333333,3,9,0.773333333,0.73,4,9,17.5,12.5,19.25,21.25,18.75,12.5,11.25,13.75,13.75,10,7,4,3,4,4,1,1,3,4,3,0.34,0.25,0.36,0.39,0.41,49,26,42,48,49,3,1,5
588ab33542c8e900019d02ae,9.623333333,27,0.503647619,0.582,2.412380952,26,0.510038095,0.548,9.05,21,17.42777778,19.57777778,9,7,5.1,10,14.45,68.4,0.55,0.53,0.492,5,2.4,0.593333333,0.532857143,7,1.428571429,0.52,0.492,5,1.4,0.553333333,0.49,6,1.5,0.543333333,0.543333333,3,5.333333333,22.33333333,20.25,4,8.25,22.11111111,17,6,7.666666667,14.33333333,13.66666667,4,9,23.22222222,20.33333333,4,11,15.88888889,15.88888889,3,9.333333333,0.573333333,0.472,5,12.2,0.53,0.495,4,9.75,0.743333333,0.686,5,12,0.486666667,0.418571429,7,7,0.576666667,0.446666667,6,7.166666667,17.5,16.25,18.25,13.75,16.25,12.5,12.5,12.5,13.75,11.25,8,4,6,4,4,4,6,6,4,5,0.52,0.57,0.59,0.5,0.57,68,72,50,69,83,5,1,1
57c74977b23f0e000182dc3f,6.017142857,37,0.503228571,0.586666667,6.488333333,24,0.551333333,0.58,10.195,27,15.27444444,17.62222222,8,9,4.2,10,17.5,108.6,0.554,0.553333333,0.5475,4,6.5,0.643333333,0.59,5,6.4,0.566666667,0.566666667,3,6.666666667,0.573333333,0.5175,8,8.875,0.563333333,0.535,4,4,14,13.06666667,5,7.6,26,18.41666667,8,9.125,11.66666667,11.66666667,4,6.5,21.55555556,19.5,4,17.75,14.88888889,13.72222222,6,10,0.593333333,0.497142857,7,5.285714286,0.64,0.535,8,5.5,0.626666667,0.507,10,4.3,0.563333333,0.467,10,6,0.51,0.51,2,9,13.75,23.75,17,17,20.75,17,21.25,18.25,10,16.25,5,3,2,4,4,4,9,3,2,6,0.56,0.54,0.51,0.7,0.46,102,99,123,119,100,5,2,2
5751b9a8702d130006285f79,7.466666667,12,0.434,0.434,5.98,14,0.507733333,0.512666667,9.1,9,15.03333333,15.03333333,,8,1.7,10,13.375,51.4,0.266,0.48,0.48,2,2.5,0.53,0.53,3,6.666666667,0.476666667,0.452,5,3.4,0.466666667,0.466666667,3,7.333333333,0.61,0.61,1,10,12,12,3,3,13,13,2,4,22.5,22.5,2,8.5,16,16,1,10,11.66666667,11.66666667,1,20,0.43,0.43,3,9.333333333,0.32,0.32,2,6,0.54,0.54,1,9,0.38,0.38,3,5.666666667,0.5,0.5,3,7.333333333,12.5,13.75,12.5,13.75,11.25,15,11.25,18.75,11.25,13.75,2,1,1,1,3,3,2,1,2,1,0.26,0.3,0.29,0.24,0.24,50,58,53,50,46,5,3,
574aff1b5bef980007af2745,5.330952381,25,0.485714286,0.532,2.562301587,40,0.50590873,0.558,9.55,20,21.24444444,22.55555556,8,12,1,10,12.25,64.8,0.33,0.58,0.531428571,7,1.714285714,0.56,0.49875,8,2.875,0.516666667,0.472222222,9,2.333333333,0.543333333,0.48,9,3.888888889,0.59,0.547142857,7,2,24.77777778,23.75,4,12,16.55555556,15.75,4,7.25,19,19,3,11.33333333,27.11111111,27.11111111,3,10.33333333,25.33333333,20.61111111,6,6.833333333,0.56,0.458571429,7,4.571428571,0.38,0.38,2,2,0.593333333,0.541666667,6,7.833333333,0.61,0.553333333,6,6.5,0.516666667,0.495,4,5.75,10,13.75,20,11.25,10,11.25,13.75,10,11.25,11.25,1,1,1,1,1,1,1,1,1,1,0.24,0.26,0.28,0.38,0.49,52,47,62,83,80,3,3,6
56e225c2ec0fdd000641e72d,8.491428571,24,0.520028571,0.57,4.875,29,0.50025,0.546666667,10.13333333,17,14.11666667,14.66666667,12,8,3.3,10,14.525,68.2,0.438,0.556666667,0.52,5,5,0.653333333,0.55375,8,6.625,0.54,0.495,6,4.5,0.453333333,0.4375,4,4.75,0.53,0.495,6,3.5,12.88888889,12.88888889,3,9,13.11111111,13.11111111,3,11.33333333,13.44444444,13,4,7.75,20.88888889,18.58333333,4,11.25,13,13,3,11.33333333,0.57,0.535,4,9.25,0.57,0.5325,4,9,0.613333333,0.5675,4,8.75,0.48,0.427142857,7,6.857142857,0.616666667,0.538,5,8.6,13.75,11.25,15.75,21.25,16.25,13.75,17,10,11.25,15,4,4,3,3,3,4,4,1,3,4,0.51,0.38,0.44,0.43,0.43,76,69,63,67,66,,5,3
55bb9ae7fdf99b26d27fda01,5.547142857,28,0.510414286,0.588,2.785714286,33,0.475916667,0.532,6.696666667,25,14.68888889,16.91111111,9,9,3.9,10,16.425,58.4,0.37,0.526666667,0.49,6,2.5,0.61,0.52,7,2.428571429,0.493333333,0.465,6,3.333333333,0.536666667,0.45625,8,3,0.493333333,0.448333333,6,2.666666667,15.44444444,13.93333333,5,8.6,16.22222222,14.2,5,6.2,13.44444444,13,4,6.75,16.77777778,14.53333333,5,6.6,22.66666667,17.77777778,6,5.333333333,0.663333333,0.546,5,6.8,0.546666667,0.5,5,4.4,0.623333333,0.514285714,7,5.571428571,0.52,0.444285714,7,5.714285714,0.586666667,0.5475,4,5.25,11.25,15,13.25,13.75,13.75,23.25,12.5,32.75,15,13.75,3,4,4,5,3,5,4,4,3,4,0.27,0.33,0.5,0.33,0.42,70,50,62,43,67,3,3,3
5591cd21fdf99b63126f6c60,11.74666667,20,0.5953,0.626666667,7.793333333,25,0.505666667,0.538666667,28.63333333,10,21.62666667,21.62666667,11,9,5,10,15.925,54.6,0.336,0.573333333,0.535,6,4.166666667,0.533333333,0.481666667,6,5.666666667,0.526666667,0.491666667,6,4.833333333,0.5,0.46,5,3.8,0.56,0.56,2,20.5,24.3,24.3,2,23.5,19.16666667,19.16666667,2,25.5,16,16,2,22.5,29.8,29.8,1,51,18.86666667,18.86666667,3,20.66666667,0.603333333,0.603333333,3,11.33333333,0.593333333,0.5525,4,8,0.656666667,0.656666667,3,16,0.693333333,0.624,5,14.6,0.586666667,0.54,5,8.8,16.25,12.5,20.75,19.5,12.5,13.75,11.25,12.5,18.25,22,4,4,4,6,3,4,4,4,7,10,0.32,0.46,0.34,0.28,0.28,67,55,48,55,48,4,3,2
